Strategy,SeriesLabel,Role,StartEUR,EndEUR,TotalReturn,CAGR,AnnVol,Sharpe,MaxDrawdown,Days
core_buyhold_VWCE.DE,Core (VWCE),core,6000,12300.445706805971,1.0500742844676618,0.13679206584499992,0.13606283676252479,1.0100717832212565,-0.2107142857142864,1412
mid_top10_tsmom_12m,Mid (top-10 TSMOM),mid,11000,46776.812394578126,3.2524374904161935,0.29500870090103715,0.2064400240641551,1.3552722128664874,-0.179330556761231,1412
