Grade,GradeSort,Applications,DefaultRate,AvgPD,Exposure,EL
G1,1,13600,0.49720588235294116,0.43793552235513156,7017704901.0,1378354432.8581223
G2,2,14500,0.27248275862068966,0.19021683587115482,7752910504.5,662715685.3447998
G3,3,21808,0.18286867204695526,0.12064652402733325,11912476554.0,645775605.7509559
G4,4,38698,0.11127190035660757,0.08223806656215317,22158414463.5,819016236.1199441
G5,5,88040,0.04728532485233985,0.05782240234525489,52277825655.0,1358111411.7956665
G6,6,130865,0.012646620563175792,0.04430654861553228,83087752117.5,1654229143.372129
