Sample,SampleSort,AUC,Gini,KS,N
Train,1,0.8703790949069057,0.7407581898138114,0.5800485883001276,197031
Test,2,0.7755616789781986,0.5511233579563972,0.4190986109044412,49258
OOT,3,0.776536605613649,0.553073211227298,0.4255556431444444,61222
