{
  "SampleN": 80000,
  "FullN": 307511,
  "DefaultRate": 0.08072881945686496,
  "TrainN": 197031,
  "TestN": 49258,
  "OotN": 61222,
  "TrainAUC": 0.8703790949069057,
  "TrainGini": 0.7407581898138114,
  "TrainKS": 0.5800485883001276,
  "TestAUC": 0.7755616789781986,
  "TestGini": 0.5511233579563972,
  "TestKS": 0.4190986109044412,
  "TestBrier": 0.06805231143955207,
  "OotAUC": 0.776536605613649,
  "OotGini": 0.553073211227298,
  "OotKS": 0.4255556431444444,
  "OotBrier": 0.06690240956074793,
  "CutoffPD": 0.075,
  "BudgetedBadRate": 0.04,
  "YoudenCutoffPD": 0.07180630050448736,
  "ScorecardGoLive": "2020-05-27",
  "OotApprovalRate": 0.7439319198980758,
  "OotBadRateApproved": 0.03967504665715227,
  "LGD": 0.45,
  "Champion": "LightGBM + Platt calibration",
  "PsiBreachCount": 3,
  "PsiWatchCount": 4,
  "CalibMeanPredictedOOT": 0.08146449054371614,
  "CalibMeanRealizedOOT": 0.07936689425369965
}