SampleN,FullN,DefaultRate,TrainN,TestN,OotN,TrainAUC,TrainGini,TrainKS,TestAUC,TestGini,TestKS,TestBrier,OotAUC,OotGini,OotKS,OotBrier,CutoffPD,BudgetedBadRate,YoudenCutoffPD,ScorecardGoLive,OotApprovalRate,OotBadRateApproved,LGD,Champion,PsiBreachCount,PsiWatchCount,CalibMeanPredictedOOT,CalibMeanRealizedOOT
80000,307511,0.08072881945686496,197031,49258,61222,0.8703790949069057,0.7407581898138114,0.5800485883001276,0.7755616789781986,0.5511233579563972,0.4190986109044412,0.06805231143955207,0.776536605613649,0.553073211227298,0.4255556431444444,0.06690240956074793,0.075,0.04,0.07180630050448736,2020-05-27,0.7439319198980758,0.03967504665715227,0.45,LightGBM + Platt calibration,3,4,0.08146449054371614,0.07936689425369965
