SellerID,OrderN,LateRate,AvgFreight,AvgLeadTime,CustomerStateN,City,State,RiskBand,RecommendedAction,RiskRank
0015a82c2db000af6aaaf3ae2ecb0532,3,0.0,21.02,10.7,2,santo andre,SP,Low volume,Watch — below volume gate,0
001cca7ae9ae17fb1caed9dfb1094831,194,0.0619,44.44,13.4,17,cariacica,ES,Low,Maintain — on-time seller,278
002100f778ceb8431b7a1020ff7ab48f,49,0.1837,16.24,16.3,13,franca,SP,Medium,Review — rising late rate,15
003554e2dce176b5555353e4f3555ac8,1,0.0,19.38,4.0,1,goiania,GO,Low volume,Watch — below volume gate,0
004c9cd9d87a3c30c522c48c4fc07416,155,0.0645,22.58,14.9,18,ibitinga,SP,Low,Maintain — on-time seller,266
00720abe85ba0859807595bbf045a33b,13,0.1538,24.54,11.7,6,guarulhos,SP,Low volume,Watch — below volume gate,0
00ab3eff1b5192e5f1a63bcecfee11c8,1,0.0,12.08,9.0,1,sao paulo,SP,Low volume,Watch — below volume gate,0
00d8b143d12632bad99c0ad66ad52825,1,0.0,51.1,7.0,1,belo horizonte,MG,Low volume,Watch — below volume gate,0
00ee68308b45bc5e2660cd833c3f81cc,133,0.0752,23.93,9.6,10,sao paulo,SP,Low,Maintain — on-time seller,219
00fc707aaaad2d31347cf883cd2dfe10,102,0.0392,22.78,15.2,10,maringa,PR,Low,Maintain — on-time seller,403
010543a62bd80aa422851e79a3bc7540,2,0.0,15.98,9.0,2,sao paulo,SP,Low volume,Watch — below volume gate,0
010da0602d7774602cd1b3f5fb7b709e,1,0.0,230.25,26.0,1,sao bernardo do campo,SP,Low volume,Watch — below volume gate,0
011b0eaba87386a2ae96a7d32bb531d1,1,0.0,29.18,25.0,1,pompeia,SP,Low volume,Watch — below volume gate,0
01266d4c46afa519678d16a8b683d325,3,0.0,15.74,6.0,2,curitiba,PR,Low volume,Watch — below volume gate,0
013900e863eace745d3ec7614cab5b1a,23,0.0,20.42,12.0,9,curitiba,PR,Low volume,Watch — below volume gate,0
014c0679dd340a0e338872e7ec85666a,14,0.1429,44.88,19.8,8,timoteo,MG,Low volume,Watch — below volume gate,0
014d9a685fd57276679edd00e07089e5,10,0.0,18.01,9.1,4,maringa,PR,Low volume,Watch — below volume gate,0
0176f73cc1195f367f7b32db1e5b3aa8,36,0.1111,35.52,13.2,7,ibitinga,SP,Medium,Review — rising late rate,101
01bcc9d254a0143f0ce9791b960b2a47,10,0.0,25.15,12.7,8,uruacu,GO,Low volume,Watch — below volume gate,0
01c97ebb5cdac52891c0ed1c37ba0012,9,0.0,19.83,13.8,4,catanduva,SP,Low volume,Watch — below volume gate,0
01cf7e3d21494c41fb86034f2e714fa1,59,0.0508,33.3,11.8,10,francisco beltrao,PR,Low,Maintain — on-time seller,335
01ed254b9ff8407dfb9d99ba1e17d923,5,0.0,13.54,6.6,3,mogi das cruzes,SP,Low volume,Watch — below volume gate,0
01fd077212124329bac32490e8ef80d9,31,0.0323,19.74,8.0,8,ribeirao preto / sao paulo,SP,Low,Maintain — on-time seller,455
01fdefa7697d26ad920e9e0346d4bd1b,128,0.0547,21.37,10.7,10,londrina,PR,Low,Maintain — on-time seller,313
0241d4d5d36f10f80c644447315af0bd,230,0.0478,28.91,10.9,18,curitiba,PR,Low,Maintain — on-time seller,359
0249d282d911d23cb8b869ab49c99f53,11,0.1818,12.95,10.0,4,sao paulo,SP,Low volume,Watch — below volume gate,0
024b564ae893ce8e9bfa02c10a401ece,2,0.0,106.0,15.5,2,sao paulo,SP,Low volume,Watch — below volume gate,0
028872bfa080090a9d0abd4f1af168f8,1,0.0,47.37,16.0,1,ribeirao das neves,MG,Low volume,Watch — below volume gate,0
02b72cdeb9cfcc429f1af6f4e3f3b737,4,0.0,56.5,12.5,3,ibitinga,SP,Low volume,Watch — below volume gate,0
02c988090b766852e088c69d7fb3b551,12,0.0,17.21,9.4,5,americana,SP,Low volume,Watch — below volume gate,0
02d35243ea2e497335cd0f076b45675d,14,0.2857,48.24,26.1,8,natal,RN,Low volume,Watch — below volume gate,0
02dcd3e8e25bee036e32512bcf175493,13,0.3077,21.66,17.1,5,contagem,MG,Low volume,Watch — below volume gate,0
02ecc2a19303f05e59ce133fd923fff7,21,0.0,23.39,11.0,10,santo andre,SP,Low volume,Watch — below volume gate,0
02f5837340d7eb4f653d676c7256523a,30,0.0333,19.36,9.6,5,curitiba,PR,Low,Maintain — on-time seller,445
02f623a8eb246f3c5f7c2f96462654e6,44,0.0682,18.86,8.4,9,botucatu,SP,Low,Maintain — on-time seller,244
0307f7565ff85b299b6e5ef162b1b1a9,6,0.0,42.83,15.2,4,sao jose do rio preto,SP,Low volume,Watch — below volume gate,0
034b9387752bfa309f350a70cd45ffa3,8,0.0,18.03,8.5,4,blumenau,SC,Low volume,Watch — below volume gate,0
038b75b729c8a9a04b0d07cba7eabe86,2,0.5,45.42,22.5,2,sao jose dos campos,SP,Low volume,Watch — below volume gate,0
039b29ff3b3473435d0cd59040575de9,9,0.0,11.18,9.0,4,ribeirao pires,SP,Low volume,Watch — below volume gate,0
039e6ad9dae79614493083e241147386,5,0.2,69.68,14.4,4,sao paulo,SP,Low volume,Watch — below volume gate,0
03a2a6dcbe45d639c4dc2a0d24769c40,9,0.1111,19.14,10.6,5,maua,SP,Low volume,Watch — below volume gate,0
03bd479e1d9484cdb14104d3023f7321,3,0.0,26.24,20.3,3,uberlandia,MG,Low volume,Watch — below volume gate,0
0417b067eeab773d2f7061a726dc477f,13,0.2308,49.43,17.5,6,sao bento do sul,SC,Low volume,Watch — below volume gate,0
042573af89b6d931f672efaf789d8358,3,0.3333,21.7,20.0,2,sorocaba,SP,Low volume,Watch — below volume gate,0
04308b1ee57b6625f47df1d56f00eedf,92,0.0761,32.05,18.9,19,bombinhas,SC,Low,Maintain — on-time seller,214
0432ead42b6c8a0bdf68154add917fdf,80,0.025,14.85,8.9,17,maua,SP,Low,Maintain — on-time seller,507
044668ccd5316b12a7cf0d54a156e3e9,3,0.0,17.85,7.7,3,osasco,SP,Low volume,Watch — below volume gate,0
04843805947f0fc584fc1969b6e50fe7,1,0.0,74.76,15.0,1,ivoti,RS,Low volume,Watch — below volume gate,0
048c2757535328e0d7dac690ad3c0aae,50,0.12,24.95,18.4,20,franca,SP,Medium,Review — rising late rate,76
04aa0a1c5ce6b222003403a3e11c3cc0,11,0.1818,74.68,17.5,8,cosmopolis,SP,Low volume,Watch — below volume gate,0
04aba03279157f6d4e0fe8ccaf21963c,15,0.0667,21.28,11.5,6,santo antonio de padua,RJ,Low volume,Watch — below volume gate,0
04e38a233f726ef161074ab1c9b0399a,19,0.0526,18.72,12.1,7,sao paulo,SP,Low volume,Watch — below volume gate,0
04ee0ec01589969663ba5967c0e0bdc0,1,0.0,24.83,3.0,1,lajeado,RS,Low volume,Watch — below volume gate,0
04fdea0c111866e6cf812f1570d6b5bd,8,0.125,21.67,17.9,7,sao paulo,SP,Low volume,Watch — below volume gate,0
0509040ea3fe50071181bbc359eb7738,87,0.046,16.21,11.5,17,belo horizonte,MG,Low,Maintain — on-time seller,370
052577151711aec5c744fe12e66db3e1,1,0.0,42.65,14.0,1,rodeio,SC,Low volume,Watch — below volume gate,0
054694fa03fe82cec4b7551487331d74,20,0.3,33.01,30.9,8,itajobi,SP,Low volume,Watch — below volume gate,0
056b4ada5bbc2c50cc7842547dda6b51,64,0.1094,20.04,12.7,13,queimados,RJ,Medium,Review — rising late rate,104
0570350b23eda5444f8d1d9544932058,6,0.0,20.81,5.0,4,sao paulo,SP,Low volume,Watch — below volume gate,0
05730013efda596306417c3b09302475,4,0.0,54.17,9.5,3,criciuma,SC,Low volume,Watch — below volume gate,0
058cb5aeb36d7c0fcae20fc85d5e0a59,11,0.0909,67.98,10.0,7,rio de janeiro,RJ,Low volume,Watch — below volume gate,0
058fd0aa2bfdb2274e05e1ae971dabb6,59,0.0678,14.7,10.2,12,santo andre,SP,Low,Maintain — on-time seller,247
05a48cc8859962767935ab9087417fbb,1,0.0,16.49,11.0,1,sao paulo,SP,Low volume,Watch — below volume gate,0
05a940b4ecae36cadfd8e93bd9c43257,9,0.0,18.78,14.2,7,goiania,GO,Low volume,Watch — below volume gate,0
05aebce0b5c8f0d41b29b686f2d05fd3,2,0.0,22.94,6.0,1,sao paulo,SP,Low volume,Watch — below volume gate,0
05ca864204d09595ae591b93ea9cf93d,1,0.0,8.52,5.0,1,barueri,SP,Low volume,Watch — below volume gate,0
05d2173d43ea568aa0540eba70d2ca76,62,0.0484,27.08,14.9,11,alfenas,MG,Low,Maintain — on-time seller,357
05e107217c7266362fd44b75b2cd4cc4,5,0.2,16.4,8.2,2,sao paulo - sp,SP,Low volume,Watch — below volume gate,0
05f51e13da97139648b8125c31e5f51b,57,0.1579,33.13,12.4,13,belo horizonte,MG,Medium,Review — rising late rate,33
05feb94f19d094d4b0f9281f0b1d4c99,6,0.0,116.17,15.2,5,mogi das cruzes,SP,Low volume,Watch — below volume gate,0
05ff92fedb5be47920fea08e501238b9,57,0.0351,30.66,12.3,19,santo angelo,RS,Low,Maintain — on-time seller,432
062c325cd6a2b87845fab56b4ec2eeae,2,0.0,11.93,5.5,1,sao paulo,SP,Low volume,Watch — below volume gate,0
062ce95fa2ad4dfaedfc79260130565f,54,0.037,23.0,13.6,10,lajeado,RS,Low,Maintain — on-time seller,422
06532f10282704ef4c69168b914b77be,7,0.0,90.4,16.9,5,paincandu,PR,Low volume,Watch — below volume gate,0
06579cb253ecd5a3a12a9e6eb6bf8f47,60,0.0667,23.47,10.0,9,sao paulo - sp,SP,Low,Maintain — on-time seller,251
066a6914e1ebf3ea95a216c73a986b91,64,0.0312,25.77,13.7,10,foz do iguacu,PR,Low,Maintain — on-time seller,470
0691148aee60ca47977c187804f935ae,47,0.0213,35.39,11.9,11,londrina,PR,Low,Maintain — on-time seller,531
0692610d8abe24f287e9fae90ea0bbee,4,0.25,7.93,6.5,1,sao paulo,SP,Low volume,Watch — below volume gate,0
06a2c3af7b3aee5d69171b0e14f0ee87,388,0.1907,31.04,17.7,25,sao luis,MA,Medium,Review — rising late rate,14
06bb3a2fe5e7b7a845b13e8fb91bd944,17,0.0,19.18,8.8,7,belo horizonte,MG,Low volume,Watch — below volume gate,0
06df0c10d34e459d9672bc77388742eb,26,0.0385,20.22,10.1,6,maringa,PR,Low volume,Watch — below volume gate,0
06e5eefc71ec47ae763c5c6f8db7064f,90,0.0,24.26,10.8,15,porto alegre,RS,Low,Maintain — on-time seller,581
07017df32dc5f2f1d2801e579548d620,8,0.0,22.72,10.0,7,joao pessoa,PB,Low volume,Watch — below volume gate,0
070d165398b553f3b4b851c216b8a358,30,0.1333,31.66,12.1,7,sao paulo,SP,Medium,Review — rising late rate,56
0725b8c0f3f906e58f70cbe76b7c748c,16,0.25,45.54,13.0,6,guarulhos,SP,Low volume,Watch — below volume gate,0
0743a0239d764b9a0f959a57d07e36ab,4,0.0,16.57,5.2,3,sao paulo,SP,Low volume,Watch — below volume gate,0
0747d5bb69f0586cc869d8af4c50f93e,12,0.0833,15.12,14.2,7,saquarema,RJ,Low volume,Watch — below volume gate,0
0761743cbffb25d7148189e9f1a5f03a,3,0.0,28.73,13.0,2,ribeirao preto,SP,Low volume,Watch — below volume gate,0
077c5fae4bea9500e3737b16f71b9d3a,4,0.0,17.61,8.2,2,sorocaba,SP,Low volume,Watch — below volume gate,0
0791d9fc1e30678ecf03d3e55fa108d3,5,0.0,37.4,7.6,3,belo horizonte,MG,Low volume,Watch — below volume gate,0
079d295dcbf06ee8bb1b65ba964eb2b6,5,0.0,38.16,8.2,4,sao paulo,SP,Low volume,Watch — below volume gate,0
07a9bc7f61396b658ddf3ac534efe44c,1,0.0,15.59,6.0,1,sao paulo,SP,Low volume,Watch — below volume gate,0
07bf9669d84d1f11be443a9dd938f698,18,0.0,35.9,8.2,9,sao paulo,SP,Low volume,Watch — below volume gate,0
07d75e33f2750d97d467fb57e4dfdd8a,2,0.0,18.6,11.5,2,sao paulo,SP,Low volume,Watch — below volume gate,0
07de60b03d150fb3ea09eab5da5e4c8b,8,0.125,19.4,14.1,3,ibitinga,SP,Low volume,Watch — below volume gate,0
07e8e8fc5222bb358e6f259da3197074,2,0.0,11.53,8.5,2,sao paulo,SP,Low volume,Watch — below volume gate,0
080102cd0a76b09e0dcf55fcacc60e05,120,0.0417,17.93,9.7,19,belo horizonte,MG,Low,Maintain — on-time seller,389
080199a181c46c657dc5aa235411be3b,79,0.0127,13.17,8.0,9,osasco,SP,Low,Maintain — on-time seller,567
08061dc0fc165ed41288cc7acde738ee,4,0.25,14.6,20.0,3,osasco,SP,Low volume,Watch — below volume gate,0
08084d990eb3f53af056ccbc1730c8a7,11,0.0,18.5,8.5,6,sao paulo,SP,Low volume,Watch — below volume gate,0
081acf3de680d554796c9cf041be7bc2,3,0.3333,63.26,16.0,3,vespasiano,MG,Low volume,Watch — below volume gate,0
082e0bf4cb865a6533b1e8e498cc0255,11,0.1818,90.09,14.3,7,botucatu,SP,Low volume,Watch — below volume gate,0
085f6f7e049c996695fb2074fe38d45e,6,0.0,21.76,10.3,4,taubate,SP,Low volume,Watch — below volume gate,0
08633c14ef2db992c11f840f04fad4cd,71,0.0563,18.73,9.9,13,ribeirao pires,SP,Low,Maintain — on-time seller,302
0873d9f8f36123f8d910f4760e788cfb,5,0.4,29.19,14.0,4,barueri,SP,Low volume,Watch — below volume gate,0
0885aaf116795758dfeb5f1032487bcd,25,0.0,20.78,6.0,8,ferraz de vasconcelos,SP,Low volume,Watch — below volume gate,0
0887a9f087bcd5d9f6642b52f897fc6c,12,0.0833,18.36,14.3,8,cananeia,SP,Low volume,Watch — below volume gate,0
08ad4ac1388e4420ca531c3edfc46198,6,0.0,17.88,6.3,3,itapevi,SP,Low volume,Watch — below volume gate,0
08cdbae123ff67ca4e36d9d641ce0119,4,0.5,274.12,24.2,3,uba,MG,Low volume,Watch — below volume gate,0
08d0949a9a17c027262db1f3c450c26c,11,0.0,20.58,14.5,7,cascavel,PR,Low volume,Watch — below volume gate,0
08d1c9478fb0d7d7fcac9c0da4e82fc7,1,0.0,67.57,10.0,1,belo horizonte,MG,Low volume,Watch — below volume gate,0
08d2d642cf72b622b14dde1d2f5eb2f5,16,0.125,19.13,15.3,6,marilia,SP,Low volume,Watch — below volume gate,0
08f5819815f3d06545011850bd70f0a8,3,0.0,23.61,8.0,3,santos,SP,Low volume,Watch — below volume gate,0
091065b789659bc3cd9af9cb3a6253ff,2,0.0,42.68,11.0,2,canoas,RS,Low volume,Watch — below volume gate,0
0936e1837d0c79253456bbb2ffaaef10,1,0.0,31.12,19.0,1,sao paulo,SP,Low volume,Watch — below volume gate,0
093805f8f2aeb63881444571e1f48f30,22,0.0455,15.63,8.2,9,osasco,SP,Low volume,Watch — below volume gate,0
094ced053e257ae8cae57205592d6712,19,0.0,26.32,12.0,8,ribeirao preto,SP,Low volume,Watch — below volume gate,0
0951a6e282947e09cd47969f4ed0b47f,7,0.0,12.57,5.1,4,taboao da serra,SP,Low volume,Watch — below volume gate,0
09883d9ab71c8fe8a9bfc7fc3075b07e,4,0.25,15.12,14.2,3,sao paulo,SP,Low volume,Watch — below volume gate,0
099095b050cfe8eb1ddff5317587e96e,16,0.1875,43.88,11.2,5,sao paulo,SP,Low volume,Watch — below volume gate,0
09bad886111255c5b5030314fc7f1a4a,5,0.0,14.57,6.4,2,sao paulo,SP,Low volume,Watch — below volume gate,0
09f952a5f58d2285b0372551ae8f9b01,46,0.0652,32.43,13.5,13,sao bernardo do campo,SP,Low,Maintain — on-time seller,261
0a198e95d32b1be2da9424c962a6ebfa,1,0.0,16.68,16.0,1,contagem,MG,Low volume,Watch — below volume gate,0
0a82f5fb06a4fe4ac2cf7cb412ec71b8,2,0.0,11.4,5.0,1,sao paulo,SP,Low volume,Watch — below volume gate,0
0a85ebe4e328db81ac9109781205e2f7,12,0.0833,12.59,5.2,3,jundiai,SP,Low volume,Watch — below volume gate,0
0aa2205ca24f113f4658a5c536667426,4,0.0,43.12,8.8,3,sao paulo,SP,Low volume,Watch — below volume gate,0
0ac4201fda2c68ebc0e47cb9423cf3c9,13,0.0769,18.0,12.5,8,sao paulo,SP,Low volume,Watch — below volume gate,0
0ad80de75c811326389cfb1daba7d45e,6,0.0,19.22,9.0,5,rio de janeiro,RJ,Low volume,Watch — below volume gate,0
0adac9fbd9a2b63cccaac4f8756c1ca8,105,0.0571,22.95,13.1,13,louveira,SP,Low,Maintain — on-time seller,293
0ade5cc4a305ed7093a23f68ca47519c,2,0.0,21.2,6.5,2,curitiba,PR,Low volume,Watch — below volume gate,0
0aea4c6ae1505b3228ddf3dd7822ee5b,8,0.25,18.97,18.5,5,sorocaba,SP,Low volume,Watch — below volume gate,0
0af2ab31141893d26aca5a404a537dab,1,0.0,15.51,6.0,1,sao paulo,SP,Low volume,Watch — below volume gate,0
0af977692321d895349eded183341d28,2,0.0,9.74,2.0,1,santos,SP,Low volume,Watch — below volume gate,0
0afccdb8a34ee5c79f7c06faf2b4d56e,24,0.0833,15.48,13.5,8,uberlandia,MG,Low volume,Watch — below volume gate,0
0b0ddbc7b9d9584f442c7ac92b0ff6c9,3,0.0,44.63,12.0,3,guarulhos,SP,Low volume,Watch — below volume gate,0
0b18d63d0cd1d723567903fd34a07df2,9,0.0,29.54,7.2,5,sp,SP,Low volume,Watch — below volume gate,0
0b1ca3ef18a63d7eb0c8897fa0849c08,1,0.0,7.87,6.0,1,sao roque,SP,Low volume,Watch — below volume gate,0
0b35c634521043bf4b47e21547b99ab5,49,0.1633,34.23,19.5,9,teixeira soares,PR,Medium,Review — rising late rate,28
0b36063d5818f81ccb94b54adfaebbf5,1,0.0,18.0,15.0,1,jaragua do sul,SC,Low volume,Watch — below volume gate,0
0b3f27369a4d8df98f7eb91077e438ac,2,0.0,12.44,7.0,1,aruja,SP,Low volume,Watch — below volume gate,0
0b46f784306be7200ca1700aa55d819f,1,0.0,10.96,3.0,1,belo horizonte,MG,Low volume,Watch — below volume gate,0
0b64bcdb0784abc139af04077d49a20e,4,0.0,17.05,8.2,1,canoas,RS,Low volume,Watch — below volume gate,0
0b90b6df587eb83608a64ea8b390cf07,160,0.0375,22.27,14.5,14,maringa,PR,Low,Maintain — on-time seller,416
0bae85eb84b9fb3bd773911e89288d54,134,0.0075,21.96,10.3,12,itajai,SP,Low,Maintain — on-time seller,577
0bb27263628258b8111a0262769fa9db,1,0.0,10.96,42.0,1,sao paulo,SP,Low volume,Watch — below volume gate,0
0bb738e4d789e63e2267697c42d35a2d,28,0.0357,21.13,11.9,9,sao roque,SP,Low volume,Watch — below volume gate,0
0be8ff43f22e456b4e0371b2245e4d01,155,0.0645,16.35,10.3,17,sao paulo,SP,Low,Maintain — on-time seller,267
0bebbb2cea103a4a020c95d43fd7d754,9,0.0,16.35,5.8,4,sao paulo,SP,Low volume,Watch — below volume gate,0
0bf0150d5b9d60d9cd2906003332f085,39,0.1538,28.15,14.1,8,sao paulo,SP,Medium,Review — rising late rate,36
0bfd0b434243adc5c2e1aa6baf19c6aa,6,0.0,16.84,8.5,5,rio de janeiro,RJ,Low volume,Watch — below volume gate,0
0c7533c71df861ec58ad7ff999ed0e8d,59,0.0508,14.99,10.7,13,valinhos,SP,Low,Maintain — on-time seller,336
0c7f30ae9b147eca07affbef92832a6a,5,0.0,17.52,8.6,2,ponta grossa,PR,Low volume,Watch — below volume gate,0
0c8380b62e38e8a1e6adbeba7eb9688c,176,0.0511,23.22,13.1,15,tres coracoes,MG,Low,Maintain — on-time seller,333
0cab2da43793a6f3c5ed8514c5f54627,3,0.0,19.07,4.7,3,curitiba,PR,Low volume,Watch — below volume gate,0
0cbcee27c791afa0cdcb08587a2013a8,37,0.1081,21.18,12.7,9,tres coracoes,MG,Medium,Review — rising late rate,108
0d33a55da925bbf1ff02af5f6059fc7f,21,0.0476,18.55,8.3,7,sao paulo,SP,Low volume,Watch — below volume gate,0
0d4c8269e7f0401201794deef160edd6,3,0.0,33.13,17.3,3,ribeirao preto,SP,Low volume,Watch — below volume gate,0
0d83f8e03188682112cc0d93523705cc,4,0.25,31.08,16.8,3,porto alegre,RS,Low volume,Watch — below volume gate,0
0d85bbda9889ce1f7e63778d24f346eb,51,0.1176,31.85,15.7,16,uberlandia,MG,Medium,Review — rising late rate,83
0daf5180aa44356f60f8effa533b55a2,2,0.0,19.42,8.5,1,goiania,GO,Low volume,Watch — below volume gate,0
0db783cfcd3b73998abc6e10e59a102f,130,0.0385,15.3,11.7,17,santos,SP,Low,Maintain — on-time seller,411
0dd184061fb0eaa7ca37932c68ab91c5,159,0.1069,34.01,11.8,19,guarulhos,SP,Medium,Review — rising late rate,112
0ddefe3c7a032b91f4e25b9c3a08fca1,9,0.0,16.67,7.7,5,sao bernardo do campo,SP,Low volume,Watch — below volume gate,0
0df3984f9dfb3d49ac6366acbd3bbb85,85,0.0118,17.86,9.6,16,betim,MG,Low,Maintain — on-time seller,569
0dfbed20065e425d2eaefb101f9816c0,3,0.3333,16.42,21.7,3,porto ferreira,SP,Low volume,Watch — below volume gate,0
0e44d110fa6a54e121cb2c095a77762f,6,0.1667,11.68,11.8,3,francisco morato,SP,Low volume,Watch — below volume gate,0
0e72c1a751b496722a6cb1f10653b62a,3,0.0,17.1,6.7,3,sao paulo,SP,Low volume,Watch — below volume gate,0
0e982cff76cc0579f632cea8a0e38c9d,5,0.0,20.12,9.0,4,itajai,SC,Low volume,Watch — below volume gate,0
0ea22c1cfbdc755f86b9b54b39c16043,225,0.0089,18.64,11.1,19,sete lagoas,MG,Low,Maintain — on-time seller,575
0eaa7e33d73809f1f925f7d07c506cbd,15,0.0,12.99,5.9,5,santo andre,SP,Low volume,Watch — below volume gate,0
0ebd97a106433a45a4aebe57c1799778,30,0.0,20.9,9.6,13,contagem,MG,Low,Maintain — on-time seller,620
0ec28cec4046a4a199b6de9b4c891d97,3,0.0,18.68,10.7,2,goiania,GO,Low volume,Watch — below volume gate,0
0ed6ce5d87fd9c69eaacaeb778d67235,42,0.1429,15.97,15.9,12,americana,SP,Medium,Review — rising late rate,46
0ee4fb99ac55ffbbc98795aa01b7f8fa,1,0.0,11.03,7.0,1,santana de parnaiba,SP,Low volume,Watch — below volume gate,0
0ef83d7d83ed97cd2a0049ac8be5f88a,47,0.0213,22.17,9.3,8,curitiba,PR,Low,Maintain — on-time seller,532
0f0c984a4a955310903b6b6008660bad,4,0.0,27.89,14.2,3,franca,SP,Low volume,Watch — below volume gate,0
0f519b0d2e5eb2227c93dd25038bfc01,1,0.0,23.0,12.0,1,ibitinga,SP,Low volume,Watch — below volume gate,0
0f7eea709efdf942b5f95c7516dbacd7,3,0.0,14.77,8.3,2,pedrinhas paulista,SP,Low volume,Watch — below volume gate,0
0f80a40c312b2472dca482cf50f5186f,1,0.0,20.1,5.0,1,lencois paulista,SP,Low volume,Watch — below volume gate,0
0f94588695d71662beec8d883ffacf09,1,0.0,18.59,15.0,1,florianopolis,SC,Low volume,Watch — below volume gate,0
0fe2d9733ed841eb064503920015a8c0,3,0.0,36.24,8.7,2,ourinhos,SP,Low volume,Watch — below volume gate,0
0ff83046c3fa22efee8ecf291888b191,10,0.0,25.45,12.6,8,caxias do sul,RS,Low volume,Watch — below volume gate,0
0ffa40d54288e4f3499b8780dd0f144f,33,0.1212,17.69,13.4,13,presidente prudente,SP,Medium,Review — rising late rate,73
10076e5788b8ee532724bcd460baf762,22,0.0455,16.6,10.2,7,batatais,SP,Low volume,Watch — below volume gate,0
10089e9f2fd0c668a8fd4e52e1698888,3,0.0,19.8,7.7,2,sao jose do rio preto,SP,Low volume,Watch — below volume gate,0
101a3a003516bc11253298b2fad3cb65,5,0.0,14.8,6.4,2,rio claro,SP,Low volume,Watch — below volume gate,0
1025f0e2d44d7041d6cf58b6550e0bfa,898,0.0802,37.9,12.4,27,sao paulo,SP,Low,Maintain — on-time seller,195
10264f60a8f0a4d2f30810f5c661c673,4,0.0,10.46,4.0,2,campinas,SP,Low volume,Watch — below volume gate,0
1099a00e0ee3a50935e6c2447ca090c5,3,0.3333,20.38,15.3,2,rio de janeiro,RJ,Low volume,Watch — below volume gate,0
10cdd491d1dbea8fb4ead97b19c334ce,3,0.0,26.29,7.0,2,santa rita do sapucai,MG,Low volume,Watch — below volume gate,0
10ff823eda2b032e2c93d17a7d294736,8,0.0,18.48,9.9,4,pederneiras,SP,Low volume,Watch — below volume gate,0
112453736dbe3889cfb74e1aaa0ba0c1,7,0.0,37.82,13.3,4,sao paulo,SP,Low volume,Watch — below volume gate,0
1127b7f2594683f2510f1c2c834a486b,109,0.0183,16.42,9.3,13,campinas,SP,Low,Maintain — on-time seller,544
11305281b50fff20ae8bb473f8e11876,35,0.1143,42.07,13.6,8,uba,MG,Medium,Review — rising late rate,91
113e3a788b935f48aad63e1c41dac1bd,39,0.0513,17.61,13.2,12,aparecida,SP,Low,Maintain — on-time seller,331
116ccb1a1604bc88e4d234a8c23f33de,60,0.0333,15.52,9.0,11,sao bernardo do campo,SP,Low,Maintain — on-time seller,444
11742f81550ac064cc9a40f67151d9ad,2,0.0,24.56,9.0,1,catanduva,SP,Low volume,Watch — below volume gate,0
117cfc326c6d50da67ca858ff5c0c852,5,0.0,16.3,5.8,3,sao joao de meriti,RJ,Low volume,Watch — below volume gate,0
11938fcc75f6902fea1d0a6f72b54a57,2,0.0,71.08,22.5,2,sao miguel d'oeste,SC,Low volume,Watch — below volume gate,0
119c7f1a00ef43fad0e57604e76a747c,2,0.0,8.51,6.0,1,sao paulo,SP,Low volume,Watch — below volume gate,0
119d1aef1b4144adba89163f6cd9f5d4,4,0.0,51.06,4.5,1,pedreira,SP,Low volume,Watch — below volume gate,0
11bfa66332777660bd0640ee84d47006,76,0.1447,22.14,16.5,17,ribeirao preto,SP,Medium,Review — rising late rate,43
11d4c477d09821164bca4f70a2eae031,3,0.0,19.27,7.0,1,ribeirao preto,SP,Low volume,Watch — below volume gate,0
11eac105f3f90a9b87b19c89d91e24f3,5,0.0,24.99,9.2,4,sao paulo,SP,Low volume,Watch — below volume gate,0
11fb6f6d341adbe19e81733701704635,3,0.0,133.22,5.3,3,sao paulo,SP,Low volume,Watch — below volume gate,0
120476eb7a04c149d14772edaf5d9bf2,4,0.0,37.71,7.8,4,angra dos reis,RJ,Low volume,Watch — below volume gate,0
1284de4ae8aa26997e748c851557cf0e,3,0.0,28.96,19.3,3,laranjeiras do sul,SP,Low volume,Watch — below volume gate,0
128639473a139ac0f3e5f5ade55873a5,524,0.042,18.65,14.3,22,maringa,PR,Low,Maintain — on-time seller,386
128f9bfbe4c7d5185033914b1de3d39a,13,0.0769,19.38,11.8,6,atibaia,SP,Low volume,Watch — below volume gate,0
12a8eb0f8d1cd3270695bf2a99f55966,2,0.0,19.84,20.5,2,sao paulo,SP,Low volume,Watch — below volume gate,0
12b9676b00f60f3b700e83af21824c0e,133,0.0075,26.51,15.0,21,montenegro,RS,Low,Maintain — on-time seller,578
12c2ed9cded6138cf0c75f525f565fc7,3,0.3333,12.59,15.3,2,praia grande,SP,Low volume,Watch — below volume gate,0
13074f016982ff2bd6c58ced8682f000,13,0.2308,59.67,14.9,6,bento goncalves,RS,Low volume,Watch — below volume gate,0
131fcb0a0c9a47bba4474aacff0f14b7,4,0.0,9.15,4.0,1,sao paulo,SP,Low volume,Watch — below volume gate,0
1336efc61c316ddf92c899eb817f7cae,68,0.0882,20.7,12.0,14,assis,SP,Low,Maintain — on-time seller,169
134285d1f41da5c13a756ee8142c8a4e,3,0.0,26.98,8.3,3,sao paulo,SP,Low volume,Watch — below volume gate,0
134a288e7de827ec5ec62e3ec9c3a295,9,0.0,14.06,9.3,5,sao paulo,SP,Low volume,Watch — below volume gate,0
134b867a0f7f8bbe6abf10f91874891e,1,0.0,132.95,13.0,1,valinhos,SP,Low volume,Watch — below volume gate,0
13511db12ac61e2f89c53b72a944a60b,6,0.0,44.33,9.2,4,caxias do sul,RS,Low volume,Watch — below volume gate,0
1352e06ae67b410cdae0b2a22361167b,2,1.0,18.05,34.5,2,rio de janeiro,RJ,Low volume,Watch — below volume gate,0
1354d51653f645349064725ed204e85e,18,0.0,15.82,9.6,7,sao paulo,SP,Low volume,Watch — below volume gate,0
138dbe45fc62f1e244378131a6801526,45,0.0222,14.67,6.4,11,sao paulo,SP,Low,Maintain — on-time seller,520
139157dd4daa45c25b0807ffff348363,1,0.0,7.78,1.0,1,sao paulo,SP,Low volume,Watch — below volume gate,0
13c2ed7698b3ca92dad49e849219da59,8,0.0,19.34,10.9,6,ponta grossa,PR,Low volume,Watch — below volume gate,0
13d058e4eeac2ce8217660b2f8a05812,22,0.0909,41.25,11.4,8,osasco,SP,Low volume,Watch — below volume gate,0
13d95f0f6f73943d4ceffad0fc2cd32c,1,1.0,59.33,22.0,1,goiania,GO,Low volume,Watch — below volume gate,0
13dd308f81fea30cc670c656b2b46cc3,3,0.0,11.15,3.7,2,santa barbara d'oeste,SP,Low volume,Watch — below volume gate,0
13e85aac53340018b40c2af68001b7e0,1,0.0,14.12,18.0,1,pedreira,SP,Low volume,Watch — below volume gate,0
13f57c12a00ed4610db646b913a7f5c6,7,0.1429,25.14,12.3,3,santos,SP,Low volume,Watch — below volume gate,0
13fa2a6c6b9d0f43cb588d7c82117a12,9,0.3333,21.27,21.0,8,sao paulo,SP,Low volume,Watch — below volume gate,0
141440cad9341e553f8401c574a2aa38,11,0.0,26.44,6.7,6,pitanga,PR,Low volume,Watch — below volume gate,0
1430239a858e7682bbc43b20758af153,17,0.0,14.98,7.6,6,sao paulo,SP,Low volume,Watch — below volume gate,0
1444c08e64d55fb3c25f0f09c07ffcf2,1,0.0,69.74,10.0,1,lauro de freitas,BA,Low volume,Watch — below volume gate,0
1464afc72f696af775557a821c2e253f,29,0.0345,15.67,11.5,11,nova friburgo,RJ,Low volume,Watch — below volume gate,0
14a08204d03bb6b6bde8029f801ae0eb,28,0.0,22.16,8.8,12,sao paulo,SP,Low volume,Watch — below volume gate,0
14d7985702e72162bbf13b6beb74ab2b,36,0.1111,14.91,11.1,10,santo andre,SP,Medium,Review — rising late rate,102
14ee35374a7876217954b5fa08e50463,5,0.2,16.52,19.2,3,sao jose do rio preto,SP,Low volume,Watch — below volume gate,0
14f2b3587172b9db894c9bad8dab520b,2,0.0,43.03,14.0,2,ipe,RS,Low volume,Watch — below volume gate,0
152ee17e4c8aaf53dac99f3462e4999b,6,0.0,16.0,10.5,4,garuva,SC,Low volume,Watch — below volume gate,0
154bdf805377afea75a3bd158e9eab10,1,1.0,19.82,25.0,1,ibitinga,SP,Low volume,Watch — below volume gate,0
1554a68530182680ad5c8b042c3ab563,244,0.0615,27.35,14.3,22,monte siao,MG,Low,Maintain — on-time seller,280
157c3e4b42f81ac4a44e8b1ca2fe9876,19,0.1053,23.63,11.6,6,sao paulo,SP,Low volume,Watch — below volume gate,0
1588ac4010787100dddef64568f0ae35,3,0.0,15.33,19.7,2,maringa,PR,Low volume,Watch — below volume gate,0
15aac934c58d886785ac1b17953ea898,25,0.12,26.63,14.2,9,muqui,ES,Low volume,Watch — below volume gate,0
15b3b1b81484422eb41df68ac87f1f50,1,0.0,12.69,15.0,1,bauru,SP,Low volume,Watch — below volume gate,0
15cd6eefe58588619aaed41dfa6621b1,15,0.0667,36.45,15.7,5,ouro preto,MG,Low volume,Watch — below volume gate,0
15ead3a5037a918ddb520dfe39a3d2b9,6,0.1667,23.37,17.3,4,conselheiro lafaiete,MG,Low volume,Watch — below volume gate,0
15fa791d5e017f66402dc28c44480657,8,0.125,22.66,11.4,4,sao paulo,SP,Low volume,Watch — below volume gate,0
160851d3ece7aa1a510f8d1a4bb8a8af,2,0.0,19.55,5.5,2,garca,SP,Low volume,Watch — below volume gate,0
16090f2ca825584b5a147ab24aa30c86,397,0.0806,13.6,9.1,19,atibaia,SP,Low,Maintain — on-time seller,192
160e4f13fd3a64b1b86807be88b5ffb0,4,0.0,23.61,14.5,2,colombo,PR,Low volume,Watch — below volume gate,0
164a5a8794e6d42e14f55e447b12a3bc,1,0.0,62.77,13.0,1,guaira,PR,Low volume,Watch — below volume gate,0
165b1235e9e9942cb5fae67103576fb0,11,0.0909,36.79,7.6,5,ribeirao preto,SP,Low volume,Watch — below volume gate,0
165fc07beebdcb6190fba8a06db2a449,47,0.0851,32.41,12.9,14,maringa,PR,Low,Maintain — on-time seller,183
1660ad786c27fd935378b6192a90b417,11,0.0909,20.6,8.3,6,sao bernardo do campo,SP,Low volume,Watch — below volume gate,0
166e8f1381e09651983c38b1f6f91c11,2,0.0,15.1,14.0,2,imbituba,SC,Low volume,Watch — below volume gate,0
167fd940acebc789debd6eb418c46e38,5,0.2,20.18,15.4,3,franca,SP,Low volume,Watch — below volume gate,0
1690cada046eb7e92c12f98b1f8a8167,10,0.1,23.29,7.2,5,sao paulo,SP,Low volume,Watch — below volume gate,0
16bdc8cefd0e32a6f0824d296c5ad14a,1,0.0,19.32,9.0,1,sp,SP,Low volume,Watch — below volume gate,0
1703bc09972dab9782e7a9194943b69f,1,0.0,106.21,12.0,1,minas gerais,MG,Low volume,Watch — below volume gate,0
1710c3aaa9c6b44ec3883ee0fe300e21,2,0.0,18.83,6.0,2,sao caetano do sul,SP,Low volume,Watch — below volume gate,0
17306570e772e7718c92a562d33f5f1d,27,0.0741,28.98,14.4,7,bariri,SP,Low volume,Watch — below volume gate,0
173d56ffbd4c56cb80fc3615487d712b,2,0.0,19.8,6.5,2,sao vicente,SP,Low volume,Watch — below volume gate,0
1746c1ae87ac63d530c7c943d0ac42e2,1,0.0,22.45,23.0,1,santana de parnaiba,SP,Low volume,Watch — below volume gate,0
1771297ac436903d1dd6b0e9279aa505,28,0.0357,20.9,9.5,9,guarulhos,SP,Low volume,Watch — below volume gate,0
1782ce2db72c3dda627d5e7c898104e1,9,0.1111,23.04,29.3,8,taboao da serra,SP,Low volume,Watch — below volume gate,0
17908cf9b444ee34047cadd5c0f4a516,11,0.0909,45.58,18.9,7,anapolis,GO,Low volume,Watch — below volume gate,0
17998cf586426bf0f2c3726cb0a4b211,1,0.0,21.15,6.0,1,belo horizonte,MG,Low volume,Watch — below volume gate,0
179d859f51292aac5c10806a356f7af9,18,0.0556,21.99,8.8,10,ribeirao pires,SP,Low volume,Watch — below volume gate,0
17a053fcb14bd219540cbde0df490be0,124,0.0565,71.49,12.2,17,mogi guacu,SP,Low,Maintain — on-time seller,301
17ca9b9e9b9ef8fdb529001b49ebb50f,115,0.0087,20.79,8.1,15,betim,MG,Low,Maintain — on-time seller,576
17e34d8224d27a541263c4c64b11a56b,246,0.0772,20.64,14.2,23,riberao preto,SP,Low,Maintain — on-time seller,208
17eea220a40cc0d2c0c5346379682398,3,0.6667,25.33,25.3,3,sao paulo,SP,Low volume,Watch — below volume gate,0
17f51e7198701186712e53a39c564617,55,0.0909,174.69,23.3,17,sao paulo,SP,Low,Maintain — on-time seller,158
180c3376aff0e43dd5788709df48a843,5,0.2,41.99,20.6,5,sao paulo,SP,Low volume,Watch — below volume gate,0
1835b56ce799e6a4dc4eddc053f04066,394,0.1091,21.97,13.4,14,ibitinga,SP,Medium,Review — rising late rate,106
1838dd9b8977065acf51d95e0053ea7a,62,0.0323,19.56,12.7,16,belo horizonte,MG,Low,Maintain — on-time seller,454
184725737946a1a938bbbd1a9e978103,3,0.0,14.62,8.7,3,maua,SP,Low volume,Watch — below volume gate,0
184a67a8f9f63234d3a92340bbdb727f,7,0.0,29.73,17.6,4,joinville,SC,Low volume,Watch — below volume gate,0
186cdd1b2df32caa72cfb410bba768d3,6,0.0,44.71,9.0,4,rio negrinho,SC,Low volume,Watch — below volume gate,0
189ca3538ce9f920cacf0f982cbe223b,4,0.0,15.67,4.2,1,sao paulo,SP,Low volume,Watch — below volume gate,0
18a349e75d307f4b4cc646a691ed4216,108,0.0556,17.48,11.1,16,sao paulo,SP,Low,Maintain — on-time seller,305
18e694e0e48ed6f7aa3f24aade5fd697,31,0.0323,16.27,5.9,7,varzea paulista,SP,Low,Maintain — on-time seller,456
1900267e848ceeba8fa32d80c1a5f5a8,377,0.0875,21.54,13.4,20,ibitinga,SP,Low,Maintain — on-time seller,178
191d55f7edb8524d525ed01b20fe32e8,3,0.3333,21.93,22.3,3,brasilia,DF,Low volume,Watch — below volume gate,0
1927cdb9fa74f5270097f6250e8e8f34,1,0.0,58.92,8.0,1,marilia,SP,Low volume,Watch — below volume gate,0
19484c79cef6c062cb177aa4ef2fcc3c,1,1.0,10.16,21.0,1,valinhos,SP,Low volume,Watch — below volume gate,0
1961c3e1272bfeceb05d0b78b5bbfdaf,2,0.0,19.5,7.0,2,guarulhos,SP,Low volume,Watch — below volume gate,0
1976a05ecf2996d6ffb7b5430e635fe7,8,0.25,49.31,17.5,7,assis,SP,Low volume,Watch — below volume gate,0
1987cd4be10fe09ee50454f9c354d1c6,14,0.0714,18.4,15.3,6,ouro fino,MG,Low volume,Watch — below volume gate,0
198c7ea11960a9844b544d9bcdca860c,25,0.08,19.67,14.6,11,jacutinga,MG,Low volume,Watch — below volume gate,0
1996942dc085d7773ba77a529b163cd0,8,0.0,21.96,10.9,4,pradopolis,SP,Low volume,Watch — below volume gate,0
19a7c9f66ffa6452ff4b4c0cca71da27,1,0.0,59.74,25.0,1,itaipulandia,PR,Low volume,Watch — below volume gate,0
19d62d484cba71963c93f0f00ab42013,1,0.0,22.69,14.0,1,gaspar,SC,Low volume,Watch — below volume gate,0
19e0f40a907ec568c34bfac15de4f4a1,4,0.0,10.4,5.8,2,americana,SP,Low volume,Watch — below volume gate,0
1a3df491d1c4f1589fc2b934ada68bf2,160,0.0375,25.49,14.8,16,joinville,SC,Low,Maintain — on-time seller,417
1a8e2d9c38b84a9702ac7922924b0573,1,0.0,17.0,16.0,1,araquari,SC,Low volume,Watch — below volume gate,0
1a932caad4f9d804097d7f8e615baed1,20,0.15,52.02,9.5,6,sao paulo,SP,Low volume,Watch — below volume gate,0
1acde099eb406aa220b1169b188b42da,9,0.0,16.38,12.0,6,sao paulo,SP,Low volume,Watch — below volume gate,0
1b0b0f4f95e962d6f32fe90c759d0479,2,0.0,11.68,9.5,2,sao paulo,SP,Low volume,Watch — below volume gate,0
1b1ae47a313a825a7ccceb8e2e30fa9d,10,0.0,22.94,10.7,6,bocaiuva do sul,PR,Low volume,Watch — below volume gate,0
1b45169b635ef59425637e9a33eb5fb3,7,0.0,15.78,7.9,1,maringa,PR,Low volume,Watch — below volume gate,0
1b4b28463457a256e9a784ebe2a8f630,1,1.0,15.92,14.0,1,piracicaba,SP,Low volume,Watch — below volume gate,0
1b4c3a6f53068f0b6944d2d005c9fc89,110,0.0455,26.92,14.6,19,sao ludgero,SC,Low,Maintain — on-time seller,372
1b61fb1f0f2185d89e9a126c498e9cc7,1,0.0,16.11,11.0,1,maringa,PR,Low volume,Watch — below volume gate,0
1b65c144b17e607c0f37f10bb7dfec8d,4,0.0,31.34,9.8,1,rio do sul,SC,Low volume,Watch — below volume gate,0
1b7e5006cb25dd23ce8686691013b121,11,0.1818,13.57,15.4,6,sao paulo,SP,Low volume,Watch — below volume gate,0
1b8356dabde1d35e17cef975c3f82730,55,0.0182,17.64,10.5,13,sao paulo,SP,Low,Maintain — on-time seller,546
1b8b75e227c9a9c100d0c210fb6176ce,15,0.0667,13.57,14.9,6,sao paulo,SP,Low volume,Watch — below volume gate,0
1b938a7ec6ac5061a66a3766e0e75f90,29,0.0,30.8,11.3,8,penapolis,SP,Low volume,Watch — below volume gate,0
1bb2bdb95f4841f1bba2c0d2cd83d3c9,79,0.0633,14.15,12.4,12,sao paulo,SP,Low,Maintain — on-time seller,275
1bb3812d5f0747a3ab7348f199001a10,9,0.0,23.91,12.7,7,sao paulo,SP,Low volume,Watch — below volume gate,0
1bc2e21de46adfea6b98cc96b00f3b40,3,0.0,34.2,16.7,3,joinville,SC,Low volume,Watch — below volume gate,0
1c129092bf23f28a5930387c980c0dfc,190,0.0474,15.48,11.8,17,sao paulo,SP,Low,Maintain — on-time seller,365
1c40343cc5d18c2d8248ac2f3366de34,20,0.1,19.43,7.4,8,limeira,SP,Low volume,Watch — below volume gate,0
1c56ffe0e9dea2657fc6e95b53f40b13,3,0.0,28.13,6.7,3,sao carlos,SP,Low volume,Watch — below volume gate,0
1c5e4e49b9079480255b49d50aac1aa9,12,0.0,74.13,8.7,4,santos,SP,Low volume,Watch — below volume gate,0
1c68394e931a64f90ea236c5ea590300,137,0.0365,20.8,16.2,12,sarandi,PR,Low,Maintain — on-time seller,425
1c742ac33582852aaf3bcfbf5893abcf,1,0.0,15.79,6.0,1,belo horizonte,MG,Low volume,Watch — below volume gate,0
1c83418358f249c9d6affa52d579db0e,1,0.0,14.52,10.0,1,sao paulo,SP,Low volume,Watch — below volume gate,0
1ca4bdb0cd7fc48e949bac066188ed26,3,0.3333,121.15,14.0,2,cataguases,MG,Low volume,Watch — below volume gate,0
1ca7077d890b907f89be8c954a02686a,108,0.1667,14.42,15.5,14,santana de parnaiba,SP,Medium,Review — rising late rate,25
1caf283236cd69af44cbc09a0a1e7d32,33,0.0909,18.57,13.7,10,nova iguacu,RJ,Low,Maintain — on-time seller,161
1cbcd2ee0afb3fc09963b87eb65e7e4f,1,0.0,40.65,4.0,1,curitiba,PR,Low volume,Watch — below volume gate,0
1cbd32d00d01bb8087a5eb088612fd9c,11,0.0909,22.19,12.4,9,sp / sp,SP,Low volume,Watch — below volume gate,0
1cbd50a8c52e6cf8e315c5709fab386f,9,0.1111,24.52,19.0,8,fazenda rio grande,PR,Low volume,Watch — below volume gate,0
1cbdc7cf130a41fd13a3c2a7d2fcfda7,2,0.0,29.9,8.5,2,lambari,MG,Low volume,Watch — below volume gate,0
1cd9e0cc1839d55516843def5600816d,5,0.0,20.34,7.6,4,sao paulo,SP,Low volume,Watch — below volume gate,0
1ce3ae5a399804d1a87e706f8a813c3e,38,0.0789,22.79,14.8,9,jaguaruna,SC,Low,Maintain — on-time seller,200
1d0646a72178a6fb37ee8082140e06ec,2,0.0,18.31,7.5,1,joinville,SC,Low volume,Watch — below volume gate,0
1d0997ff06b524ce9289ffd75114ecd3,3,0.3333,42.19,17.0,3,recife,PE,Low volume,Watch — below volume gate,0
1d139e3a3b14025640d8df1b230aace0,2,0.0,17.34,7.5,2,barrinha,SP,Low volume,Watch — below volume gate,0
1d1bbb8ac1581824986f582583fff01d,4,0.25,14.9,9.0,3,indaial,SC,Low volume,Watch — below volume gate,0
1d2732ef8321502ee8488e8bed1ab8cd,4,0.25,20.05,12.0,3,rio de janeiro,RJ,Low volume,Watch — below volume gate,0
1d29dfba02015238dfbe2449a5eaa361,12,0.0833,14.76,15.2,3,vicosa,MG,Low volume,Watch — below volume gate,0
1d4587203296c8f4ad134dc286fa6db0,39,0.0256,15.69,9.3,11,sao paulo,SP,Low,Maintain — on-time seller,504
1d503743d2526f03f0c2c89540ee008c,12,0.0833,17.04,10.9,7,sao paulo,SP,Low volume,Watch — below volume gate,0
1d8dbc4f32378d715c717c1c1fc57bae,90,0.0889,23.89,15.7,13,arapongas,PR,Low,Maintain — on-time seller,168
1d953075c2f0dd990bacf27b83b330f1,1,0.0,19.32,7.0,1,belo horizonte,MG,Low volume,Watch — below volume gate,0
1da366cade6d8276e7d8beea7af5d4bf,42,0.0714,40.43,17.5,10,uba,MG,Low,Maintain — on-time seller,236
1da3aeb70d7989d1e6d9b0e887f97c23,256,0.0469,16.18,8.5,20,sao paulo,SP,Low,Maintain — on-time seller,368
1dc2de47ee26a0a5b12dc14fd6dc0dea,25,0.04,25.29,14.5,9,ibitinga,SP,Low volume,Watch — below volume gate,0
1dcfa3835714681d4ba4a93bc1e0fd41,12,0.0,24.74,15.0,8,birigui,SP,Low volume,Watch — below volume gate,0
1dd33b8119b3cb1056ed5dc88cd0aaf4,8,0.125,16.09,11.0,5,sao paulo,SP,Low volume,Watch — below volume gate,0
1de62b6f2fd96227629786db492433db,1,0.0,21.69,4.0,1,sp,SP,Low volume,Watch — below volume gate,0
1dfe5347016252a7884b694d4f10f5c4,19,0.2632,21.82,19.3,7,ibitinga,SP,Low volume,Watch — below volume gate,0
1e26c56af8d48424e1df0140a2401f83,2,0.0,16.74,5.5,2,jaguariuna,SP,Low volume,Watch — below volume gate,0
1e47d8b6546eb3a77b1acddcc9406242,1,0.0,16.81,35.0,1,campinas,SP,Low volume,Watch — below volume gate,0
1e47defeeadeca0e9a18fa5a9311e735,3,0.0,19.17,12.0,3,catanduva,SP,Low volume,Watch — below volume gate,0
1e483cc5c76fef08d3ca05f9a8af7d01,9,0.0,11.36,8.4,3,sao paulo,SP,Low volume,Watch — below volume gate,0
1e8b33f18b4f7598d87f5cbee2282cc2,119,0.0336,22.47,7.8,13,sao paulo,SP,Low,Maintain — on-time seller,443
1e8c6a4c538f286aee9573239740a4b4,4,0.0,12.52,7.0,2,itatiba,SP,Low volume,Watch — below volume gate,0
1e9d5a33694bddb76316fd1f54734d20,2,0.0,75.47,12.0,2,jaciara,MT,Low volume,Watch — below volume gate,0
1eade46fba20122dc4aefb379f8c636b,58,0.1207,17.9,12.4,13,sao paulo,SP,Medium,Review — rising late rate,74
1f1bb1f0859883505541bdd6606193e5,27,0.1111,19.33,13.8,11,sao paulo,SP,Low volume,Watch — below volume gate,0
1f2eebc0e970fd3c463e4f5d9652687a,1,1.0,8.48,12.0,1,sao paulo,SP,Low volume,Watch — below volume gate,0
1f50f920176fa81dab994f9023523100,1384,0.0896,25.35,15.8,23,sao jose do rio preto,SP,Low,Maintain — on-time seller,165
1f7dfad2cb384ea4d2d7e1ffbd78c407,1,0.0,8.29,6.0,1,sao paulo,SP,Low volume,Watch — below volume gate,0
1f7fd2a6fcd5a6fa5d8a4dabc72aaae0,3,0.0,33.63,7.0,3,venancio aires,RS,Low volume,Watch — below volume gate,0
1f867308a0ce13133a4e639ff4de0c02,6,0.0,32.64,10.8,4,curitiba,PR,Low volume,Watch — below volume gate,0
1f9ab4708f3056ede07124aad39a2554,75,0.0533,31.1,14.6,16,tupa,SP,Low,Maintain — on-time seller,320
1fbe10c70e30765ed1de86d9f7e98409,2,0.0,29.68,13.5,2,maua,SP,Low volume,Watch — below volume gate,0
1fdc574883ef3b33ad41562d93f3a74a,18,0.0556,15.18,11.1,7,limeira,SP,Low volume,Watch — below volume gate,0
1fe5540d7c1c37a595fefbacd5570d9e,20,0.05,29.06,11.8,10,paraiba do sul,RJ,Low volume,Watch — below volume gate,0
1fe61aa5494bd3ae92a2c13e067c810f,1,0.0,100.82,8.0,1,santa cecilia,SC,Low volume,Watch — below volume gate,0
2009a095de2a2a41626f6c6d7722678d,8,0.0,24.42,8.8,4,sao jose do rio preto,SP,Low volume,Watch — below volume gate,0
2039c5e51785b5dde7cf93ccb3b7be2c,1,0.0,13.78,8.0,1,guaira,SP,Low volume,Watch — below volume gate,0
2059c39f76271d4ca3f15b5ffaccc8b8,12,0.0,15.53,9.7,4,curitiba,PR,Low volume,Watch — below volume gate,0
20611af7866c6068fd5ae1f9dbe15c92,2,0.0,57.25,8.5,1,porto ferreira,SP,Low volume,Watch — below volume gate,0
2063dd1b9f568df1c16741ea7d3e6adb,3,0.0,19.06,12.7,3,guarapuava,PR,Low volume,Watch — below volume gate,0
2075d8cd4dd63ff12df0749a5866bb06,3,0.0,19.18,4.7,3,curitiba,PR,Low volume,Watch — below volume gate,0
2089a6d640999f9b9141ac719b2af596,40,0.125,15.59,19.8,11,sao carlos,SP,Medium,Review — rising late rate,68
20a7efa9721046319bdde5d60b6b5365,3,0.0,31.8,19.3,3,laguna,SP,Low volume,Watch — below volume gate,0
20a8b0dc55da94fe74d112082427c84f,7,0.1429,17.71,8.1,5,itu,SP,Low volume,Watch — below volume gate,0
20b54c376b794ed028df09a3cd88e8dc,7,0.2857,16.31,21.1,6,sao caetano do sul,SP,Low volume,Watch — below volume gate,0
20cb7c2fde3e5bf10f0bbe7394e1c6a9,31,0.0968,25.17,12.4,6,andira-pr,PR,Low,Maintain — on-time seller,137
20d53aad4fe5ee93a64f8839609d3586,1,1.0,12.48,39.0,1,santa rita do sapucai,MG,Low volume,Watch — below volume gate,0
20d83f3ef0e6925fd74bfd59170babf7,37,0.0541,16.92,9.0,12,sao paulo,SP,Low,Maintain — on-time seller,317
20f0aeea30bc3b8c4420be8ced4226c0,1,1.0,14.52,45.0,1,santa barbara d'oeste,SP,Low volume,Watch — below volume gate,0
2138ccb85b11a4ec1e37afbd1c8eda1f,380,0.0474,15.54,11.4,26,sao paulo,SP,Low,Maintain — on-time seller,364
213b25e6f54661939f11710a6fddb871,138,0.0725,21.98,15.6,16,salto,SP,Low,Maintain — on-time seller,230
213fafb0ca06fb3d5886579c2565791b,3,0.0,9.05,4.0,1,sete lagoas,MG,Low volume,Watch — below volume gate,0
2156f2671501a81034d7d07f217609d0,21,0.1429,18.74,15.2,11,sp,SP,Low volume,Watch — below volume gate,0
217f005bb37ff3aeef5b2ae1788e75ba,2,0.0,15.08,14.5,2,osasco,SP,Low volume,Watch — below volume gate,0
218d46b86c1881d022bce9c68a7d4b15,376,0.0878,19.88,14.0,23,ribeirao preto,SP,Low,Maintain — on-time seller,174
218f991754f360af9c2daa5e0b8e990c,14,0.1429,18.94,13.9,5,sao paulo,SP,Low volume,Watch — below volume gate,0
2199e7fe213c16213bf5d6a7eadc9a5d,24,0.0417,22.58,10.8,5,registro,SP,Low volume,Watch — below volume gate,0
21c62b998a043ebe31161d38f84929fc,4,0.0,22.71,13.5,3,fortaleza,CE,Low volume,Watch — below volume gate,0
21d59342ba150175ca2aa4f8faddeca6,1,0.0,53.47,11.0,1,itaquaquecetuba,SP,Low volume,Watch — below volume gate,0
21e83881401b92b49fb09a16d3852291,12,0.0,41.42,10.9,5,uberlandia,MG,Low volume,Watch — below volume gate,0
2235cf78d3e2073a88146a9cb60f0dd0,1,0.0,25.77,15.0,1,sao paulo,SP,Low volume,Watch — below volume gate,0
226b05fe067266c59c15dae208213d06,10,0.0,18.87,10.2,5,curitiba,PR,Low volume,Watch — below volume gate,0
228e4c1a0be164f613d41c24345f9d2c,5,0.0,45.95,11.0,4,bandeirantes,PR,Low volume,Watch — below volume gate,0
229c3efbfb0ea2058de4ccdfbc3d784a,118,0.0169,19.5,10.7,15,belo horizonte,MG,Low,Maintain — on-time seller,549
22a23e5ac7061fc538cc2a019afaaf16,1,0.0,14.42,11.0,1,belo horizonte,MG,Low volume,Watch — below volume gate,0
22c32ec35d0116ef02c281798a25bf8b,4,0.0,22.61,11.2,3,maringa,PR,Low volume,Watch — below volume gate,0
2305ab43e846518f58dd9d59f3f54e96,3,0.0,14.12,12.0,2,sao paulo,SP,Low volume,Watch — below volume gate,0
232a6014e7b10cba61c6c2b2ea6bb4b0,32,0.0312,37.41,13.7,18,cafelandia,SP,Low,Maintain — on-time seller,472
23613d49c3ac2bd302259e55c06c050c,66,0.0909,30.82,14.1,12,porto ferreira,SP,Low,Maintain — on-time seller,156
236585a4ddb5fea9fa40233e2249ed91,11,0.0909,17.1,13.0,5,caxias do sul,RS,Low volume,Watch — below volume gate,0
2379bdc3888025689a9deb7b141507d5,9,0.2222,14.01,18.2,3,mogi mirim,SP,Low volume,Watch — below volume gate,0
238fac594e170b59c6d228f5a4f4f1d9,28,0.1071,48.96,11.9,7,dois corregos,SP,Low volume,Watch — below volume gate,0
23a0ffca143a15b9b5bbdb7d552f626a,22,0.1364,24.81,11.5,10,sao pedro,SP,Low volume,Watch — below volume gate,0
23c38debaffe4a25a30fdbd9b586a13f,40,0.125,20.1,11.6,10,votorantim,SP,Medium,Review — rising late rate,69
23ca5f678e0b3ea6c630b30fa8bf51ea,6,0.0,16.07,7.5,4,sao paulo,SP,Low volume,Watch — below volume gate,0
23d7c96d4a1160db1c726b248601b25a,50,0.1,25.78,13.0,13,capivari,SP,Medium,Review — rising late rate,125
23ff42c4bf1f8f16cddb19d8b972974a,2,0.0,26.48,11.5,2,itau de minas,MG,Low volume,Watch — below volume gate,0
240b9776d844d37535668549a396af32,35,0.0286,23.99,11.3,8,niteroi,RJ,Low,Maintain — on-time seller,485
244b04680fdbded0acf5aebd9c92b44a,2,0.5,43.5,38.0,2,jundiai,SP,Low volume,Watch — below volume gate,0
244c2f1bff6afe1f2eaf9bfe9b2aed38,23,0.087,52.82,13.8,5,mogi das cruzes,SP,Low volume,Watch — below volume gate,0
247587846358bb1d2e4c6522020b36fe,1,0.0,22.51,5.0,1,sao jose do rio preto,SP,Low volume,Watch — below volume gate,0
2493dc3f20131696a0ecdb9948051a8d,4,0.0,17.67,9.5,3,brasilia,DF,Low volume,Watch — below volume gate,0
249f0e9905a6e06ad6c6bea7547ab9f6,2,0.0,13.91,5.5,2,rio de janeiro,RJ,Low volume,Watch — below volume gate,0
24a6daf925d9d591870a66660416de31,2,0.0,15.04,13.5,2,robeirao preto,SP,Low volume,Watch — below volume gate,0
24c1de8d9551c0b4fbc53317d53efda8,1,0.0,57.12,13.0,1,serra redonda,PB,Low volume,Watch — below volume gate,0
2528513dd95219a6013d4d05176e391a,153,0.0392,23.89,10.5,18,osasco,SP,Low,Maintain — on-time seller,402
2528744c5ef5d955adc318720a94d2e7,5,0.0,52.74,10.0,3,jundiai,SP,Low volume,Watch — below volume gate,0
252e76235acb79183cfca6e34f13337d,2,0.0,14.94,12.5,2,campinas,SP,Low volume,Watch — below volume gate,0
253c025bab43881055aeecde5e2d8b77,2,0.5,14.76,17.0,1,curitiba,PR,Low volume,Watch — below volume gate,0
253f95b3a0e6983ae18aed49fbc2b845,5,0.0,18.29,9.0,3,sao paulo,SP,Low volume,Watch — below volume gate,0
257e61d3251fb5efb9daadddbc2cf7ca,12,0.0,89.76,8.1,7,apucarana,PR,Low volume,Watch — below volume gate,0
258447aad3f7b01e2643c89f64dc5647,1,0.0,19.55,8.0,1,cianorte,PR,Low volume,Watch — below volume gate,0
259f7b5e6e482c230e5bfaa670b6bb8f,134,0.0149,19.86,8.6,14,poa,SP,Low,Maintain — on-time seller,558
25be943a321c8938947bdaabca979a90,3,0.0,31.88,3.0,1,sao bernardo do campo,SP,Low volume,Watch — below volume gate,0
25c5c91f63607446a97b143d2d535d31,148,0.0743,44.56,14.6,17,itauna,MG,Low,Maintain — on-time seller,222
25cf099de44674fde97473224f9d59ab,50,0.04,14.1,9.3,14,cotia,SP,Low,Maintain — on-time seller,399
25debeafbce801fdd479539350185eee,5,0.0,24.69,15.0,4,igaracu do tiete,SP,Low volume,Watch — below volume gate,0
25e47381a6c510ddeb36084e33b89f0c,16,0.0,17.63,10.1,9,praia grande,SP,Low volume,Watch — below volume gate,0
25e6ffe976bd75618accfe16cefcbd0d,106,0.0283,16.4,10.1,16,sao paulo,SP,Low,Maintain — on-time seller,489
262237171f48e85819065498cac80d7b,4,0.0,37.5,11.0,3,brusque,SC,Low volume,Watch — below volume gate,0
2646baaf662d4d92ac48f047e35db92d,15,0.0667,19.09,5.5,5,sao paulo,SP,Low volume,Watch — below volume gate,0
26562f211dd1364af2a8596dc945e8ae,2,0.0,8.06,2.0,1,sao bernardo do campo,SP,Low volume,Watch — below volume gate,0
265fdc289dffa9f1ad801c74f7d0de47,1,0.0,51.55,7.0,1,jaci,SP,Low volume,Watch — below volume gate,0
26785a546900236d66f2e4197c211158,15,0.0,15.03,5.7,5,sao paulo,SP,Low volume,Watch — below volume gate,0
269c5fc9fcadee614364c3620c30a1f9,3,0.0,15.04,4.7,1,guarulhos,SP,Low volume,Watch — below volume gate,0
269cff2d3c8d205c11f37a52402ea93b,4,0.0,33.35,7.0,1,catanduva,SP,Low volume,Watch — below volume gate,0
26af45f5dfd967225a832838aa4e24a3,8,0.0,17.19,10.1,5,curitiba,PR,Low volume,Watch — below volume gate,0
26b482dccfa29bd2e40703ba45523702,3,0.0,22.54,3.3,3,santa barbara d´oeste,SP,Low volume,Watch — below volume gate,0
26bad72add1f86e08a776ce4ffdaf1ca,7,0.0,17.7,10.7,4,pedregulho,SP,Low volume,Watch — below volume gate,0
26d6bbee02420494d471c9f6436929c0,12,0.0,20.6,8.2,8,curitiba,PR,Low volume,Watch — below volume gate,0
26d8a1c7c75d513045798992ead43aa2,34,0.0882,19.22,12.6,7,apucarana,PR,Low,Maintain — on-time seller,170
26e13b6ff5b641b329e5524241ee2c93,3,0.0,14.68,7.0,2,franca,SP,Low volume,Watch — below volume gate,0
26e2c91ef821e1ff8985f408788fe35b,12,0.4167,22.87,26.1,8,ibitinga,SP,Low volume,Watch — below volume gate,0
26e2e5033827d2ba53929f43e03d8ffe,1,0.0,15.29,5.0,1,sao paulo,SP,Low volume,Watch — below volume gate,0
26f6b7ab07be3e9e69ce82a6552efc19,2,0.5,12.98,10.5,2,rio de janeiro,RJ,Low volume,Watch — below volume gate,0
270297ead4c65a6cd2593960d2af6b21,17,0.0,33.79,14.3,9,sao paulo,SP,Low volume,Watch — below volume gate,0
270572bb714b00531be85e16e1550f26,1,0.0,14.77,11.0,1,maua,SP,Low volume,Watch — below volume gate,0
2709af9587499e95e803a6498a5a56e9,24,0.125,22.86,11.5,10,sao paulo,SP,Low volume,Watch — below volume gate,0
270d3ef21830ad0ecf3a6c53d08a533a,5,0.0,43.52,11.4,1,carapicuiba,SP,Low volume,Watch — below volume gate,0
271b8923c6a549e02d3c9fd1f8c0422b,1,1.0,13.4,14.0,1,praia grande,SP,Low volume,Watch — below volume gate,0
271c58a1d139c45eaf3316107c6d3a3b,27,0.0741,23.52,13.1,12,sao paulo,SP,Low volume,Watch — below volume gate,0
272f092de69afedd4d2969440b37f18f,24,0.0,21.86,10.3,11,sao paulo,SP,Low volume,Watch — below volume gate,0
2745f798279e0ed033addcc1474776d7,31,0.0968,21.7,13.5,10,sao paulo,SP,Low,Maintain — on-time seller,138
276677b5d08786d5dce7c2149dcce48b,31,0.0645,24.69,12.0,10,belo horizonte,MG,Low,Maintain — on-time seller,270
27a56ff04b34c2ba34ce6ba4d3b9d616,8,0.125,12.87,12.9,5,campinas,SP,Low volume,Watch — below volume gate,0
282c7480173bb9c01dd41cc739fec010,5,0.2,38.42,14.4,5,sao paulo,SP,Low volume,Watch — below volume gate,0
282f23a9769b2690c5dda22e316f9941,98,0.0408,19.36,11.1,16,belo horizonte,MG,Low,Maintain — on-time seller,396
28405831a29823802aa22c084cfd0649,6,0.0,12.14,7.2,3,sao paulo,SP,Low volume,Watch — below volume gate,0
28872dc528e978a639754bc8c2ce5a4c,1,0.0,29.0,4.0,1,caxias do sul,RS,Low volume,Watch — below volume gate,0
289cdb325fb7e7f891c38608bf9e0962,104,0.0192,19.14,6.7,13,belo horizonte,SP,Low,Maintain — on-time seller,540
28a26ebce31d5918b181ede016fd693b,1,0.0,17.14,11.0,1,belo horizonte,MG,Low volume,Watch — below volume gate,0
28c7d8743fbc8679f484868cc0fcaefb,3,0.0,22.95,13.3,3,itaporanga,SP,Low volume,Watch — below volume gate,0
28d162ab86bb49d719c32f0ee6186eaa,1,0.0,17.21,16.0,1,ribeirao preto,SP,Low volume,Watch — below volume gate,0
28ea411b354f14b1a494be4e79f0ce02,6,0.0,12.82,9.2,3,sao paulo,SP,Low volume,Watch — below volume gate,0
28f10b1c5e5abb9d4857745bede6147c,28,0.1429,12.52,7.6,9,sao paulo,SP,Low volume,Watch — below volume gate,0
28fb0829fd777877cdc350d25cb5bd5b,2,0.0,21.04,14.0,2,sao jose do rio pret,SP,Low volume,Watch — below volume gate,0
293dee954235e4e4e43f129313625ebe,8,0.0,30.04,14.5,6,brasilia,DF,Low volume,Watch — below volume gate,0
2953ce3a88f5e3c3b696d77fc9e4c8eb,14,0.0714,11.52,8.0,4,sao paulo,SP,Low volume,Watch — below volume gate,0
296729ffb9b684050dd24836dac4494a,2,0.0,17.8,7.0,2,curitiba,SP,Low volume,Watch — below volume gate,0
297d5eccd19fa9a83b2630071ff105e4,8,0.0,17.72,7.0,7,curitiba,PR,Low volume,Watch — below volume gate,0
299c89a525fee36c567f4fe72f038100,1,0.0,53.67,10.0,1,varzea alegre,CE,Low volume,Watch — below volume gate,0
29c322e3f09f886f8bacbe91dfbd979e,1,0.0,113.17,7.0,1,santa maria,RS,Low volume,Watch — below volume gate,0
29e6e05b65f93bc224c644319dc52ecf,4,0.0,20.83,6.8,3,juiz de fora,MG,Low volume,Watch — below volume gate,0
29fe9f200d3fa0c668d2aa1ec7e08dfb,5,0.0,22.83,10.6,5,balneario camboriu,SC,Low volume,Watch — below volume gate,0
2a1348e9addc1af5aaa619b1a3679d6b,48,0.2708,17.12,27.3,12,belo horizonte,MG,High,Intervene — high late rate,4
2a167ca73899c85001a837d8fb4962f6,2,0.0,50.31,6.5,2,sao paulo,SP,Low volume,Watch — below volume gate,0
2a261b5b644fa05f4f2700eb93544f2c,47,0.1702,39.52,14.5,11,porto ferreira,SP,Medium,Review — rising late rate,23
2a50b7ee5aebecc6fd0ff9784a4747d6,1,1.0,64.44,40.0,1,brasilia,DF,Low volume,Watch — below volume gate,0
2a5b78b41cd05baeac8df54c6606b92c,46,0.0217,22.67,9.0,7,formiga,MG,Low,Maintain — on-time seller,527
2a61c271b1ac763450d846849783e922,17,0.1765,28.37,18.5,11,santo andre,SP,Low volume,Watch — below volume gate,0
2a6fbeaa7ab9e5d59a35841a8da71ce4,29,0.069,22.45,14.7,9,jaragua do sul,SC,Low volume,Watch — below volume gate,0
2a73cba571d90c694b7caca072ccf6ce,1,0.0,38.7,21.0,1,sao caetano do sul,SP,Low volume,Watch — below volume gate,0
2a7c6c0b0d5efde2bf75ec1e1cec2d41,3,0.0,14.81,10.3,3,maringa,PR,Low volume,Watch — below volume gate,0
2a7dc43cecabf23403078e2188437d1d,52,0.0577,16.6,13.0,14,sao paulo,SP,Low,Maintain — on-time seller,292
2a84855fd20af891be03bc5924d2b453,153,0.0261,21.2,8.6,18,belo horizonte,MG,Low,Maintain — on-time seller,501
2aa3443d7bf9d9bb11133f420d75e083,10,0.2,13.41,10.5,6,rio de janeiro,RJ,Low volume,Watch — below volume gate,0
2aafae69bf4c41fbd94053d9413e87ee,2,0.0,20.7,9.0,2,porto alegre,RS,Low volume,Watch — below volume gate,0
2addf05f476d0637864454e93ba673d5,12,0.0,27.14,10.4,6,brasilia,DF,Low volume,Watch — below volume gate,0
2b03ac196f5ed62ac483960fe0fa3b65,7,0.1429,13.16,12.7,5,sao paulo,SP,Low volume,Watch — below volume gate,0
2b1a40c1daabc6ca280c4b815c101841,22,0.0455,83.32,13.4,8,divinopolis,MG,Low volume,Watch — below volume gate,0
2b2fed75b8e5ea3a052fc4c0825da485,3,0.0,19.98,5.7,3,juiz de fora,MG,Low volume,Watch — below volume gate,0
2b3b9ce054da76a7428df143a567b156,5,0.0,26.28,8.0,4,sao paulo,SP,Low volume,Watch — below volume gate,0
2b3e4a2a3ea8e01938cabda2a3e5cc79,51,0.0,17.76,8.7,16,sao paulo,SP,Low,Maintain — on-time seller,592
2b402d5dc42554061f8ea98d1916f148,1,0.0,63.9,6.0,1,irece,BA,Low volume,Watch — below volume gate,0
2b5ed0c9139dae8883a200dfcb272ece,4,0.25,14.84,16.8,2,sao paulo,SP,Low volume,Watch — below volume gate,0
2ba91c7ad80ff88b23b7db823b43c233,6,0.1667,16.66,18.8,4,itu,SP,Low volume,Watch — below volume gate,0
2bd05d410a8fd26dc4184a15f4f2f588,6,0.0,33.09,10.2,5,belo horizonte,MG,Low volume,Watch — below volume gate,0
2bdb95a56a36ebbc6640337ac5eac174,1,0.0,18.0,6.0,1,sao paulo,SP,Low volume,Watch — below volume gate,0
2be17df1c49978426251562096c3cc09,15,0.0667,18.03,12.3,7,tubarao,SC,Low volume,Watch — below volume gate,0
2bf28e311bba65237358230cabac3f15,7,0.2857,26.27,11.4,5,londrina,PR,Low volume,Watch — below volume gate,0
2bf6a2c1e71bbd29a4ad64e6d3c3629f,30,0.0667,33.35,13.6,11,nova friburgo,RJ,Low,Maintain — on-time seller,253
2c00c85d30361cd2ced2969cffbbffa3,1,0.0,7.71,2.0,1,belo horizonte,MG,Low volume,Watch — below volume gate,0
2c2c9832d1bb38c5b0034a3b47d313ee,1,0.0,18.45,12.0,1,santa maria,RS,Low volume,Watch — below volume gate,0
2c3d56f92f360fb89d849b84e8f50eae,7,0.1429,15.97,13.6,4,barueri,SP,Low volume,Watch — below volume gate,0
2c43fb513632d29b3b58df74816f1b06,3,0.0,24.06,4.7,2,belo horizonte,MG,Low volume,Watch — below volume gate,0
2c4c47cb51acd5ea5db5e0ae0e26542a,12,0.0,28.92,10.7,4,buritama,SP,Low volume,Watch — below volume gate,0
2c538755f1ca9540af144f266e70df6c,1,0.0,24.92,6.0,1,castro pires,MG,Low volume,Watch — below volume gate,0
2c54051840f19eca309a5423cf22df36,2,0.0,14.28,8.5,2,curitiba,PR,Low volume,Watch — below volume gate,0
2c9005d8043aff18b8557ffb7b13cda4,1,0.0,19.74,8.0,1,cachoeiro de itapemirim,ES,Low volume,Watch — below volume gate,0
2c9e548be18521d1c43cde1c582c6de8,124,0.1532,19.99,13.6,12,mogi das cruzes,SP,Medium,Review — rising late rate,37
2cb4700db635baa1c0d4f90ed27b6669,2,0.0,14.46,16.5,2,curitiba,PR,Low volume,Watch — below volume gate,0
2cb6eb1b7185064167657fa09f541105,6,0.0,27.46,8.2,4,sabara,MG,Low volume,Watch — below volume gate,0
2cb98e27ce1c18abdb42209b34c382a7,1,0.0,57.21,19.0,1,ribeirao preto,SP,Low volume,Watch — below volume gate,0
2d20f1cd18725c91147da0791d498022,1,0.0,19.89,10.0,1,londrina,PR,Low volume,Watch — below volume gate,0
2d22fc3089eb907b29ebff50581fb472,3,0.0,19.9,9.7,3,macae,RJ,Low volume,Watch — below volume gate,0
2d2322d842118867781fc737e96d59a1,8,0.125,13.12,8.0,2,sao paulo,SP,Low volume,Watch — below volume gate,0
2d2c62bef4c8ba0dd74e0e228e808539,16,0.125,30.09,10.2,5,ribeirao preto,SP,Low volume,Watch — below volume gate,0
2d34636518ba88f5349b732fcf8ba2e4,1,0.0,18.63,11.0,1,sao paulo,SP,Low volume,Watch — below volume gate,0
2d378dbb39815785238c0139c7647fb7,2,0.0,150.22,19.5,2,sao francisco do sul,SC,Low volume,Watch — below volume gate,0
2d42ebcda99fd55f6f4bc2f1ca035d50,10,0.0,28.25,9.5,5,uruacu,GO,Low volume,Watch — below volume gate,0
2d50d6282f8aa2257819a77bfaa0efe0,42,0.0952,21.71,13.6,9,ibitinga,SP,Low,Maintain — on-time seller,140
2d518637f53161b973e01f56ea4bb88e,13,0.0,24.6,13.5,11,sao paulo,SP,Low volume,Watch — below volume gate,0
2d8cfba3fcd3170555941605edaa196a,1,0.0,10.96,5.0,1,osasco,SP,Low volume,Watch — below volume gate,0
2d9e8987a2ea5cf88dce330249043ff1,2,0.0,52.18,8.5,1,jaci,SP,Low volume,Watch — below volume gate,0
2dcf93836ae3ce0d7c93e2f10876467a,9,0.2222,21.34,6.6,4,sao jose dos campos,SP,Low volume,Watch — below volume gate,0
2dd1fb6f0e42a2243b8a01e40cd41216,3,0.0,26.81,13.7,3,curitiba,PR,Low volume,Watch — below volume gate,0
2dee2ce60de9709b1a24083217181a1f,54,0.0185,38.15,14.1,15,sinop,MT,Low,Maintain — on-time seller,543
2e0dba2da448400b1c11d7b4b22f32a4,7,0.0,24.55,9.0,4,santo andre,SP,Low volume,Watch — below volume gate,0
2e13c71026e1a39ba5cc1b86dcb679aa,24,0.0417,22.25,10.6,11,sao paulo,SP,Low volume,Watch — below volume gate,0
2e1a7d075abe038c1b2743005fe42ff1,17,0.1765,17.91,12.2,6,sao paulo,SP,Low volume,Watch — below volume gate,0
2e1c9f22be269ef4643f826c9e650a52,160,0.0625,14.62,9.8,18,sao paulo,SP,Low,Maintain — on-time seller,276
2e2f44824ab87a0cb961f68bf4073e7f,1,0.0,17.93,11.0,1,curitiba,PR,Low volume,Watch — below volume gate,0
2e3be8a987a30d7544dbbda6861cc14e,14,0.0714,19.86,14.5,7,belo horizonte,MG,Low volume,Watch — below volume gate,0
2e7ea2aafec5835e781b21d6d1faf1f1,7,0.1429,16.89,7.1,3,sao paulo,SP,Low volume,Watch — below volume gate,0
2e90cb1677d35cfe24eef47d441b7c87,126,0.127,22.88,12.5,18,sao paulo,SP,Medium,Review — rising late rate,66
2ea0861cc19e94cad86438c984c52da4,6,0.0,10.59,5.2,2,sao paulo,SP,Low volume,Watch — below volume gate,0
2eb70248d66e0e3ef83659f71b244378,185,0.1135,16.23,18.1,21,campinas,SP,Medium,Review — rising late rate,94
2ec6e37d992a95eaddb3369dcbcc76d9,1,0.0,17.13,12.0,1,porto alegre,RS,Low volume,Watch — below volume gate,0
2ee0a0689f2f6a72f35a7cb6033f6e7e,4,0.0,13.21,9.8,2,presidente prudente,SP,Low volume,Watch — below volume gate,0
2eeb6531ee027a48d401e72bebdd87d3,3,0.0,13.33,12.3,3,sao jose dos campos,SP,Low volume,Watch — below volume gate,0
2ef086a599b597572aca4433b7ed6b3d,1,0.0,15.1,11.0,1,jaragua do sul,SC,Low volume,Watch — below volume gate,0
2f09f7d37a97956d11cc1a7cadd5262b,7,0.1429,22.05,12.9,3,ribeirao preto,SP,Low volume,Watch — below volume gate,0
2f1e7b90e01d9f086cbcb301c0c3d406,1,0.0,12.66,8.0,1,blumenau,SC,Low volume,Watch — below volume gate,0
2f3d8b4c9e2ee165075331fea3f3095a,1,0.0,17.35,12.0,1,sao jose,SC,Low volume,Watch — below volume gate,0
2f4b0d3b9634b647d4edee577d7ebb7e,10,0.0,8.44,6.0,1,sao paulo,SP,Low volume,Watch — below volume gate,0
2f4b9d112bfa44a214bc6cef085d17c8,5,0.0,23.85,14.8,4,afonso claudio,ES,Low volume,Watch — below volume gate,0
2f73e04d12cdf0c945ded66bb3fcf6c7,3,0.0,33.95,14.0,1,cachoeiro de itapemirim,ES,Low volume,Watch — below volume gate,0
2f74af7a0ee5636f12c2336f9fffed47,13,0.0,12.6,9.7,6,sao paulo,SP,Low volume,Watch — below volume gate,0
2f9b7ce230a057a98a9f5df5893ee36c,2,0.0,15.02,10.5,2,barueri,SP,Low volume,Watch — below volume gate,0
2fa13c8bd5705d279f7ed5cc9ec61c68,2,0.0,30.65,4.5,2,sao paulo,SP,Low volume,Watch — below volume gate,0
2fb25ab44bdbeae6a4d816e0d0c9d500,5,0.0,15.64,8.4,3,volta redonda,RJ,Low volume,Watch — below volume gate,0
2fdde51ad3e12f297da656d4fbd5d0b5,9,0.0,61.32,15.3,5,joinville,SC,Low volume,Watch — below volume gate,0
2ff6b7bff164ef05590a52734e1296da,7,0.0,21.65,11.7,3,londrina,PR,Low volume,Watch — below volume gate,0
2ff97219cb8622eaf3cd89b7d9c09824,86,0.0349,15.87,8.9,14,salto,SP,Low,Maintain — on-time seller,435
3076499bbc033a927bf4a8a41bcf7fd4,6,0.0,19.96,8.2,3,auriflama,SP,Low volume,Watch — below volume gate,0
3078096983cf766a32a06257648502d1,56,0.0357,24.47,11.9,12,scao jose do rio pardo,SP,Low,Maintain — on-time seller,428
30829ded4523ab9224b93bc49a62c95f,18,0.0556,35.44,12.1,8,parai,RS,Low volume,Watch — below volume gate,0
3092c0b297aacfb4bb6e056ebe13b9b8,14,0.0,20.6,14.4,9,aruja,SP,Low volume,Watch — below volume gate,0
30a2f535bb48308f991d0b9ad4a8c4bb,68,0.0294,15.87,8.3,11,santa barbara d'oeste,SP,Low,Maintain — on-time seller,479
30a81d8cf85fb2ada1b1b094c9583a95,17,0.0,9.89,4.2,2,sao paulo,SP,Low volume,Watch — below volume gate,0
30c7f28fd3a5897b2c82d152bb760c17,6,0.1667,51.85,20.3,3,niteroi,RJ,Low volume,Watch — below volume gate,0
312ba1d77e9c332ef21f9598b7f64cd7,7,0.5714,14.63,25.6,4,guarulhos,SP,Low volume,Watch — below volume gate,0
31344c16881c08a8a72c6d2eb29918c1,42,0.0476,53.79,15.7,10,uba,MG,Low,Maintain — on-time seller,360
31561f325664a8a7aba4c8d0c3a9b3db,36,0.0,17.49,7.3,11,sao paulo,SP,Low,Maintain — on-time seller,604
318f287a62ab7ac10b703ac37435a231,51,0.098,21.51,11.5,10,sao paulo,SP,Low,Maintain — on-time seller,131
31ae0774c17fabd06ff707cc5bde005f,11,0.0909,77.35,11.6,6,americana,SP,Low volume,Watch — below volume gate,0
31be790e64fc99f8ff48ec2bd18a3104,6,0.3333,12.05,6.5,1,sao bernardo do campo,SP,Low volume,Watch — below volume gate,0
31da954dc0855f2495c6310f70a2f931,28,0.0714,15.45,8.2,7,araras,SP,Low volume,Watch — below volume gate,0
31e60bf8d103ce47932a85f5562deb16,1,0.0,58.04,15.0,1,goiania,GO,Low volume,Watch — below volume gate,0
31eec405c9bb71dec8e2629a92e764fa,5,0.0,34.05,8.6,4,cachoeiro de itapemirim,ES,Low volume,Watch — below volume gate,0
323ce52b5b81df2cd804b017b7f09aa7,29,0.1379,13.56,17.0,9,sao paulo,SP,Low volume,Watch — below volume gate,0
324583d68897f5ddbaf38f6248322176,2,0.5,28.89,21.0,1,sao jose do rio preto,SP,Low volume,Watch — below volume gate,0
325f3178fb58e2a9778334621eecdbf9,35,0.0,14.62,6.4,7,taboao da serra,SP,Low,Maintain — on-time seller,607
327b89b872c14d1c0be7235ef4871685,3,0.3333,27.27,48.0,3,manaus,AM,Low volume,Watch — below volume gate,0
3289d8c3eef4873f91ce0b1343c0dd58,1,0.0,19.28,14.0,1,praia grande,SP,Low volume,Watch — below volume gate,0
328acb143b4a73aad6bee8e734f5d20d,2,0.0,17.38,12.0,2,foz do iguacu,PR,Low volume,Watch — below volume gate,0
3296662b1331dea51e744505065ae889,1,0.0,27.71,3.0,1,catanduva,SP,Low volume,Watch — below volume gate,0
32b8764b4ef628b53608fc34011fcc13,35,0.0286,83.13,11.3,9,lages,SC,Low,Maintain — on-time seller,486
32e5635e63cb374eb63afdd242fb6134,1,0.0,17.82,8.0,1,rio de janeiro,RJ,Low volume,Watch — below volume gate,0
32f1bb9dfa65bc7df5c0d9d95a616be4,4,0.25,12.08,6.2,2,sao paulo,SP,Low volume,Watch — below volume gate,0
32f83ffe11cd40f7adcf4eef171f52d9,1,0.0,15.1,11.0,1,uruguaiana,RS,Low volume,Watch — below volume gate,0
32fdd5d44ecb43dfd6a24b9369eca144,8,0.0,17.34,16.1,6,carmo do cajuru,MG,Low volume,Watch — below volume gate,0
333c4210e76a1aa2ab817b99437e3ff1,2,0.0,33.72,7.0,2,vargem grande do sul,SP,Low volume,Watch — below volume gate,0
3340ef1913fb70d28420f6ceb685c339,30,0.0333,23.63,17.0,11,maringa,PR,Low,Maintain — on-time seller,446
334cab711dee080b079fa5779b584783,11,0.0,32.91,8.0,5,santo andre,SP,Low volume,Watch — below volume gate,0
33576ec5412fb5905d876f12f33bfde6,31,0.0323,18.39,14.7,13,curitiba,PR,Low,Maintain — on-time seller,457
3361277dc30b7cccdb0c286b24219756,29,0.069,21.93,13.3,6,maringa,PR,Low volume,Watch — below volume gate,0
3364a91ec4d56c98e44174de954b94f6,5,0.0,51.72,17.0,4,porto velho,RO,Low volume,Watch — below volume gate,0
33a17d60c64393351ebf1ef860f4e0f2,42,0.0238,30.46,10.6,8,porto alegre,RS,Low,Maintain — on-time seller,514
33a6f4b1e7cdc205511e76ba1b6e0186,102,0.0196,17.96,8.5,12,guarulhos,SP,Low,Maintain — on-time seller,538
33ab10be054370c254ddfcf0a6253422,4,0.0,13.08,5.8,4,rio de janeiro,RJ,Low volume,Watch — below volume gate,0
33ac3e28642ab8bda860a2f693000e78,34,0.0,14.78,8.7,10,cotia,SP,Low,Maintain — on-time seller,611
33c51922b6e3c16b24a8f28e5833c99d,18,0.0556,20.44,14.6,5,londrina,PR,Low volume,Watch — below volume gate,0
33cbbec1e7e1044aaf11d152172c776f,15,0.0,26.59,8.5,7,bento goncalves,RS,Low volume,Watch — below volume gate,0
33cbda8716511e27e556dff9d8418bf2,5,0.0,21.63,12.8,3,blumenau,SC,Low volume,Watch — below volume gate,0
33d677f27a69b84051204ee4ae76eaca,9,0.0,19.28,8.8,4,joinville,SC,Low volume,Watch — below volume gate,0
33dd941c27854f7625b968cc6195a552,5,0.0,76.18,11.4,4,vila velha,ES,Low volume,Watch — below volume gate,0
33fd411ed63a7c2f9005e3f065d9f85d,1,0.0,18.23,8.0,1,condor,RS,Low volume,Watch — below volume gate,0
34056b8b55c1775a22af2331670a799c,77,0.1169,22.75,12.8,17,penapolis,SP,Medium,Review — rising late rate,85
340636a908b13bbe0f4fb63fbe1d0c03,3,0.0,12.0,7.7,2,sao jose dos campos,SP,Low volume,Watch — below volume gate,0
343e716476e3748b069f980efbaa294e,16,0.0625,18.94,12.9,6,campinas,SP,Low volume,Watch — below volume gate,0
3442033154be05bac582e173ef54fd12,1,0.0,8.39,4.0,1,sao paulo,SP,Low volume,Watch — below volume gate,0
344223b2a90784f64136a8a5da012e7f,1,0.0,16.79,33.0,1,gaspar,SC,Low volume,Watch — below volume gate,0
3442f8959a84dea7ee197c632cb2df15,2,0.5,12.74,18.5,2,campinas,SP,Low volume,Watch — below volume gate,0
34675b28b826facfde119785bf287dc1,1,0.0,15.1,6.0,1,cascavael,PR,Low volume,Watch — below volume gate,0
3481aa57cd91f9f9d3fa1fa12d9a3bf7,25,0.0,31.18,10.2,4,capivari,SP,Low volume,Watch — below volume gate,0
3492e68f37fd1df87f4f2f2ea247f445,8,0.0,21.18,9.4,4,salto,SP,Low volume,Watch — below volume gate,0
34a557286ead8fe75c989e0afcf7d98c,4,0.0,14.64,8.0,2,franca,SP,Low volume,Watch — below volume gate,0
34d1ca11b242c0fee2c834ae8d788566,40,0.0,24.55,13.2,15,congonhas,MG,Low,Maintain — on-time seller,601
34f563c82a85b99ae9e6d60db5fc2e28,8,0.0,43.19,10.8,6,campo bom,RS,Low volume,Watch — below volume gate,0
3504c0cb71d7fa48d967e0e4c94d59d9,52,0.0,11.92,7.3,9,maua,SP,Low,Maintain — on-time seller,591
35281d148dcf7134bae913c57db4e6da,1,0.0,17.03,6.0,1,sao paulo,SP,Low volume,Watch — below volume gate,0
353e21e8bf8de2722b4fae1636664b76,3,0.0,17.61,10.3,2,canoas,RS,Low volume,Watch — below volume gate,0
35857757f553273b1056c1cabdace7fb,6,0.1667,19.79,18.0,5,ribeirao preto,SP,Low volume,Watch — below volume gate,0
3586b8580d9c917874e053a1bb37b5ff,36,0.0278,22.99,13.5,12,araraquara,SP,Low,Maintain — on-time seller,491
35b96509602ec4b7da831b5cd73ff2c2,2,0.0,23.78,9.0,2,sao leopoldo,RS,Low volume,Watch — below volume gate,0
35ef5aa32949680f627efec3c23e705c,3,0.0,34.84,9.7,1,sombrio,SC,Low volume,Watch — below volume gate,0
35fb511489d9ee3ee27a76debce9df06,7,0.1429,24.61,16.9,5,londrina,PR,Low volume,Watch — below volume gate,0
3606774ec64634822d78dc2db6d37045,1,0.0,16.37,16.0,1,sao caetano do sul,SP,Low volume,Watch — below volume gate,0
365e445f796710c3431557e85caa25db,4,0.0,19.82,8.5,4,sao paulo,SP,Low volume,Watch — below volume gate,0
365e4bce19bda0082c3d15d83fdb8bcd,6,0.0,16.44,10.5,4,sao caetano do sul,SP,Low volume,Watch — below volume gate,0
36890be00bbfc1cdb9a4a38a6af05a69,13,0.1538,18.43,9.4,8,osasco,SP,Low volume,Watch — below volume gate,0
36a968b544695394e4e9d7572688598f,146,0.0342,14.05,10.8,16,santos,SP,Low,Maintain — on-time seller,440
36f98ad67cc981f50ce8aed093d5783c,2,0.0,19.61,6.5,1,toledo,PR,Low volume,Watch — below volume gate,0
37303482a42fb700d8d127e70a9cd6c8,1,0.0,8.11,2.0,1,campinas,SP,Low volume,Watch — below volume gate,0
373ee4a3a775a733770ca3f790b8b9ac,13,0.0769,22.33,9.8,4,rio de janeiro,RJ,Low volume,Watch — below volume gate,0
37515688008a7a40ac93e3b2e4ab203f,222,0.0811,15.12,15.3,19,dracena,SP,Low,Maintain — on-time seller,190
376a891762bbdecbc02b4b6adec3fdda,57,0.0351,22.59,12.1,20,goiania,GO,Low,Maintain — on-time seller,433
376d67b61dce0c990155286e7ae486a4,1,0.0,17.91,14.0,1,sao paulo,SP,Low volume,Watch — below volume gate,0
3771c85bac139d2344864ede5d9341e3,26,0.1154,15.73,13.2,6,sorocaba,SP,Low volume,Watch — below volume gate,0
377bc18334c78dd2f1535ef22a3ad225,1,0.0,88.46,10.0,1,sao jose dos pinhais,PR,Low volume,Watch — below volume gate,0
3785b653b1b82de85ab47dd139938091,21,0.0,23.74,11.9,7,ampere,PR,Low volume,Watch — below volume gate,0
37be5a7c751166fbc5f8ccba4119e043,269,0.026,22.38,10.6,21,sao paulo,SP,Low,Maintain — on-time seller,502
37dd29b36c458d82f74a953c40c43645,7,0.1429,68.49,18.4,7,limeira,SP,Low volume,Watch — below volume gate,0
38102b031c2a15e54623d711bfc753d3,7,0.0,51.38,23.7,4,mucambo,CE,Low volume,Watch — below volume gate,0
381c83fdca332ea6afd896da20bf6e4a,46,0.0217,21.72,12.6,15,curitiba,PR,Low,Maintain — on-time seller,528
382229d1e840115ffe3dbf5ff460e417,44,0.0682,19.13,9.0,12,rio de janeiro,RJ,Low,Maintain — on-time seller,245
385799a1cddbd26dfeb9157356a42282,4,0.0,18.7,8.8,3,sao paulo,SP,Low volume,Watch — below volume gate,0
38874e327ce94d11390b96eb42d61928,6,0.1667,63.08,20.0,4,itaquaquecetuba,SP,Low volume,Watch — below volume gate,0
389e45560e33d2d0747f949dcddbc08e,1,0.0,8.43,4.0,1,sao jose dos campos,SP,Low volume,Watch — below volume gate,0
38af8acfd46ac4a7bf754e8ca6736664,5,0.0,10.59,6.2,3,sao paulo,SP,Low volume,Watch — below volume gate,0
38e679b9e0064cd94c6f035707344dae,27,0.037,25.65,11.3,7,londrina,PR,Low volume,Watch — below volume gate,0
38e6dada03429a47197d5d584d793b41,7,0.0,29.56,10.0,4,sao paulo,SP,Low volume,Watch — below volume gate,0
38f276ca6e7cc95a6d1bb55ac9e5550f,1,0.0,11.85,5.0,1,marilia,SP,Low volume,Watch — below volume gate,0
3903c788ded8dc03b5ebab37a2f3e9a1,4,0.25,10.92,10.2,2,carapicuiba,SP,Low volume,Watch — below volume gate,0
391bbd13b6452244774beff1824006ed,1,1.0,17.7,45.0,1,campinas,SP,Low volume,Watch — below volume gate,0
391fc6631aebcf3004804e51b40bcf1e,505,0.0851,19.72,14.4,19,ibitinga,SP,Low,Maintain — on-time seller,182
392353362d22cc2c236e1ee81ff19890,5,0.0,40.52,7.8,4,blumenau,SC,Low volume,Watch — below volume gate,0
392e0502231ae2f8b29994ef6398cd77,17,0.1176,18.23,17.8,6,cerqueira cesar,SP,Low volume,Watch — below volume gate,0
392f7f2c797e4dc077e4311bde2ab8ce,2,0.0,18.28,5.0,2,rio de janeiro,RN,Low volume,Watch — below volume gate,0
3935fe5fe0f82787a9dcb8deb62be09d,16,0.125,26.23,11.1,7,sao paulo,SP,Low volume,Watch — below volume gate,0
3968920b9aa752ab98f7d5888c9252f2,8,0.125,21.15,9.6,5,bauru,SP,Low volume,Watch — below volume gate,0
3969863bb8af7f72580b3b1ffd3a17b3,12,0.0,20.98,10.1,6,sao paulo,SP,Low volume,Watch — below volume gate,0
397c4d0c005b6f41f90098ac724e28cb,5,0.4,89.07,16.2,5,santo andre,SP,Low volume,Watch — below volume gate,0
3985a3c45be355a4c57fde108bfabd1c,7,0.0,24.57,11.4,6,rolante,RS,Low volume,Watch — below volume gate,0
3986c0b54f6b748b75e7bd4e092aa3e5,1,0.0,15.28,6.0,1,curitiba,PR,Low volume,Watch — below volume gate,0
398cb257329ef7af7f1943a8974a3cbc,1,0.0,15.47,7.0,1,salvador,BA,Low volume,Watch — below volume gate,0
39a5005f2605cbdb4f9ac14485cabfd1,3,0.0,77.53,9.7,2,barretos,SP,Low volume,Watch — below volume gate,0
39c763cca83e654764b7a4a650fb9b7c,11,0.1818,20.29,13.5,6,goiania,GO,Low volume,Watch — below volume gate,0
39d54ff918774174706fb065d7f9dc07,21,0.0952,15.95,12.0,8,sao paulo,SP,Low volume,Watch — below volume gate,0
39d61be7a92eb77b7da367bd4845bc0e,7,0.0,29.86,10.7,4,sao paulo,SP,Low volume,Watch — below volume gate,0
39f776d2974049026ff531fc42ef2a3e,3,0.0,30.12,16.3,2,goiania,GO,Low volume,Watch — below volume gate,0
3a1a1fec38dd360f15fc912e821e169d,14,0.2857,24.09,15.1,6,sao paulo,SP,Low volume,Watch — below volume gate,0
3a3c180dd702a725bd0ba4117689239e,1,0.0,35.48,14.0,1,uniao da vitoria,PR,Low volume,Watch — below volume gate,0
3a3e46d10f74d8a6ca76e2b538f106a0,2,0.0,33.34,19.5,2,sao paulo,SP,Low volume,Watch — below volume gate,0
3a4127e1ba7208ea37044c5092aae170,5,0.0,16.29,11.4,4,sao paulo,SP,Low volume,Watch — below volume gate,0
3a490ba60afa30ece0e7d50cfe74a4f0,8,0.0,20.73,11.9,5,belo horizonte,MG,Low volume,Watch — below volume gate,0
3a52d63a8f9daf5a28f3626d7eb9bd28,1,0.0,17.78,6.0,1,aguas claras df,SP,Low volume,Watch — below volume gate,0
3a734b715d333a2588a3d54a0c9b8746,14,0.0714,22.83,11.8,7,osasco,SP,Low volume,Watch — below volume gate,0
3a79f35a2344ede41af21267f61d5ec6,1,0.0,66.59,14.0,1,campinas,SP,Low volume,Watch — below volume gate,0
3aa3c89ae3cd482385568be76120f63c,1,0.0,19.04,11.0,1,goiania,GO,Low volume,Watch — below volume gate,0
3ab971ce71839580d2ae5b4e40fe8044,35,0.0571,25.15,6.8,6,sao paulo,SP,Low,Maintain — on-time seller,295
3ac588cd562971392504a9e17130c40b,1,0.0,7.39,7.0,1,limeira,SP,Low volume,Watch — below volume gate,0
3ade81dab5a172b88e1871c28ae05260,28,0.1071,51.7,14.1,7,sao jose do rio preto,SP,Low volume,Watch — below volume gate,0
3afc536624bc2e65bddfb5db33cc01f3,6,0.0,17.85,9.8,4,belo horizonte,MG,Low volume,Watch — below volume gate,0
3b15288545f8928d3e65a8f949a28291,98,0.0714,24.14,14.6,13,ibitinga,SP,Low,Maintain — on-time seller,233
3b18f9856c6eb2413eafedb58e9eecd9,1,0.0,20.09,9.0,1,santo andre,SP,Low volume,Watch — below volume gate,0
3b872fd4747f01cc56206f2934198618,25,0.16,44.65,14.4,6,ibitinga,SP,Low volume,Watch — below volume gate,0
3bb32fedaa74e4ad20f4ce067733bd31,2,0.0,29.43,7.5,2,porto belo,SC,Low volume,Watch — below volume gate,0
3bb548e3cb7f70f28e3f11ee9dce0e59,45,0.0,21.68,10.9,9,maringa,PR,Low,Maintain — on-time seller,595
3bdff180c7e1f6551a643b99c265a120,56,0.0179,17.93,10.0,11,sao paulo,SP,Low,Maintain — on-time seller,547
3be5841cdcc46de4ed3f9116f104b2c5,4,0.0,22.09,8.2,4,barueri,SP,Low volume,Watch — below volume gate,0
3be634553519fb6536a03e1358e9fdc7,78,0.0769,22.1,10.2,13,sao paulo,SP,Low,Maintain — on-time seller,210
3bfba5a77604f6dfae7e6dd7aaf65821,4,0.0,30.67,9.2,3,londrina,PR,Low volume,Watch — below volume gate,0
3c010235b7345c92f125d14ee232a76b,15,0.0,28.49,10.9,8,mandirituba,PR,Low volume,Watch — below volume gate,0
3c03b12bab54d8b37d79d914bfdb1aa0,36,0.1667,18.72,13.7,11,sao joao de meriti,RJ,Medium,Review — rising late rate,27
3c3017960b2dbd72711a61f0400aab8f,9,0.0,25.41,12.8,8,jaragua do sul,SC,Low volume,Watch — below volume gate,0
3c487ae8f8d7542beff5788e2e0aea83,30,0.0333,23.99,13.6,11,gama,DF,Low,Maintain — on-time seller,447
3c4e0452bff7a2a788179488d3d77032,32,0.0312,18.94,13.8,9,colombo,PR,Low,Maintain — on-time seller,473
3c7c4a49ec3c6550809089c6a2ca9370,136,0.0588,13.46,9.6,15,sao paulo,SP,Low,Maintain — on-time seller,288
3c88ed2e76a2247933a15daa7161eb1c,1,0.0,151.2,20.0,1,cosmopolis,SP,Low volume,Watch — below volume gate,0
3ca08eeb8d5595949fed424bd3677742,13,0.0,34.55,10.3,5,curitiba,PR,Low volume,Watch — below volume gate,0
3cfa1358a6caa965278721344c8d76f2,5,0.0,16.25,6.2,2,sao bernardo do campo,SP,Low volume,Watch — below volume gate,0
3d01d1c414c44b5943a09619ff3853cb,4,0.0,18.3,13.8,3,campinas,SP,Low volume,Watch — below volume gate,0
3d0cd21d41671c46f82cd11176bf7277,8,0.0,21.18,13.5,4,joinville,SC,Low volume,Watch — below volume gate,0
3d2400ac620cffa23ac81bd192f7f555,1,0.0,8.9,7.0,1,sao bernardo do campo,SP,Low volume,Watch — below volume gate,0
3d2531eccfbde1d7c8db7a3a12fb267a,10,0.0,21.31,9.9,5,contagem,MG,Low volume,Watch — below volume gate,0
3d290fe363c60a77498c1126fd3fb8d3,3,0.0,11.69,7.7,2,itapevi,SP,Low volume,Watch — below volume gate,0
3d39fbf22a665714baf62fae36029e23,8,0.0,16.33,8.5,5,campinas,SP,Low volume,Watch — below volume gate,0
3d3ccf2b2f8134b10dce9dd446f0e075,3,0.3333,47.31,16.7,3,ibitinga,SP,Low volume,Watch — below volume gate,0
3d4824f20035949c710eaf111f869d39,6,0.1667,16.3,9.5,4,sorocaba,SP,Low volume,Watch — below volume gate,0
3d49bfdd1b43a7fe169b3740067acc61,3,0.0,20.61,8.3,2,montes claros,MG,Low volume,Watch — below volume gate,0
3d4b1ae7539303b5704493798893e82c,6,0.0,24.28,12.0,4,sao paulo,SP,Low volume,Watch — below volume gate,0
3d5d0dc7073a299e31fa718ce1bc00b6,21,0.0476,16.78,8.4,9,rio de janeiro,RJ,Low volume,Watch — below volume gate,0
3d621842b2ed28e2b474132480edac3c,8,0.0,15.4,9.9,4,sao paulo,SP,Low volume,Watch — below volume gate,0
3d62f86afa7c73be2628a3be1423f5a0,2,0.0,21.21,17.0,2,jacarei,SP,Low volume,Watch — below volume gate,0
3d68c634a99a1ba46dbca3967a69c623,2,0.0,131.85,9.0,2,nova trento,SC,Low volume,Watch — below volume gate,0
3d700782d7818f2c1e0d7a9e9d75fc00,3,0.3333,28.47,25.7,3,sertanopolis,SP,Low volume,Watch — below volume gate,0
3d871de0142ce09b7081e2b9d1733cb1,1052,0.0551,21.02,13.5,23,campo limpo paulista,SP,Low,Maintain — on-time seller,312
3d8fa2f5b647373c8620330c4e077a9f,42,0.0238,19.2,9.0,10,sao paulo,SP,Low,Maintain — on-time seller,515
3da38366e7bd9baf6369071f782ecdf0,1,1.0,26.96,53.0,1,fortaleza,CE,Low volume,Watch — below volume gate,0
3db66a856d18a9cba7c9241fc5221c50,94,0.1064,21.95,15.9,16,ponte nova,MG,Medium,Review — rising late rate,114
3dbbce181edfaa4a597ec858c382d2ec,17,0.0588,25.9,13.8,9,curitiba,PR,Low volume,Watch — below volume gate,0
3dc69bf2c42f0568a5c4791ec3fd3745,1,0.0,17.62,26.0,1,sao paulo,SP,Low volume,Watch — below volume gate,0
3ded4e2d5f135cb103e5949d7263d2dd,1,0.0,12.48,5.0,1,pouso alegre,MG,Low volume,Watch — below volume gate,0
3df020b72d3d44b3af9d110fa3940b65,54,0.0926,32.28,13.3,13,jales,SP,Low,Maintain — on-time seller,152
3dfd3dc96f7f8598eca74e9ac8a2fa31,5,0.2,12.16,13.8,3,sao paulo,SP,Low volume,Watch — below volume gate,0
3e35a8bb43569389d3cebef0ce820f69,1,0.0,28.88,8.0,1,sao paulo,SP,Low volume,Watch — below volume gate,0
3e46a38ee171c503c3b4a3f23fe3bf0c,1,0.0,9.11,4.0,1,sorocaba,SP,Low volume,Watch — below volume gate,0
3e51f9cbe317bc3a88f2c76583811ee4,1,0.0,8.69,8.0,1,sao paulo,SP,Low volume,Watch — below volume gate,0
3e8bd881d92466e63ba9e3e809cd3c50,8,0.25,23.43,14.0,6,rio de janeiro,RJ,Low volume,Watch — below volume gate,0
3ea00e1dea2b0659dbaf654735929220,7,0.0,20.71,11.6,4,curitiba,PR,Low volume,Watch — below volume gate,0
3ea08c48e851106d2f584349daba335f,1,0.0,22.94,6.0,1,barbacena,MG,Low volume,Watch — below volume gate,0
3ef37b7ca6dd2b80bd8af81a62504996,2,0.0,20.48,14.5,2,sao paulo,SP,Low volume,Watch — below volume gate,0
3f0e48d209018b466fcd3bb4ccfeb520,9,0.0,28.42,9.7,4,curitiba,PR,Low volume,Watch — below volume gate,0
3f2af2670e104d1bcb54022274daeac5,6,0.1667,60.1,19.5,4,terra boa,PR,Low volume,Watch — below volume gate,0
3f3486b61f45078d4f31ee5e43d8c5bb,39,0.1026,22.65,13.8,9,sao paulo,SP,Medium,Review — rising late rate,121
3f8034bfc6b8b4135534975d49f04c63,11,0.0,22.64,10.9,8,curitiba,PR,Low volume,Watch — below volume gate,0
3f84fefc07dc159b268d4a77d3e8c425,3,0.0,17.11,8.0,2,fazenda rio grande,PR,Low volume,Watch — below volume gate,0
3f995f07c49d0d55a99d5c54957f7d81,43,0.0233,15.62,9.5,13,itapecerica da serra,SP,Low,Maintain — on-time seller,518
3f9be91358837bff69df67edfa3e42e8,6,0.0,19.98,10.3,3,londrina,PR,Low volume,Watch — below volume gate,0
3f9c56764fabca627406093dcb3ef0b4,7,0.0,15.09,8.4,2,rio de janeiro,RJ,Low volume,Watch — below volume gate,0
3fac58ce0ad699020c7944d53c41329c,10,0.0,22.98,4.9,2,sao paulo,SP,Low volume,Watch — below volume gate,0
3fadb4cba4c35bce6a7eaf9872d5623a,3,0.0,22.67,9.3,2,caxias do sul,RS,Low volume,Watch — below volume gate,0
3faf68a3b0af94b10bac70d86077be49,7,0.0,17.02,16.3,4,holambra,SP,Low volume,Watch — below volume gate,0
3fd1e727ba94cfe122d165e176ce7967,34,0.2059,15.9,15.6,9,araraquara,SP,High,Intervene — high late rate,10
3fe7120d6257285ac6a3ce7cb071ccec,2,0.0,14.14,9.5,2,governador valadares,MG,Low volume,Watch — below volume gate,0
3fefda3299e6dfaea3466ef346a3571a,1,0.0,16.21,6.0,1,curitiba,PR,Low volume,Watch — below volume gate,0
4003520d80d0bad1d5623f7aa3c63cda,1,0.0,16.74,17.0,1,rio de janeiro,RJ,Low volume,Watch — below volume gate,0
402916f742e5c740cc751493d9cf5053,9,0.0,25.16,6.3,6,guanhaes,MG,Low volume,Watch — below volume gate,0
403aa86912527d730337ffcb0fb096ab,11,0.0,18.6,10.8,7,belo horizonte,MG,Low volume,Watch — below volume gate,0
4049512728d969bec69f84088b012416,7,0.0,22.92,10.4,5,belo horizonte,MG,Low volume,Watch — below volume gate,0
404e1ba01358af4cd63f679b2c4d1fa1,8,0.0,22.23,8.0,5,juiz de fora,MG,Low volume,Watch — below volume gate,0
406740ee611378a662d274c7d8c43c4a,8,0.125,22.76,15.1,4,vitoria,ES,Low volume,Watch — below volume gate,0
406822777a0b9eb5c50e442dd4cd3ec5,44,0.1136,20.48,13.2,11,tatui,SP,Medium,Review — rising late rate,93
4091f77d8c768fc3e81c20761471761d,8,0.25,28.86,18.1,6,sao paulo,SP,Low volume,Watch — below volume gate,0
40d54b51e962dbe09cabbcfd33298dee,29,0.0,18.5,7.3,7,santo andre,SP,Low volume,Watch — below volume gate,0
40db9e9aa57f7bb151bcda6b0f9bdbb7,12,0.0833,54.67,14.7,10,recife,PE,Low volume,Watch — below volume gate,0
40ec8ab6cdafbcc4f544da38c67da39a,2,0.0,19.6,6.5,1,francisco beltrao,PR,Low volume,Watch — below volume gate,0
411f3b52d857390502ee4e4d5ceabc2d,20,0.1,17.86,9.6,7,ribeirao pires,SP,Low volume,Watch — below volume gate,0
4125d9385a25e82d2f72d3a0fd55bc3f,1,0.0,18.4,9.0,1,santos,SP,Low volume,Watch — below volume gate,0
412a4720f3e9431b4afa1476a1acddbe,21,0.0476,24.34,10.4,8,campinas,SP,Low volume,Watch — below volume gate,0
4170f6a9367e6b5d6401d03ce6d54569,4,0.25,23.26,24.5,3,brasilia df,DF,Low volume,Watch — below volume gate,0
417a1e6c7321084d2a0ae0d023cfad93,1,0.0,12.48,6.0,1,imigrante,RS,Low volume,Watch — below volume gate,0
41958cbd3335433c8740300e8cd600d5,1,0.0,7.39,5.0,1,sao paulo,SP,Low volume,Watch — below volume gate,0
41ab63a91b8b264e8c8780368bf1dd5b,11,0.0,27.08,17.4,6,belo horizonte,MG,Low volume,Watch — below volume gate,0
41b14765bd56c8ad10971074380f9c0c,8,0.0,14.89,6.8,3,santo andre,SP,Low volume,Watch — below volume gate,0
41b39e28db005d9731d9d485a83b4c38,181,0.0497,20.85,12.5,17,santo andre,SP,Low,Maintain — on-time seller,344
41b86b552e54e3a7009596125aa8b167,10,0.0,23.46,13.9,6,sao paulo,SP,Low volume,Watch — below volume gate,0
41c2bad7229b0c25e6becf179ebf63ff,20,0.0,9.5,4.5,1,natal,RN,Low volume,Watch — below volume gate,0
41c9d3997dd3c072c31139dc5bb5761f,3,0.0,37.25,22.3,3,araxa,MG,Low volume,Watch — below volume gate,0
41da412d33e8da4f22baf55cb1bde82c,15,0.0,24.94,10.1,5,domingos martins,ES,Low volume,Watch — below volume gate,0
41e0fa5761c886a630994a55c12087e7,5,0.0,13.66,10.2,2,guaruja,SP,Low volume,Watch — below volume gate,0
4200ddf1967c5e41e48db62bc6d4b5ac,21,0.0476,22.69,10.5,8,sao bernardo do campo,SP,Low volume,Watch — below volume gate,0
4221a7df464f1fe2955934e30ff3a5a1,5,0.0,47.91,16.4,4,bahia,BA,Low volume,Watch — below volume gate,0
422be4cc81a457fdb46f47edeb968ae5,1,0.0,77.47,18.0,1,ibitinga,SP,Low volume,Watch — below volume gate,0
427165bf50f8ca07efc7bdc2bfcf1688,5,0.6,17.88,38.4,4,americana,SP,Low volume,Watch — below volume gate,0
42b6488f5b8246d9141712abd4b1b693,2,0.0,20.9,8.0,2,maringa,PR,Low volume,Watch — below volume gate,0
42b729f859728f5079499127a9c2ef37,101,0.0792,12.54,7.8,12,sao paulo,SP,Low,Maintain — on-time seller,198
42bde9fef835393bb8a8849cb6b7f245,34,0.0294,22.57,10.2,14,brasilia,DF,Low,Maintain — on-time seller,481
42d4b7e70819438f5ada61c965e92d7e,1,0.0,51.18,22.0,1,goiania,GO,Low volume,Watch — below volume gate,0
42ef3192a9ff87a22d1867b74b3ee205,23,0.0,13.13,9.2,6,santo andre,SP,Low volume,Watch — below volume gate,0
42fa4ee7240e9b8eb4576358ec142ba7,22,0.0,24.66,6.7,8,caxias do sul,RS,Low volume,Watch — below volume gate,0
42fb44130ac3134cde8e35cf8ec7df25,2,0.0,12.74,6.0,2,pinhalzinho,SP,Low volume,Watch — below volume gate,0
430315b7bb4b6e4b3c978f9dfa9b0558,19,0.0526,28.96,13.4,8,sao paulo,SP,Low volume,Watch — below volume gate,0
4305fe92735c8a43d154ff6dd2b8d927,17,0.0,23.15,11.4,9,coronel fabriciano,MG,Low volume,Watch — below volume gate,0
431050a06a317f2b38168dec3dcd2b46,10,0.0,20.62,8.7,6,sao paulo,SP,Low volume,Watch — below volume gate,0
431af27f296bc6519d890aa5a05fdb11,115,0.1391,18.18,17.3,16,ribeirao preto,SP,Medium,Review — rising late rate,51
4324dd16853115efb0fd9d0d131ba6f4,12,0.0833,27.29,13.2,5,sao jose do rio pardo,SP,Low volume,Watch — below volume gate,0
432c37c9dfba871172ec162e20118b8c,44,0.0909,21.25,14.6,14,brasilia,DF,Low,Maintain — on-time seller,159
432c67955c0acd1fd6b0b5d678766a71,1,0.0,60.65,7.0,1,sao paulo,SP,Low volume,Watch — below volume gate,0
43402bdf22aa2310e8f99e2f94f78628,4,0.0,46.79,16.5,2,ribeirao pires,SP,Low volume,Watch — below volume gate,0
4342d4b2ba6b161468c63a7e7cfce593,2,0.5,17.27,15.5,2,rio de janeiro,RJ,Low volume,Watch — below volume gate,0
436bf27f2f18474fc6047702e9f8a866,1,0.0,14.52,19.0,1,campinas,SP,Low volume,Watch — below volume gate,0
4371b634e0efc0e22b09b52907d9d469,101,0.0693,15.02,11.1,13,sao paulo,SP,Low,Maintain — on-time seller,240
43753b27d77860f1654aa72e251a7878,1,0.0,42.38,27.0,1,barro alto,BA,Low volume,Watch — below volume gate,0
4391ea5c5990502176a1dcda44a2373d,3,0.0,45.1,12.0,2,porto alegre,RS,Low volume,Watch — below volume gate,0
439a47cc365d6e3bd526812ea9de3c29,8,0.0,28.05,7.4,4,mogi das cruzes,SP,Low volume,Watch — below volume gate,0
43a1d4bab73b816e44ef4e4facd9f9b5,1,0.0,15.5,10.0,1,maringa,PR,Low volume,Watch — below volume gate,0
43a5d4a57af536fddc96d08be3afdfcb,1,0.0,37.24,12.0,1,varginha,MG,Low volume,Watch — below volume gate,0
43b2c864251aa0ce4030c746984e088a,2,0.0,17.26,5.5,1,brasilia,DF,Low volume,Watch — below volume gate,0
43f8c9950d11ecd03a0304a49e010da6,41,0.0488,13.6,11.4,13,carapicuiba,SP,Low,Maintain — on-time seller,348
44073f8b7e41514de3b7815dd0237f4f,142,0.0352,22.12,13.1,21,brasilia,DF,Low,Maintain — on-time seller,431
440dd6ab244315c632130ecfb63827b1,91,0.1319,22.61,16.5,17,votuporanga,SP,Medium,Review — rising late rate,60
443d880f15cbd3572885e1d44bf2c478,1,0.0,30.2,12.0,1,marilia,SP,Low volume,Watch — below volume gate,0
4450bd8327d471c4a11a83d1445b1b62,1,0.0,15.56,7.0,1,cotia,SP,Low volume,Watch — below volume gate,0
446cc09cdbb130904da114e807dbec40,3,0.0,18.06,4.0,1,sao paulo,SP,Low volume,Watch — below volume gate,0
44717f64ec2a457979cf83c429077666,2,0.0,31.96,5.5,2,santa rosa,RS,Low volume,Watch — below volume gate,0
447d377bdb757058acb569025ee18a93,1,0.0,18.02,18.0,1,carazinho,RS,Low volume,Watch — below volume gate,0
44ed138eca6214d572ce1d813fb0049b,2,0.0,28.0,8.0,2,canoas,RS,Low volume,Watch — below volume gate,0
44f091b5abab8018f682fce8124b85e5,3,0.6667,11.59,15.0,1,sao paulo,SP,Low volume,Watch — below volume gate,0
45213867cefbf2cd4c6177e10216a951,14,0.0714,30.98,14.9,7,araras,SP,Low volume,Watch — below volume gate,0
4559697a8f7e637227c2eeaed843baff,39,0.0769,18.03,12.9,7,presidente prudente,SP,Low,Maintain — on-time seller,211
455befea1bb853c75ccbca94cff26e5c,1,0.0,22.06,12.0,1,resende,RJ,Low volume,Watch — below volume gate,0
455c5640e8c5bd1b2ee85c0158f85727,8,0.0,57.17,14.9,5,luiz alves,SC,Low volume,Watch — below volume gate,0
455f46ef09a9e45667e2981df84b5cc2,1,0.0,18.31,13.0,1,sorocaba,SP,Low volume,Watch — below volume gate,0
457fe919b032a3f7dadba6fb92cf7855,9,0.0,15.69,5.6,5,paulinia,SP,Low volume,Watch — below volume gate,0
458c6fa920810ce2492da71bc26d9eec,2,0.0,52.8,25.5,2,catanduva,SP,Low volume,Watch — below volume gate,0
458d868c9642f55f18f04e951a3fdde6,2,0.0,52.38,17.5,1,porto alegre,RS,Low volume,Watch — below volume gate,0
45a3d05fb00435e52a28859dd03703b3,1,0.0,24.79,26.0,1,guarulhos,SP,Low volume,Watch — below volume gate,0
45ba18c210d42734ec52c0c1c574e9ee,34,0.0588,27.1,7.4,8,sao roque,SP,Low,Maintain — on-time seller,289
45c20d94d9171b0bcfab3c955e47d67b,4,0.0,20.28,14.2,4,cordeiropolis,SP,Low volume,Watch — below volume gate,0
45d33f715e24d15a6ccf5c17b3a23e3c,53,0.0566,16.41,11.5,11,sorocaba,SP,Low,Maintain — on-time seller,299
461ff5303b6c9c1a4a07f40c5aece516,2,0.0,18.13,8.0,2,pinhais,PR,Low volume,Watch — below volume gate,0
466222e777149751370e7e98fb623b0c,1,0.0,17.55,7.0,1,rio de janeiro,RJ,Low volume,Watch — below volume gate,0
4677a5437afda5fa7140b927b07be1cc,11,0.0909,38.18,12.4,7,japira,PR,Low volume,Watch — below volume gate,0
46dc3b2cc0980fb8ec44634e21d2718e,501,0.0579,22.73,11.9,21,rio de janeiro,RJ,Low,Maintain — on-time seller,291
46ef1a25845fc051c2998d878354810c,5,0.0,19.61,16.8,3,claudio,MG,Low volume,Watch — below volume gate,0
4736e9d642ef4257cd7622516931eb51,16,0.0,23.18,4.7,2,piracicaba,SP,Low volume,Watch — below volume gate,0
47648caee88ccfe951fbb27fbf7b4cbe,3,0.3333,22.67,13.7,3,diadema,SP,Low volume,Watch — below volume gate,0
478bfe564db21eeb44386606aa30b650,3,0.0,16.03,14.0,3,pedro leopoldo,MG,Low volume,Watch — below volume gate,0
47efca563408aae19bb7206c2d969ea9,11,0.0,40.71,13.7,9,teresina,PI,Low volume,Watch — below volume gate,0
47f55702f598c7c6cc8458b0fbc1c49a,1,0.0,19.77,17.0,1,dores de campos,MG,Low volume,Watch — below volume gate,0
48162d548f5b1b11b9d29d1e01f75a61,65,0.0154,31.31,11.4,19,piracicaba,SP,Low,Maintain — on-time seller,554
4830e40640734fc1c52cd21127c341d4,202,0.0495,15.17,9.9,18,sao paulo,SP,Low,Maintain — on-time seller,345
48328ec9a579151d9cc6a86d4a59336c,1,0.0,97.78,21.0,1,canoas,RS,Low volume,Watch — below volume gate,0
483ca627d131e18f988349b1655c0acd,1,0.0,19.73,16.0,1,mogi mirim,SP,Low volume,Watch — below volume gate,0
48436dade18ac8b2bce089ec2a041202,134,0.0746,21.41,14.3,19,volta redonda,SP,Low,Maintain — on-time seller,220
485452467ff670447e84a8370c3fc898,3,0.0,46.58,14.0,3,taio,SC,Low volume,Watch — below volume gate,0
4867209cb29b56b92893d7bde3ce8012,1,0.0,19.15,10.0,1,jau,SP,Low volume,Watch — below volume gate,0
4869f7a5dfa277a7dca6462dcf3b52b2,1117,0.1056,17.9,15.0,27,guariba,SP,Medium,Review — rising late rate,117
48985c61529077fa4f1e38bcff0f2ed3,7,0.0,21.15,10.1,5,porto alegre,RS,Low volume,Watch — below volume gate,0
48b6c3f4c6a93171da04b75313f2130f,2,0.0,18.9,24.0,2,osvaldo cruz,SP,Low volume,Watch — below volume gate,0
48bad451945f5227341793478d6353ea,3,0.3333,25.83,22.0,3,sao paulo,SP,Low volume,Watch — below volume gate,0
48e5ee06fb2dc74df1c711a9b6dfac2a,1,0.0,45.3,11.0,1,oliveira,MG,Low volume,Watch — below volume gate,0
48e954b2da4f6a750c844173b347ed40,2,0.0,79.5,8.5,2,porto alegre,RS,Low volume,Watch — below volume gate,0
48efc9d94a9834137efd9ea76b065a38,33,0.0,9.71,10.7,3,curitiba,PR,Low,Maintain — on-time seller,613
48fb026ed7455a42f5d3e9390ed5088e,9,0.0,21.3,11.8,7,barra mansa,RJ,Low volume,Watch — below volume gate,0
49067458c68f7701fd334ce326accbe0,15,0.0,36.45,12.5,6,juiz de fora,MG,Low volume,Watch — below volume gate,0
4917cee8d902e13428c3ec4b1ca6f315,31,0.0323,34.66,18.1,8,blumenau,SC,Low,Maintain — on-time seller,458
491a5ada3aa1678414e990262c4bbdc1,1,0.0,15.58,7.0,1,sao paulo,SP,Low volume,Watch — below volume gate,0
49383af7ab774e4e8f3000f49c83dc4b,7,0.0,31.34,7.7,3,taubate,SP,Low volume,Watch — below volume gate,0
4965a7002cca77301c82d3f91b82e1a9,1,0.0,7.87,6.0,1,sorocaba,SP,Low volume,Watch — below volume gate,0
497709c2976a8fa308730a2dec5b0726,1,0.0,18.04,6.0,1,diadema,SP,Low volume,Watch — below volume gate,0
4978a02ea9c8be7a9b5480680f40334e,17,0.0,18.8,5.0,3,sao paulo,SP,Low volume,Watch — below volume gate,0
499185655c29ecfdbfe776ef7cf875b5,1,0.0,17.33,11.0,1,porto alegre,RS,Low volume,Watch — below volume gate,0
4992e76a42cb3aad7a7047e0d3d7e729,54,0.0556,18.96,7.8,10,sao paulo,SP,Low,Maintain — on-time seller,308
499ec63c58e51296c9cf57edcfe1c8a8,5,0.0,9.59,5.2,2,sao paulo,SP,Low volume,Watch — below volume gate,0
49cdc90518a4f82676b38b3c1aa43ff6,5,0.0,16.52,5.8,3,sao paulo,SP,Low volume,Watch — below volume gate,0
49e7217cfe4e427191c378ec626d8737,12,0.0,29.34,16.0,6,formiga,MG,Low volume,Watch — below volume gate,0
49f8d2ea7b718d0ce587d34207caf2b4,1,0.0,15.36,7.0,1,sao bernardo do campo,SP,Low volume,Watch — below volume gate,0
4a1917ef994878940e1fb03eeb787ad7,2,0.0,39.31,10.0,1,brasilia,DF,Low volume,Watch — below volume gate,0
4a1f694197d05fe70026b016a7316b41,14,0.0714,27.89,9.0,7,pedreira,SP,Low volume,Watch — below volume gate,0
4a23adac87cf538689fa600d976f78b2,3,0.0,11.8,8.7,1,sao paulo,SP,Low volume,Watch — below volume gate,0
4a3ca9315b744ce9f8e9374361493884,1726,0.0997,20.48,14.5,25,ibitinga,SP,Low,Maintain — on-time seller,129
4a3ccda38b2129705f3fb522db62ca31,62,0.0645,21.41,13.4,15,marilia,SP,Low,Maintain — on-time seller,268
4a5b36211b1f51bf7eaa5c10a57fa483,1,0.0,16.07,4.0,1,sao goncalo,RJ,Low volume,Watch — below volume gate,0
4a82168aaef173cbb6e46ae88728f919,4,0.0,25.1,6.8,4,irati,PR,Low volume,Watch — below volume gate,0
4a82c4af97ffc0fb2dc26bfdc03b1842,3,0.0,22.4,12.7,3,lagoa da prata,MG,Low volume,Watch — below volume gate,0
4aba391bc3b88717ce08eb11e44937b2,27,0.1481,29.41,16.8,8,arraial d'ajuda (porto seguro),BA,Low volume,Watch — below volume gate,0
4aba6a02a788d3ec81c03137144d9a80,1,0.0,15.38,13.0,1,canoinhas,SC,Low volume,Watch — below volume gate,0
4b0fdb526525f9890eb145bf1534640e,18,0.0,31.09,9.1,8,ibitinga,SP,Low volume,Watch — below volume gate,0
4b1eaadf791bdbbad8c4a35b65236d52,5,0.2,13.79,22.6,3,ribeirao preto,SP,Low volume,Watch — below volume gate,0
4b39558c138930b9e5489c93b6df5fe3,4,0.0,33.1,12.8,3,aracaju,SE,Low volume,Watch — below volume gate,0
4b5f66b7adcf57f1ecc0d3c07dd6b177,23,0.0435,33.75,14.1,7,vendas@creditparts.com.br,PR,Low volume,Watch — below volume gate,0
4b90495391ac0bd181a80a459df1e718,1,0.0,18.11,12.0,1,bage,RS,Low volume,Watch — below volume gate,0
4b9750c8ad28220fe6702d4ecb7c898f,217,0.0599,15.63,9.4,17,limeira,SP,Low,Maintain — on-time seller,286
4b98b0428fc1932cc2514ef9ce2505e6,2,0.5,17.9,22.5,2,taboao da serra,SP,Low volume,Watch — below volume gate,0
4ba52dfeba874da5b9ee7b17c7494f04,11,0.0909,18.63,10.6,8,mogi das cruzes,SP,Low volume,Watch — below volume gate,0
4bcec44888b30ba9001234c534716d3f,5,0.0,12.65,9.0,4,santo andre,SP,Low volume,Watch — below volume gate,0
4bde6149c15cf7e177b36fa060dd6de8,2,0.0,16.33,10.5,1,carazinho,RS,Low volume,Watch — below volume gate,0
4be6b962d83299498bae2190f95d6566,10,0.1,16.51,7.5,4,sao carlos,SP,Low volume,Watch — below volume gate,0
4be9ae93c4fc0f41713d71a4194ee1b3,1,0.0,27.07,11.0,1,divinopolis,MG,Low volume,Watch — below volume gate,0
4bf2f4ee540798a61f9636d12cd9cc80,29,0.0,17.43,13.4,11,assis,SP,Low volume,Watch — below volume gate,0
4bf658053d453036c70976bccb2c31b2,2,0.0,40.78,24.5,2,sao jose do rio preto,SP,Low volume,Watch — below volume gate,0
4bfc7a4a1cf8d4d2121c27422d9e50b5,25,0.04,42.39,8.0,8,sao paulo,SP,Low volume,Watch — below volume gate,0
4c03b9dd4c11ee2cb35c96c49efc9420,48,0.0208,17.94,10.5,15,campo limpo paulista,SP,Low,Maintain — on-time seller,534
4c18691b6037662be2df78a765d98ab5,62,0.0645,17.9,9.1,13,sao paulo,SP,Low,Maintain — on-time seller,269
4c1c7281388a33dd06daac44f9fadbd1,5,0.0,16.32,8.8,4,marilia,SP,Low volume,Watch — below volume gate,0
4c2b230173bb36f9b240f2b8ac11786e,255,0.0941,17.22,12.8,18,sao paulo,SP,Low,Maintain — on-time seller,144
4c498c7345e89aebad651544829beca0,45,0.1111,12.78,10.8,12,carapicuiba,SP,Medium,Review — rising late rate,100
4c4d546adf3c3868fe19c9ec6e9ffda9,2,0.0,22.7,6.5,2,maringa,PR,Low volume,Watch — below volume gate,0
4c60877808f4318ef1107fbeb8f89afa,2,0.0,16.32,15.5,2,atibaia,SP,Low volume,Watch — below volume gate,0
4c61e37f664c3c88aff092aa5ac779d7,7,0.1429,17.12,15.6,4,niteroi,RJ,Low volume,Watch — below volume gate,0
4c8545742faaf58fafd5fd14d25d75cf,4,0.0,49.08,10.0,3,fernandopolis,SP,Low volume,Watch — below volume gate,0
4c8b8048e33af2bf94f2eb547746a916,18,0.1111,21.48,19.4,8,ibitinga,SP,Low volume,Watch — below volume gate,0
4cc43a222a0f94910728b62b97a8c5f8,1,0.0,12.26,14.0,1,ribeirao preto,SP,Low volume,Watch — below volume gate,0
4cc4fd4fdd406a85bbdc1f824b731bd7,1,0.0,31.24,8.0,1,toledo,PR,Low volume,Watch — below volume gate,0
4ce8b55b4bfa4659184e7becc1fba3f2,2,0.0,34.78,12.5,1,fazenda rio grande,PR,Low volume,Watch — below volume gate,0
4cf490a58259286ada5ba8525ba9e84a,7,0.0,20.36,24.6,5,tabatinga,SP,Low volume,Watch — below volume gate,0
4d0041cdbe51b4617d95c70b19decc74,8,0.0,28.79,6.9,4,juiz de fora,MG,Low volume,Watch — below volume gate,0
4d232b78ab7ef10393dc3807d827bc0d,5,0.0,43.0,6.0,5,belo horizonte,MG,Low volume,Watch — below volume gate,0
4d600e08ecbe08258c79e536c5a42fee,7,0.0,20.42,13.0,4,entre rios do oeste,PR,Low volume,Watch — below volume gate,0
4d6d651bd7684af3fffabd5f08d12e5a,358,0.0391,21.5,13.0,20,jau,SP,Low,Maintain — on-time seller,406
4d9fea3499bdc22aa4da4e339365f215,2,0.0,15.1,13.0,1,sao paulo,SP,Low volume,Watch — below volume gate,0
4da0e408c99d2fdc2126dc9fce518060,44,0.0,21.69,9.3,9,cornelio procopio,PR,Low,Maintain — on-time seller,598
4dab98ca6cd6d3df586203cefd28a042,1,0.0,18.33,28.0,1,porto alegre,RS,Low volume,Watch — below volume gate,0
4dbd95a08b31ede5c82d3f861cb1ce1a,4,0.0,23.28,12.0,4,curitiba,PR,Low volume,Watch — below volume gate,0
4dc2e811a1760953cb7c6a590b498943,1,0.0,24.84,7.0,1,itapui,SP,Low volume,Watch — below volume gate,0
4dc646b9b9e8e411ef48ba000ea3ac6f,4,0.25,15.89,11.2,2,valinhos,SP,Low volume,Watch — below volume gate,0
4ddeb3e828550cddc8d45c8bc36ab2d1,1,0.0,12.45,8.0,1,sao paulo,SP,Low volume,Watch — below volume gate,0
4de6e4ba574aa9dfdc824bc44dc47fdd,14,0.0714,18.09,9.1,6,colombo,PR,Low volume,Watch — below volume gate,0
4deebb3199eeafb282ae33229144f94b,4,0.25,35.45,10.2,1,sao paulo,SP,Low volume,Watch — below volume gate,0
4e06067cc08b3f41d837768d392c3ee3,31,0.0323,19.38,10.4,10,betim,MG,Low,Maintain — on-time seller,459
4e0d109ccfba9a1151c103049880c857,2,0.0,33.92,19.0,2,sao joao de meriti,RJ,Low volume,Watch — below volume gate,0
4e17c65a516f69d023a2ae78b84f28d6,61,0.0492,18.94,13.3,15,suzano,SP,Low,Maintain — on-time seller,346
4e326052e5dbba8adcd512f3450a307e,3,0.0,28.65,18.0,3,sao paulo,SP,Low volume,Watch — below volume gate,0
4e42581f08e8cfc7c090f930bac4552a,1,1.0,53.8,47.0,1,portoferreira,SP,Low volume,Watch — below volume gate,0
4e480be820e37de1444325ff358c9296,1,0.0,143.44,12.0,1,tres coracoes,MG,Low volume,Watch — below volume gate,0
4e5725ba188db8252977a4f0227bd462,21,0.2381,17.35,20.9,7,ribeirao preto,SP,Low volume,Watch — below volume gate,0
4e6015589b781adaa5ce7f1892d06bb1,3,0.0,18.83,6.0,2,guaruja,SP,Low volume,Watch — below volume gate,0
4e7c18b98d84e05cbae3ff0ff03846c2,80,0.0375,34.65,12.0,15,jaboticabal,SP,Low,Maintain — on-time seller,418
4e85b538b0dad58852641540686d0e14,4,0.5,28.6,17.0,3,sao jose dos campos,SP,Low volume,Watch — below volume gate,0
4e8dacf3d38f281ae26c3e0321d92d88,8,0.125,17.57,12.2,4,sao paulo,SP,Low volume,Watch — below volume gate,0
4e922959ae960d389249c378d1c939f5,412,0.0898,17.42,14.5,23,jacarei,SP,Low,Maintain — on-time seller,163
4e92348462c75b6c842b994ce84a0ed4,1,0.0,15.59,10.0,1,cachoeirinha,RS,Low volume,Watch — below volume gate,0
4ea2f12dbe91deeacd2c1e74f069a6e6,4,0.0,17.52,9.2,3,sao paulo,SP,Low volume,Watch — below volume gate,0
4eb61f060e7dcc1d5a80d806c35cc541,7,0.0,20.75,6.7,3,sao paulo,SP,Low volume,Watch — below volume gate,0
4ebdc7e6cd6102a022dadc49156d4ea8,29,0.0345,13.44,10.0,7,sao paulo,SP,Low volume,Watch — below volume gate,0
4eeb99008a0f59d2c7759c59f9a346eb,2,0.0,19.48,7.5,2,embu das artes,SP,Low volume,Watch — below volume gate,0
4ef4c39cf3c24f326434cf0b2e48046a,7,0.1429,17.78,13.3,5,sao paulo,SP,Low volume,Watch — below volume gate,0
4f0d637c1197fd65405ebd755ac9f86b,2,0.0,16.34,7.5,2,taboao da serra,SP,Low volume,Watch — below volume gate,0
4f1f1c8666cdb6442f775c4e8caed465,2,0.0,62.7,20.5,2,belo horizonte,MG,Low volume,Watch — below volume gate,0
4fae87d32467e18eb46e4a76a0a0b9ce,1,0.0,19.9,7.0,1,ronda alta,RS,Low volume,Watch — below volume gate,0
4fb41dff7c50136976d1a5cf004a42e2,3,0.3333,22.26,66.7,3,feira de santana,BA,Low volume,Watch — below volume gate,0
4fe2f67634d00c021aa01f96b6f2d68e,2,0.0,16.02,11.0,2,maringa,PR,Low volume,Watch — below volume gate,0
5011f0d93373a4c5753adf58ca77af8d,11,0.0909,33.06,10.5,4,santos,SP,Low volume,Watch — below volume gate,0
503c1de08ae81a2d86f17951b204db55,22,0.0455,18.86,13.5,8,sao paulo,SP,Low volume,Watch — below volume gate,0
5058e8c1e82653974541e83690655b4a,61,0.1148,55.92,26.8,12,itaquaquecetuba,SP,Medium,Review — rising late rate,90
5075aaa8404020ae6aa8bf4792099b41,10,0.0,29.93,11.8,4,pocos de caldas,MG,Low volume,Watch — below volume gate,0
50770d25768b0486d89be26afca3108f,6,0.1667,12.68,13.5,4,santo andre,SP,Low volume,Watch — below volume gate,0
508808d438fe2ff972ed13bb8f4a82e2,9,0.0,14.9,4.7,4,sao paulo,SP,Low volume,Watch — below volume gate,0
50a7e551a7b3f8d37cd6e32d8bfbe5ea,1,0.0,27.96,13.0,1,sao caetano do sul,SP,Low volume,Watch — below volume gate,0
50bf89f1349bc0409a268c3a49678009,1,0.0,102.57,9.0,1,jaci,SP,Low volume,Watch — below volume gate,0
50c9975695009e5e6473912e83a6d1da,50,0.14,58.4,16.4,8,claudio,MG,Medium,Review — rising late rate,48
51209b446b2073894bdc0face6c73ffc,2,0.0,39.64,10.0,2,vila velha,ES,Low volume,Watch — below volume gate,0
512d298ac2a96d1931b6bd30aa21f61d,10,0.0,30.45,9.7,5,rio de janeiro,RJ,Low volume,Watch — below volume gate,0
513a54369b6a8a6602fcb0e129c6d78d,2,0.0,7.43,3.0,1,sao bernardo do campo,SP,Low volume,Watch — below volume gate,0
5145090ab595c0d0b8557199f5701fbf,4,0.0,49.46,15.5,3,curitiba,PR,Low volume,Watch — below volume gate,0
5151aea44289d6c6b090ee31c2132508,7,0.0,23.88,17.4,4,marilia,SP,Low volume,Watch — below volume gate,0
515d781150feed28a6ac091bb0e3cb8c,6,0.0,25.4,9.8,4,campo grande,MS,Low volume,Watch — below volume gate,0
5160d23075764e18e07c1f4a87fad743,32,0.0,15.02,9.0,11,sao bernardo do campo,SP,Low,Maintain — on-time seller,616
516e7738bd8f735ac19a010ee5450d8d,73,0.0274,19.96,8.8,15,rio de janeiro,RJ,Low,Maintain — on-time seller,494
51702dc2a3e106c76dbff722b5bf0726,13,0.0,44.76,14.8,7,conchal,SP,Low volume,Watch — below volume gate,0
5194c22ed1f616ec0c0f33c571542879,4,0.0,20.21,12.2,3,santa rita do sapucai,MG,Low volume,Watch — below volume gate,0
519a7aa428f18d125a283cf8c014fdd6,3,0.0,24.37,7.7,2,rio do oeste,SC,Low volume,Watch — below volume gate,0
51a04a8a6bdcb23deccc82b0b80742cf,1,1.0,31.93,35.0,1,braganca paulista,SP,Low volume,Watch — below volume gate,0
51e0557bc7b86de13e946c60ee91ce39,1,0.0,17.6,10.0,1,belo horizonte,MG,Low volume,Watch — below volume gate,0
51e4e89242cbb846c2deff3dc015650e,16,0.0,22.07,9.1,6,rio grande,RS,Low volume,Watch — below volume gate,0
51ed72984a04e5dd35c2b27e77179038,7,0.1429,28.42,16.4,3,sao jose do rio preto,SP,Low volume,Watch — below volume gate,0
51f108f62cb87d61918159902c8f8583,3,0.0,25.01,5.7,2,cascavel,PR,Low volume,Watch — below volume gate,0
52092ddbd3a58c450a4459bf051b2287,5,0.0,42.35,14.2,3,dois corregos,SP,Low volume,Watch — below volume gate,0
520b493b57809f446cb0a233bb3e25c7,63,0.0159,17.38,7.7,10,santos,SP,Low,Maintain — on-time seller,553
522620dcb18a6b31cd7bdf73665113a9,171,0.0877,26.82,15.4,21,cascavel,PR,Low,Maintain — on-time seller,175
5236605f4d4b0b3e4df85b850393fca0,5,0.2,16.44,10.4,2,sao paulo,SP,Low volume,Watch — below volume gate,0
52454f90d4c30c016768db02f88c1a74,3,0.0,22.39,12.7,3,campinas,SP,Low volume,Watch — below volume gate,0
52562a9f449c3dc3d53f5f5b9ed74903,14,0.0,31.72,13.4,9,parnamirim,RN,Low volume,Watch — below volume gate,0
525e75a6fb1454a2325ab1734bcec221,9,0.0,12.47,6.2,4,barueri,SP,Low volume,Watch — below volume gate,0
5275ca25d0358ca73864e0ae41be1320,4,0.0,17.3,7.0,2,guarulhos,SP,Low volume,Watch — below volume gate,0
527801b552d0077ffd170872eb49683b,90,0.1,22.92,13.1,14,garca,SP,Medium,Review — rising late rate,124
52831e5990d0771cb4951d6f12928167,1,0.0,13.12,5.0,1,tupa,SP,Low volume,Watch — below volume gate,0
528bcf6680c36dddf07620bd35b33a6f,2,0.5,21.93,21.0,2,sao paulo,SP,Low volume,Watch — below volume gate,0
528ce32f560edd11add4169f6a5b65be,1,0.0,9.27,2.0,1,sao roque,SP,Low volume,Watch — below volume gate,0
52956b80ae65fda598f06f6b9943e7a9,3,0.3333,22.28,25.7,3,maringa,PR,Low volume,Watch — below volume gate,0
52a50b42accf164f9f019941e5759d9b,4,0.0,14.26,5.2,2,monte alegre do sul,SP,Low volume,Watch — below volume gate,0
52a52b9f656520e99716f5bc40f661c8,7,0.0,21.16,10.6,4,sao carlos,SP,Low volume,Watch — below volume gate,0
52ac6f920b7280e4c6d30dd94de6259b,6,0.0,121.1,12.8,3,pinhais,PR,Low volume,Watch — below volume gate,0
52b53f7061969fe471d119b6195da864,1,0.0,8.37,3.0,1,itajai,SP,Low volume,Watch — below volume gate,0
52bb00821bcdd358a5a5a27e1f6be5a1,2,0.0,19.31,16.0,2,osasco,SP,Low volume,Watch — below volume gate,0
52d76513f0c4d97f3b99570e2c94ee31,18,0.0556,43.89,10.4,9,novo hamburgo,RS,Low volume,Watch — below volume gate,0
52f0fe436a347ddad7ed5f9aa4e27eaa,19,0.1053,23.81,14.9,7,sao paulo,SP,Low volume,Watch — below volume gate,0
52f6f9f13ba19504c02781132a049e75,1,0.0,23.13,16.0,1,curitiba,PR,Low volume,Watch — below volume gate,0
52f976b17ea7f2f087f56dcc419328f6,6,0.0,143.78,10.3,4,california,PR,Low volume,Watch — below volume gate,0
52f9db5cfb423382a2fa5c9e39303202,21,0.0,16.46,10.0,7,echapora,SP,Low volume,Watch — below volume gate,0
5305693ffae2d3463377b1f6fe67b15a,1,0.0,12.99,13.0,1,penapolis,SP,Low volume,Watch — below volume gate,0
53088c75f948b48a7ece173ac17f0c12,3,0.0,18.18,11.0,2,triunfo,RS,Low volume,Watch — below volume gate,0
530ec6109d11eaaf87999465c6afee01,94,0.0106,27.63,10.8,13,cascavel,PR,Low,Maintain — on-time seller,571
53243585a1d6dc2643021fd1853d8905,348,0.0345,36.94,13.3,26,lauro de freitas,BA,Low,Maintain — on-time seller,437
53336f97ddbe53e2a617d07b17447b95,1,0.0,75.33,19.0,1,sao paulo,SP,Low volume,Watch — below volume gate,0
533d46c1b06970e99f09523a61df4972,2,0.0,16.32,17.0,2,itapetininga,SP,Low volume,Watch — below volume gate,0
5343d0649eca2a983820bfe93fc4d17e,68,0.1029,37.15,11.1,17,santo andre,SP,Medium,Review — rising late rate,120
534a01cc6df1e034e05c32028a291fa2,5,0.0,11.97,10.4,3,jundiai,SP,Low volume,Watch — below volume gate,0
535bf14f36346c7f59d87cece104d70c,1,0.0,7.77,4.0,1,rio de janeiro,RJ,Low volume,Watch — below volume gate,0
537eb890efff034a88679788b647c564,152,0.0395,16.19,9.0,17,rio de janeiro,RJ,Low,Maintain — on-time seller,401
538caafddff204241cecbf3a02e6b3cf,8,0.375,11.3,17.4,4,sao paulo,SP,Low volume,Watch — below volume gate,0
539ed9e19811677513447759be5eccfc,2,0.0,23.48,5.0,2,belo horizonte,MG,Low volume,Watch — below volume gate,0
53b0300ca793f9834cd69c0678d35ee8,5,0.0,27.46,6.0,3,indaiatuba,SP,Low volume,Watch — below volume gate,0
53d00c40e32aeb924a84ce72b1af869d,16,0.125,17.2,16.6,9,ibitinga,SP,Low volume,Watch — below volume gate,0
53e4c6e0f4312d4d2107a8c9cddf45cd,453,0.0486,21.42,12.1,22,pedreira,SP,Low,Maintain — on-time seller,354
54065e9aef7e9e9c2dc23b7594db021a,12,0.0,20.23,12.4,8,rio de janeiro,RJ,Low volume,Watch — below volume gate,0
54219883e72aad869adfb2a54b7bfa0f,5,0.0,165.91,17.0,4,sorocaba,SP,Low volume,Watch — below volume gate,0
542917da124346b47ea1ac79a93ce454,20,0.05,18.4,11.5,9,curitiba,PR,Low volume,Watch — below volume gate,0
544863df86ed3b78a04e0820d41430ee,1,0.0,15.27,5.0,1,serra,ES,Low volume,Watch — below volume gate,0
54583ab379489add547fe47b628db589,10,0.0,15.11,5.0,5,sao bernardo do campo,SP,Low volume,Watch — below volume gate,0
54965bbe3e4f07ae045b90b0b8541f52,72,0.3056,28.54,26.3,11,foz do iguacu,PR,High,Intervene — high late rate,3
54a1852d1b8f10312c55e906355666ee,197,0.0761,16.91,11.4,20,santa barbara d'oeste,SP,Low,Maintain — on-time seller,213
54aa8463e87776b5612f4bdc4bd5d4de,7,0.0,17.65,13.7,4,belo horizonte,MG,Low volume,Watch — below volume gate,0
54c04bdb5ec46762f8f08c7e8f86ed4a,17,0.1176,26.32,16.2,8,florianopolis,SC,Low volume,Watch — below volume gate,0
55029529919c0123526150bd26ca8f20,7,0.0,19.27,8.6,5,contagem,MG,Low volume,Watch — below volume gate,0
553a440137d6e0cf776aee0bb83ac9f5,2,0.5,15.17,23.0,2,limeira,SP,Low volume,Watch — below volume gate,0
5563732abe64c3036cb97ad924128dd1,2,0.0,18.8,12.0,2,guarulhos,SP,Low volume,Watch — below volume gate,0
5566627eab3fe93fd6ee08798226101a,5,0.0,20.46,8.6,5,sao jose dos pinhais,PR,Low volume,Watch — below volume gate,0
556a6409838156ea299c9d1f9e2dde43,4,0.0,21.71,7.5,4,curitiba,PR,Low volume,Watch — below volume gate,0
557f22c76691849db52d2abccf0015d0,12,0.0,25.72,14.6,6,morrinhos,GO,Low volume,Watch — below volume gate,0
5587130f9850696ed7fafbc91c2cee44,2,0.0,16.84,6.5,2,sao paulo,SP,Low volume,Watch — below volume gate,0
559d56f3b8f0bc2e5a9a62fe2ce2a39f,2,0.5,24.36,12.5,2,joinville,SC,Low volume,Watch — below volume gate,0
55a5b51f93f2b70ea513f5a047b0262a,38,0.0263,22.2,13.9,17,sao joao del rei,MG,Low,Maintain — on-time seller,497
55bb6fe5bebe5012e2d7d9928e1128ff,15,0.1333,38.43,15.0,10,bauru,SP,Low volume,Watch — below volume gate,0
55c26bcb609f480eb7868594245febb5,5,0.0,27.99,10.2,4,tabatinga,SP,Low volume,Watch — below volume gate,0
55c96925041a14097b6a7825554f4ad5,5,0.2,16.25,11.4,1,sao paulo,SP,Low volume,Watch — below volume gate,0
55d3daac7c404d59e51c2aa2f4dc5a23,21,0.0,62.38,8.7,6,sao paulo,SP,Low volume,Watch — below volume gate,0
55dedd83e501d8248880557d9073cbfd,8,0.0,15.83,4.9,3,rio de janeiro,RJ,Low volume,Watch — below volume gate,0
55f7a3319d80f7fdf078b8f03e6725fe,22,0.0455,18.48,6.7,7,osasco,SP,Low volume,Watch — below volume gate,0
562f8cfc51f265411f487d07e9c40e7f,13,0.0769,15.33,13.9,7,belo horizonte,MG,Low volume,Watch — below volume gate,0
562fc2f2c2863ab7e79a9e4388a58a14,252,0.0317,16.88,11.2,23,campinas,SP,Low,Maintain — on-time seller,466
5656537e588803a555b8eb41f07a944b,169,0.0533,19.29,11.1,19,brasilia,DF,Low,Maintain — on-time seller,319
5659d77e8d90378e39b960ad5956f64e,2,0.5,15.32,20.5,2,taubate,SP,Low volume,Watch — below volume gate,0
56642bcb79900e777d68e91915cb4267,48,0.0833,16.96,12.5,11,sao paulo,SP,Low,Maintain — on-time seller,184
5670f4db5b62c43d542e1b2d56b0cf7c,22,0.0455,26.96,8.6,9,sao paulo,SP,Low volume,Watch — below volume gate,0
56db5c0782e8f7ddc9343f9576ff6d16,2,0.0,28.58,10.0,1,palhoca,SC,Low volume,Watch — below volume gate,0
56e361f411e38dcef17cdc2a3d99628b,5,0.2,371.55,10.2,4,guarulhos,SP,Low volume,Watch — below volume gate,0
56f413900b5166ab4d730e9ac0b12cb0,3,0.0,14.15,10.0,2,sorocaba,SP,Low volume,Watch — below volume gate,0
570d4583587a5fe2d47c7be89b91ad27,2,0.0,11.84,6.0,1,sao paulo,SP,Low volume,Watch — below volume gate,0
5721089ba9214e80074f27d5a03fc0eb,5,0.0,13.33,7.2,3,sao paulo,SP,Low volume,Watch — below volume gate,0
5733d806668f8712c24b9abaefbfa642,2,0.0,42.94,14.5,2,chapeco,SP,Low volume,Watch — below volume gate,0
5741dc2bf5044c34d0698681c5081bed,3,0.0,11.35,7.3,2,sao jose dos campos,SP,Low volume,Watch — below volume gate,0
575df70bde3f9f2b30bf8d2e9910d725,26,0.0385,27.95,13.3,9,sao jose do rio preto,SP,Low volume,Watch — below volume gate,0
577719699805dd125d5b6fdde5943bba,8,0.125,26.2,10.4,4,nova petropolis,RS,Low volume,Watch — below volume gate,0
578fa3a9cb6b6dceab39231ad59cdaca,3,0.3333,12.4,22.7,2,fortaleza,CE,Low volume,Watch — below volume gate,0
5795aebfe331fbcd02a2c4b679fb7952,5,0.0,23.68,10.2,3,palhoca,SC,Low volume,Watch — below volume gate,0
579891617139df7d8671d373f0669622,8,0.25,16.02,18.4,4,rio de janeiro,RJ,Low volume,Watch — below volume gate,0
57a834594e1e9e9219603bfec184eadc,1,0.0,27.05,6.0,1,santa rosa,RS,Low volume,Watch — below volume gate,0
57c764b4a836300be881e2ff86e449f9,28,0.1429,18.75,15.4,11,ribeirao preto,SP,Low volume,Watch — below volume gate,0
57d2ba47f7a3209aa347532ae75c1165,2,0.0,70.12,15.5,2,sao bento do sul,SC,Low volume,Watch — below volume gate,0
57df9869a600bd6b7c405f2a862eccfb,5,0.0,14.44,7.2,3,santa rita do sapucai,MG,Low volume,Watch — below volume gate,0
57e632711dec9ec14ca7546769483e7e,61,0.0,19.72,10.8,11,navegantes,SC,Low,Maintain — on-time seller,586
57fe6232e67823593374a2281d7a8af8,8,0.0,13.17,9.6,4,capivari,SP,Low volume,Watch — below volume gate,0
582d4f8675b945722eda7c0cb61ba4c7,56,0.0179,22.02,11.1,11,bertioga,SP,Low,Maintain — on-time seller,548
585175ec331ea177fa47199e39a6170a,1,0.0,53.47,8.0,1,montes claros,MG,Low volume,Watch — below volume gate,0
586a871d4f1221763fddb6ceefdeb95e,1,1.0,41.48,69.0,1,porto alegre,RS,Low volume,Watch — below volume gate,0
5882820ef11c4c068eea0677a7a879b4,14,0.0,52.81,14.9,5,caxias do sul,RS,Low volume,Watch — below volume gate,0
58c851d1a3c7cd3da329eb59453fed44,2,0.0,12.14,4.5,1,rio claro,SP,Low volume,Watch — below volume gate,0
58e4b302b54937e55a678c4d15111da4,1,0.0,14.52,7.0,1,colombo,PR,Low volume,Watch — below volume gate,0
58f1a6197ed863543e0136bdedb3fce2,41,0.0244,25.15,10.4,9,conselheiro lafaiete,MG,Low,Maintain — on-time seller,509
59417c56835dd8e2e72f91f809cd4092,18,0.0,66.6,12.7,8,limeira,SP,Low volume,Watch — below volume gate,0
594f9aaa48e5bf431f011ddc5669b0d5,37,0.027,23.99,7.6,11,contagem,MG,Low,Maintain — on-time seller,495
5962468f885ea01a1b6a97a218797b0a,6,0.0,15.29,10.8,3,curitiba,PR,Low volume,Watch — below volume gate,0
596849622429351f47b32e6cae1055ff,11,0.0,13.15,5.7,4,mogi das cruses,SP,Low volume,Watch — below volume gate,0
5996cddab893a4652a15592fb58ab8db,1,0.0,70.75,5.0,1,presidente prudente,SP,Low volume,Watch — below volume gate,0
59b22a78efb79a4797979612b885db36,124,0.1129,39.47,12.7,16,uberlandia,MG,Medium,Review — rising late rate,95
59bbc819b99a733f02f0d6b49d1c253d,2,0.0,11.48,5.5,1,campinas,SP,Low volume,Watch — below volume gate,0
59cd88080b93f3c18508673122d26169,10,0.1,17.54,12.8,6,praia grande,SP,Low volume,Watch — below volume gate,0
59cea8e446d3834393058e7e0666b6fb,10,0.0,20.45,7.2,5,maringa,PR,Low volume,Watch — below volume gate,0
59de1d4c8c057c2a53acd4ca66531af2,1,0.0,21.75,19.0,1,curitiba,PR,Low volume,Watch — below volume gate,0
59fb871bf6f4522a87ba567b42dafecf,123,0.0569,16.37,12.0,21,sao paulo,SP,Low,Maintain — on-time seller,298
5a05a16bb50629ee31afab8a6d4c2674,14,0.0,20.08,7.0,4,caxias do sul,RS,Low volume,Watch — below volume gate,0
5a32c398a06c345440bf2a683b017ad3,1,0.0,15.23,12.0,1,rio de janeiro,RJ,Low volume,Watch — below volume gate,0
5a413ade68e8f8d93071a7f52a64cb9e,14,0.0714,10.98,4.1,4,sao paulo,SP,Low volume,Watch — below volume gate,0
5a4236931428800e9d9cc04af0987118,1,0.0,45.69,4.0,1,sao paulo,SP,Low volume,Watch — below volume gate,0
5a425cc503b39b262a847fd6212bf53b,14,0.0714,17.95,6.6,6,londrina,PR,Low volume,Watch — below volume gate,0
5a6a02f419701fc8c605af71d4fc57a4,10,0.1,11.39,5.6,3,americana,SP,Low volume,Watch — below volume gate,0
5a8e7d5003a1f221f9e1d6e411de7c23,128,0.0391,19.28,10.4,16,campinas,SP,Low,Maintain — on-time seller,407
5a93f3ab0ef4c84ed5e1b5dbf23978bc,38,0.0263,17.18,15.0,9,monteiro lobato,SP,Low,Maintain — on-time seller,498
5a9b3bcab695173c820e53934574ae80,1,0.0,64.77,7.0,1,salto,SP,Low volume,Watch — below volume gate,0
5a9c0859cb00fd8aa4db443837f0a700,2,0.0,23.8,9.0,2,treze tilias,SC,Low volume,Watch — below volume gate,0
5ab05b6d86d417796c69ffd6774ec832,10,0.1,25.68,14.0,6,assis,SP,Low volume,Watch — below volume gate,0
5abb8ea023c77787f2c15da891c8d384,13,0.2308,57.4,19.6,6,joinville,SC,Low volume,Watch — below volume gate,0
5acd070dd3fe441bbb2ec1f1ede515ee,7,0.4286,17.46,26.0,4,jundiai,SP,Low volume,Watch — below volume gate,0
5b07547f10dd980738a1a27f685af669,13,0.1538,14.27,6.2,4,guarulhos,SP,Low volume,Watch — below volume gate,0
5b0cc932433fa5184b5b94bfe6bcc256,12,0.25,46.36,12.0,4,ibitinga,SP,Low volume,Watch — below volume gate,0
5b179e9e8cc7ab6fd113a46ca584da81,34,0.0588,19.58,13.0,9,sao paulo,SP,Low,Maintain — on-time seller,290
5b2e94f2c22b39ccc24d34ad0f669672,10,0.1,42.43,9.9,7,sao paulo,SP,Low volume,Watch — below volume gate,0
5b33b527da3c5b969cc99dc435cad09a,16,0.0625,22.85,12.6,8,paranavai,PR,Low volume,Watch — below volume gate,0
5b35136197710e16ac5e7b7c2bd4ea85,7,0.2857,35.16,18.3,3,rio de janeiro,RJ,Low volume,Watch — below volume gate,0
5b51032eddd242adc84c38acab88f23d,11,0.0,21.05,11.3,3,borda da mata,MG,Low volume,Watch — below volume gate,0
5b581417df4480f632484ba681e53944,11,0.1818,52.04,18.4,8,florianopolis,SC,Low volume,Watch — below volume gate,0
5b664594895aefb418afaee6d40a9a23,16,0.0,14.69,10.4,5,petropolis,RJ,Low volume,Watch — below volume gate,0
5b67882648febfb6e1225e6ad7164f6b,27,0.037,24.01,12.4,8,umuarama,PR,Low volume,Watch — below volume gate,0
5b8154610ebb21fb90eb587365e673df,37,0.1081,28.34,13.0,8,sao jose dos campos,SP,Medium,Review — rising late rate,109
5b85809efd0d0e4dea1a9544e1280ed9,12,0.0,24.4,7.9,6,presidente prudente,SP,Low volume,Watch — below volume gate,0
5b925e1d006e9476d738aa200751b73b,63,0.0635,16.72,10.8,13,sao paulo,SP,Low,Maintain — on-time seller,272
5b92bfa4120daa27c574daa2e386c693,1,0.0,10.96,16.0,1,sorocaba,SP,Low volume,Watch — below volume gate,0
5b97c06a046398e7005b2b7c0d707a92,3,0.3333,66.15,26.0,3,joao pinheiro,MG,Low volume,Watch — below volume gate,0
5bba18b40e8c973b0f32e748004775b0,1,0.0,44.82,7.0,1,itajobi,SP,Low volume,Watch — below volume gate,0
5bc237df65098fe211bb4818f4d26d78,2,0.0,28.54,12.5,2,uberlandia,MG,Low volume,Watch — below volume gate,0
5bc24d989e71e93c33e50a7782431b0e,17,0.0,34.62,9.1,7,campo do meio,MG,Low volume,Watch — below volume gate,0
5bc55dbe2f12b6af6d83ed46023e0dc8,16,0.25,29.89,14.6,6,coronel fabriciano,MG,Low volume,Watch — below volume gate,0
5bf397d04035b5f45cc41e82ec106803,3,0.0,15.76,4.0,2,sao paulo,SP,Low volume,Watch — below volume gate,0
5bffbafbb22daf6d3bfc216a46db8708,21,0.0,21.64,8.8,11,nilopolis,RJ,Low volume,Watch — below volume gate,0
5c030029b5916fed0986310385ec9009,7,0.0,130.79,6.1,7,sao jose,SC,Low volume,Watch — below volume gate,0
5c243662ce92d84573bfaff24c3e3700,98,0.0102,18.12,10.9,19,sao paulo,SP,Low,Maintain — on-time seller,572
5c3460cd3e8a984382ae254e7dd20d9f,9,0.0,22.06,9.8,5,sao jose do rio preto,SP,Low volume,Watch — below volume gate,0
5c6d4016c2a288f074fa0848a2b653d2,30,0.1,16.37,10.7,9,sao paulo,SP,Medium,Review — rising late rate,126
5c853bb56f70f4d14218944bae111d7a,22,0.0,12.78,8.5,5,cotia,SP,Low volume,Watch — below volume gate,0
5ca5d579b5857ee8709479b1047cecc3,1,1.0,8.05,18.0,1,sao paulo,SP,Low volume,Watch — below volume gate,0
5cbbd5a299cab112b7bf23862255e43e,35,0.0,21.67,10.8,11,pinhais,PR,Low,Maintain — on-time seller,608
5cf13accae3222c70a9cac40818ae839,144,0.0208,20.8,10.7,16,patos de minas,MG,Low,Maintain — on-time seller,533
5cf1ec37aea089f45110c70653a166ab,2,0.0,14.29,21.5,2,sao paulo,SP,Low volume,Watch — below volume gate,0
5d0363b33554b373851fc1622e4d5f3c,91,0.0769,23.27,12.1,13,atibaia,SP,Low,Maintain — on-time seller,209
5d043cd5512d4bd2f88e5ccdd5736c38,1,0.0,64.91,10.0,1,sao paulo,SP,Low volume,Watch — below volume gate,0
5d378b73ab7dd6f0418d743e5dcb0bd1,6,0.1667,59.78,30.3,5,sao paulo,SP,Low volume,Watch — below volume gate,0
5d3bb11474a06bdc23fb9e89f1164ee0,31,0.0323,16.91,9.7,7,assis,SP,Low,Maintain — on-time seller,460
5d505d2298ad549e4e4e835562fa0c1e,2,0.0,14.17,6.0,2,birigui,SP,Low volume,Watch — below volume gate,0
5d76d80a2f5f39c891b996a1bf4c9853,5,0.0,32.07,11.0,4,sao paulo,SP,Low volume,Watch — below volume gate,0
5d9dc90a686a8fddacffab6bab5653a3,12,0.0833,30.78,8.6,5,santana de parnaiba,SP,Low volume,Watch — below volume gate,0
5d9f3746e112e696f98ea22c56b3e912,1,0.0,47.77,7.0,1,sao paulo,SP,Low volume,Watch — below volume gate,0
5db42a6cd9bf1bf0d3aab9582767f168,1,0.0,19.33,17.0,1,vitoria,ES,Low volume,Watch — below volume gate,0
5dc203c7b84a0e71e878a179de05fb9a,5,0.0,25.63,8.6,3,pompeia,SP,Low volume,Watch — below volume gate,0
5dceca129747e92ff8ef7a997dc4f8ca,321,0.0561,42.64,11.6,24,santa barbara d´oeste,SP,Low,Maintain — on-time seller,303
5de1c80811ce7007f62f00d971236c09,2,0.0,15.48,8.0,2,florianopolis,SC,Low volume,Watch — below volume gate,0
5debea795b07621e1f90532e18f96145,25,0.0,20.17,10.1,7,apucarana,PR,Low volume,Watch — below volume gate,0
5def4c3732941a971cba8fdee992ede1,5,0.0,13.25,4.6,3,sao paulo,SP,Low volume,Watch — below volume gate,0
5e063e85d44b0f5c3e6ec3131103a57e,1,0.0,7.42,1.0,1,sao paulo,SP,Low volume,Watch — below volume gate,0
5e105f5c9f63f5f1fd75d6cb942e55b1,8,0.0,34.23,9.1,4,sao jose do rio preto,SP,Low volume,Watch — below volume gate,0
5e106d93b717c2682b9383da480364a1,1,0.0,21.71,7.0,1,santa terezinha de itaipu,PR,Low volume,Watch — below volume gate,0
5e25c632f9db6cfb8bc100421c2737b6,1,0.0,19.91,6.0,1,chapeco,SC,Low volume,Watch — below volume gate,0
5e49e3a44bdeb5aab2684258bbd4f525,3,0.3333,17.59,16.7,3,balenario camboriu,SC,Low volume,Watch — below volume gate,0
5e9f5bd34e0830569f05c9d4f56e04a8,2,0.0,17.44,10.0,2,porto alegre,RS,Low volume,Watch — below volume gate,0
5ee7fd217d08dfe5d3e2f51f96a12c9a,9,0.2222,29.96,16.9,6,vargem grande do sul,SP,Low volume,Watch — below volume gate,0
5eeb9c756d9780b96283e5a2ac6da334,9,0.2222,27.53,16.3,5,ribeirao preto,SP,Low volume,Watch — below volume gate,0
5ef131ac72773e5b3f6c0d63cf424657,9,0.0,25.61,6.2,7,ribeirao preto,SP,Low volume,Watch — below volume gate,0
5f0057b677eb963672bf05dfa3f16c34,4,0.0,12.78,7.2,2,sao paulo,SP,Low volume,Watch — below volume gate,0
5f06030071324cc52bf0304014ac7234,4,0.0,29.01,10.2,3,marilia,SP,Low volume,Watch — below volume gate,0
5f1dc28029d2c244352a68107ec2b542,61,0.0164,16.38,9.6,14,sao paulo,SP,Low,Maintain — on-time seller,552
5f2684dab12e59f83bef73ae57724e45,67,0.0597,16.56,10.6,13,sao paulo,SP,Low,Maintain — on-time seller,287
5f26c1408a65b42a7224cd463bdf3292,10,0.0,21.73,6.4,5,arapongas,PR,Low volume,Watch — below volume gate,0
5f3ae9136c875522250f8184f253413a,42,0.0476,14.21,7.8,12,sao paulo,SP,Low,Maintain — on-time seller,361
5f57db27027655e6c6a391601daa0258,1,0.0,53.04,14.0,1,viana,ES,Low volume,Watch — below volume gate,0
5f5a58930c3c35f3b5af264f34fb8c85,3,0.0,22.86,7.7,2,ribeirao preto,SP,Low volume,Watch — below volume gate,0
5f5b43b2bffa8656e4bc6efeb13cc649,27,0.037,21.09,14.0,11,sao paulo,SP,Low volume,Watch — below volume gate,0
5f67c6082caacb26e431a7b17940cece,13,0.2308,16.03,22.7,5,maringa,PR,Low volume,Watch — below volume gate,0
5f7300535881cef3b625fd683cf7d145,10,0.0,19.07,8.9,5,canoas,RS,Low volume,Watch — below volume gate,0
5fd924b4836098a5be0ecf81ba054ce0,7,0.0,19.36,8.1,5,sao paulo,SP,Low volume,Watch — below volume gate,0
602044f2c16190c2c6e45eb35c2e21cb,46,0.1739,19.08,14.9,9,ibitinga,SP,Medium,Review — rising late rate,20
6025c79c035c3d772133b8b8238463b2,2,0.0,54.3,8.5,1,pinhais/pr,PR,Low volume,Watch — below volume gate,0
6039e27294dc75811c0d8a39069f52c0,62,0.1774,37.13,18.1,16,osasco,SP,Medium,Review — rising late rate,18
60562ab00b8054280520d390c8c0045c,17,0.0,17.89,10.0,8,sao paulo,SP,Low volume,Watch — below volume gate,0
6061155addc1e54b4cfb51c1c2a32ad8,27,0.037,31.91,5.7,7,campinas,SP,Low volume,Watch — below volume gate,0
606ce7768feac12c5e8bd58db8b08f0f,5,0.0,24.36,9.8,5,campinas,SP,Low volume,Watch — below volume gate,0
609e1a9a6c2539919b8205cf7c4e6ff0,84,0.0119,33.76,10.1,8,brusque,SC,Low,Maintain — on-time seller,568
60da8bfa7eebe230b7d66ac4082d79b3,3,0.3333,12.89,7.7,1,fernando prestes,SP,Low volume,Watch — below volume gate,0
610f72e407cdd7caaa2f8167b0163fd8,15,0.1333,55.5,13.1,4,sao paulo,SP,Low volume,Watch — below volume gate,0
612170e34b97004b3ba37eae81836b4c,107,0.0093,21.63,10.9,20,novo hamburgo,RS,Low,Maintain — on-time seller,573
612a743d294c27884fb7b80d2b19ba35,2,0.0,52.22,10.0,1,curitiba,PR,Low volume,Watch — below volume gate,0
615005a3ef192c00c6f0e977cee3d2bc,10,0.1,15.82,13.7,4,itu,SP,Low volume,Watch — below volume gate,0
615c3462099ffa940d37b17dfda19594,2,0.0,16.02,8.0,2,rio de janeiro,RJ,Low volume,Watch — below volume gate,0
6179a28a13a726c29b3bf54c070dccab,1,0.0,61.27,25.0,1,varginha,MG,Low volume,Watch — below volume gate,0
6187a137b2af59dfdbad8d9f8c373c14,2,0.0,15.11,14.0,1,osasco,SP,Low volume,Watch — below volume gate,0
61b18775be84fb700a6b2d0ba097bf66,4,0.0,25.38,10.5,3,araraquara,SP,Low volume,Watch — below volume gate,0
61c36f0fc4a47f9532e5512b66668e62,1,0.0,17.69,12.0,1,guarulhos,SP,Low volume,Watch — below volume gate,0
620c87c171fb2a6dd6e8bb4dec959fc6,720,0.0875,19.17,12.9,23,petropolis,RJ,Low,Maintain — on-time seller,177
6219ba2359cfb97f2e38fd4c321eb309,5,0.6,16.51,23.4,3,sao paulo,SP,Low volume,Watch — below volume gate,0
6235903333ba7de1928c869e268e5964,1,0.0,41.42,5.0,1,treze tilias,SC,Low volume,Watch — below volume gate,0
623ad9d0c1e14bb5464a8c72bff7b4af,1,0.0,38.96,24.0,1,claudio,MG,Low volume,Watch — below volume gate,0
624f4ece8da4aafb77699233d480f8ef,50,0.08,33.06,13.7,16,sao paulo,SP,Low,Maintain — on-time seller,197
626ab1cd96932367f0eeec2e47046c12,3,0.0,26.82,7.0,2,sao paulo,SP,Low volume,Watch — below volume gate,0
62760d278921b5f352461620d68a9cee,3,0.3333,17.7,19.7,2,salto,SP,Low volume,Watch — below volume gate,0
6288c69c4ce638e59925e59193f98b16,20,0.05,13.51,9.6,6,santo andre,SP,Low volume,Watch — below volume gate,0
62c50c1af4dfdc4149d25c5222043d39,12,0.0,23.5,12.2,6,sao paulo,SP,Low volume,Watch — below volume gate,0
62de60d81c55c29d76a6bce418b31cef,1,0.0,23.87,17.0,1,ibitinga,SP,Low volume,Watch — below volume gate,0
630008e0f062605a415d694489f6f82e,1,0.0,15.35,17.0,1,sao paulo,SP,Low volume,Watch — below volume gate,0
63191ead8d3b2f937cd1996fdcbbad20,1,0.0,53.29,12.0,1,jundiai,SP,Low volume,Watch — below volume gate,0
63272377184e969942f7fff221be858d,2,0.0,33.26,12.5,2,sao paulo,SP,Low volume,Watch — below volume gate,0
6338ea67c41078a46ad99cc009654956,36,0.0,25.47,13.2,11,farroupilha,RS,Low,Maintain — on-time seller,605
633ecdf879b94b5337cca303328e4a25,6,0.6667,14.65,25.3,5,sao paulo,SP,Low volume,Watch — below volume gate,0
634964b17796e64304cadf1ad3050fb7,262,0.0954,22.68,14.6,20,rio de janeiro,RJ,Low,Maintain — on-time seller,139
63704069d9bd3a75c1cf59babe56004a,1,1.0,7.39,18.0,1,jundiai,SP,Low volume,Watch — below volume gate,0
638cba8be1fb599bbb76fd6948351eb3,16,0.0,16.77,8.0,6,sao jose dos campos,SP,Low volume,Watch — below volume gate,0
63a79f5a7eb5cb48a7e5787b141c7993,11,0.0,19.76,6.4,3,patos de minas,MG,Low volume,Watch — below volume gate,0
63b464dbf392c7b80d12d932fa7cafed,36,0.0556,23.91,13.0,8,sao paulo,SP,Low,Maintain — on-time seller,310
63b9ae557efed31d1f7687917d248a8d,5,0.0,20.56,18.8,5,sao jose do rio pardo,SP,Low volume,Watch — below volume gate,0
63ffcb71394dd8ea3872ed9ffda17c74,17,0.0588,15.57,13.2,8,itaborai,RJ,Low volume,Watch — below volume gate,0
640e21a7d01df7614a3b4923e990d40c,111,0.045,21.59,10.2,13,ibitinga,SP,Low,Maintain — on-time seller,376
6426d21aca402a131fc0a5d0960a3c90,23,0.0,16.7,11.0,11,ribeirao preto,SP,Low volume,Watch — below volume gate,0
643214e62b870443ccbe55ab29a4dccf,65,0.1077,13.72,9.5,15,sao paulo,SP,Medium,Review — rising late rate,111
643c01d7c56a724bec0454f4780e8a3e,2,0.0,20.55,9.5,2,joinville,SC,Low volume,Watch — below volume gate,0
6481e96574816ead57975da2c0f6d80d,31,0.0323,32.28,6.9,6,sorocaba,SP,Low,Maintain — on-time seller,461
64c9a1db4e73e19aaafd3286dc448c96,1,0.0,43.6,10.0,1,curitiba,PR,Low volume,Watch — below volume gate,0
64cc804291f90c81f02bfc2bb58ff55a,2,0.0,34.99,14.5,2,curitiba,PR,Low volume,Watch — below volume gate,0
651530bf5c607240ccdd89a30c9c9712,1,0.0,24.55,12.0,1,ipira,BA,Low volume,Watch — below volume gate,0
651fe66032c9520ee5587f694908040d,7,0.0,18.39,6.6,5,alvorada,RS,Low volume,Watch — below volume gate,0
6524b847b982cd56bb5d4b02b776ee42,1,1.0,55.14,42.0,1,campinas,SP,Low volume,Watch — below volume gate,0
6548c2550b6e2d8f18053216e1c7b6f3,3,0.0,23.28,6.3,2,diadema,SP,Low volume,Watch — below volume gate,0
655220df33262c7e0c4949a147366f94,13,0.1538,52.43,13.8,6,diadema,SP,Low volume,Watch — below volume gate,0
6560211a19b47992c3666cc44a7e94c0,1809,0.0525,15.27,9.6,25,sao paulo,SP,Low,Maintain — on-time seller,329
6561d6bf844e464b4019442692b40e02,1,0.0,7.55,1.0,1,franco da rocha,SP,Low volume,Watch — below volume gate,0
6562efe88ce0826a4ca4f189f03b4b84,8,0.125,35.29,17.6,5,maringa,PR,Low volume,Watch — below volume gate,0
656591be56071d4c9ef4e5fee78a578a,7,0.2857,45.6,14.9,4,santo andre,SP,Low volume,Watch — below volume gate,0
657969cca82e884d272385ec0ef06edd,3,0.0,17.29,8.0,2,estancia velha,RS,Low volume,Watch — below volume gate,0
659e8466eb3ff1b0e8740d74fb7bbedd,11,0.0,35.75,9.1,7,eunapolis,BA,Low volume,Watch — below volume gate,0
65a7c0788e4d632ccb5e1b594b87f0bb,3,0.0,39.14,11.0,2,sao paulo,SP,Low volume,Watch — below volume gate,0
65b081a070633e057c462abdd6fb9dd8,19,0.0,23.24,11.9,8,morrinhos,GO,Low volume,Watch — below volume gate,0
65c255b299faf2d12050937cc219c46c,2,0.0,10.94,7.0,2,sao paulo,SP,Low volume,Watch — below volume gate,0
65febd49fd28ec955651299159b1f527,33,0.0,28.75,6.6,7,sao paulo,SP,Low,Maintain — on-time seller,614
6601ee6383e7f452be71929f8de48bbb,2,0.0,14.17,15.0,2,ribeirao pretp,SP,Low volume,Watch — below volume gate,0
6614814a00d344b846ae209f95ee7e3f,1,0.0,12.69,5.0,1,macatuba,SP,Low volume,Watch — below volume gate,0
661ad5fcc28cdfb8bcadb12bb2272475,4,0.0,29.94,12.2,2,balneario camboriu,SC,Low volume,Watch — below volume gate,0
6624bc09786f0e41ae48dfc5eeb1a9e2,1,0.0,17.47,16.0,1,belo horizonte,MG,Low volume,Watch — below volume gate,0
6650fcccd8cd2f7e55ffa524f30c4c59,2,0.0,49.77,8.0,2,sao paulo,SP,Low volume,Watch — below volume gate,0
668bf321538e5072858eaef6087ce027,1,0.0,8.11,4.0,1,pinhais,PR,Low volume,Watch — below volume gate,0
66922902710d126a0e7d26b0e3805106,150,0.0733,21.72,11.2,16,belo horizonte,MG,Low,Maintain — on-time seller,225
669ae81880e08f269a64487cfb287169,161,0.0435,20.97,12.2,14,rio do sul,SC,Low,Maintain — on-time seller,383
66dc1b1632bd6a3e508510c5b3492107,36,0.0278,19.3,10.2,11,jau,SP,Low,Maintain — on-time seller,492
66e0557ecc2b4dbea057e93f215f68d8,30,0.2,16.25,31.6,9,sao paulo,SP,High,Intervene — high late rate,12
66fd84ee7528c0c0de85d0f44a73d5ab,11,0.0909,41.2,15.3,6,campina das missoes,RS,Low volume,Watch — below volume gate,0
670a9dda115b5a88b18cfadee8de2332,11,0.0,16.64,12.2,5,ribeirao preto,SP,Low volume,Watch — below volume gate,0
670c26e0f1bf8d0576271d5cfaec6d2b,76,0.0526,21.84,14.2,12,maringa,PR,Low,Maintain — on-time seller,326
671585f5a2af58b6e276bc01003c0d2b,27,0.0,16.6,5.5,6,curitiba,PR,Low volume,Watch — below volume gate,0
67225bff54a172ff67579aaf583efd78,8,0.0,19.39,13.2,3,marechal candido rondon,PA,Low volume,Watch — below volume gate,0
674207551483fec113276b67b0d871ff,1,0.0,13.94,2.0,1,sorocaba,SP,Low volume,Watch — below volume gate,0
6750d71153f00fc58829af2a8ef1bcf1,6,0.0,18.75,9.5,4,rio bonito,RJ,Low volume,Watch — below volume gate,0
67883baaae6134ee81b271a542613728,19,0.0526,17.27,5.8,7,sao paulo,SP,Low volume,Watch — below volume gate,0
679769a98cfcc6da877c8486ff1c13f3,21,0.0,20.88,9.5,7,ipatinga,MG,Low volume,Watch — below volume gate,0
67bf6941ba2f1fa1d02c375766bc3e53,15,0.0667,83.86,14.9,9,curitiba,PR,Low volume,Watch — below volume gate,0
6806dad1da97bfb5a9038eac6881f706,10,0.0,30.63,16.9,7,guaratuba,PR,Low volume,Watch — below volume gate,0
681fce914360217db47784ae28905a96,21,0.1429,19.31,13.0,8,araucaria,PR,Low volume,Watch — below volume gate,0
6824a69c9ea0313eba299dd4a2dba09a,6,0.0,19.53,4.7,3,formiga,MG,Low volume,Watch — below volume gate,0
685b870da5b52a710782c9c0fefbeb5b,2,1.0,21.99,39.5,1,sao bernardo do campo,SP,Low volume,Watch — below volume gate,0
6860153b69cc696d5dcfe1cdaaafcf62,74,0.0811,20.14,10.1,10,capivari,SP,Low,Maintain — on-time seller,191
6861de0f40cacb0602e473c51639f980,5,0.2,55.15,13.8,5,curitiba,PR,Low volume,Watch — below volume gate,0
686886775c8f6b1191c7b953fb52708c,1,0.0,13.62,3.0,1,pedreira,SP,Low volume,Watch — below volume gate,0
6879c4d287a8dd06b11f54ea8f78e4da,5,0.0,26.45,7.0,4,osasco,SP,Low volume,Watch — below volume gate,0
688756f717c462a206ad854c5027a64a,77,0.039,24.86,10.8,15,guarulhos,SP,Low,Maintain — on-time seller,409
68ca56ce86830f3d31b1b7ec6a54da3e,4,0.0,32.12,5.5,2,guaratuba,PR,Low volume,Watch — below volume gate,0
68f86ba270525243e68ae74044f992b9,10,0.0,18.67,10.1,7,rio de janeiro,RJ,Low volume,Watch — below volume gate,0
6902157ee16728322d61a1321fa79e58,2,0.0,15.82,10.5,2,sao paulo,SP,Low volume,Watch — below volume gate,0
693660429f9dc4ff704eb3d88dad54d7,2,0.0,12.06,3.5,2,santo andre,SP,Low volume,Watch — below volume gate,0
695051e2981c8b19e77cafe450d5bdf3,1,0.0,12.69,20.0,1,osasco,SP,Low volume,Watch — below volume gate,0
6973a06f484aacf400ece213dbf3d946,82,0.1585,15.58,15.0,9,sao jose dos campos,SP,Medium,Review — rising late rate,32
698624c6632eeba1774924dbea24c700,1,0.0,15.23,7.0,1,sao paulo,SP,Low volume,Watch — below volume gate,0
6989574bd97d9773f10d232b6c07da59,7,0.0,45.87,10.9,4,curitiba,PR,Low volume,Watch — below volume gate,0
698f5fa55a5f73d0740e9d9a773e8093,4,0.0,21.0,6.0,2,rio de janeiro,RJ,Low volume,Watch — below volume gate,0
69a43819c758c65a5befb0b471c954d7,2,0.0,50.46,13.0,2,apucarana,PR,Low volume,Watch — below volume gate,0
69b5eaa096c3f9d1e5c398c597f567d6,2,0.0,24.51,6.5,1,birigui,SP,Low volume,Watch — below volume gate,0
6a0cbc8af2e8abd1bdfb777943d174c6,34,0.0882,21.44,15.4,10,batatais,SP,Low,Maintain — on-time seller,171
6a3139c7bf09ece22a4713d956acbe5e,1,0.0,14.74,4.0,1,sao sebastiao da grama/sp,SP,Low volume,Watch — below volume gate,0
6a38087bc8ad4f89ff453561005f6dea,15,0.0,36.53,10.1,8,anapolis,GO,Low volume,Watch — below volume gate,0
6a51fc556dab5f766ced6fbc860bc613,24,0.0833,31.13,14.0,4,marilia,SP,Low volume,Watch — below volume gate,0
6a53b90c3ad9e0b56d9fe5c69165fff5,2,0.0,27.5,11.5,2,curitiba,PR,Low volume,Watch — below volume gate,0
6a8a889bde935bafa76d7848782dfaf9,26,0.0769,14.15,7.8,6,sao paulo,SP,Low volume,Watch — below volume gate,0
6a8b085f816a1f75f92dbac6eb545f8f,124,0.0806,17.55,14.5,15,bebedouro,SP,Low,Maintain — on-time seller,193
6aa3928696eab49a19a466e665a649fd,17,0.0588,19.92,9.2,9,nova iguacu,RJ,Low volume,Watch — below volume gate,0
6b15924333bd1a741595fe981ea04822,21,0.0,11.72,7.8,6,sao caetano do sul,SP,Low volume,Watch — below volume gate,0
6b1c4d4d9ccf0be3d8544eb0e71e5318,1,0.0,60.04,12.0,1,porto alegre,RS,Low volume,Watch — below volume gate,0
6b243f80ed07b10f0e8aa0f21a205f3c,78,0.0385,19.83,11.1,12,curitiba,PR,Low,Maintain — on-time seller,412
6b2612338467c08c9b25f0cc55b1578d,1,0.0,20.97,17.0,1,marialva,PR,Low volume,Watch — below volume gate,0
6b333a05bf188ef3e1f1662a86bd9855,12,0.0833,47.0,10.8,5,brasilia,DF,Low volume,Watch — below volume gate,0
6b3bd31ad8fcda4b2635ec9f3ff2ecdf,34,0.0882,21.24,13.4,11,rio de janeiro,RJ,Low,Maintain — on-time seller,172
6b536a23086fba0d58c08d68814397f6,18,0.0556,19.99,12.0,6,niteroi,RJ,Low volume,Watch — below volume gate,0
6b803197e03abd5056b4313306b4f29d,7,0.0,19.17,5.3,3,sao paulo,SP,Low volume,Watch — below volume gate,0
6b89abe95848c850399130d149a39b63,8,0.0,41.32,11.4,3,piracanjuba,GO,Low volume,Watch — below volume gate,0
6b90f847357d8981edd79a1eb1bf0acb,45,0.0,16.39,5.5,7,guarulhos,SP,Low,Maintain — on-time seller,596
6b9b80d53ba3676eafe60268a810b5a1,9,0.0,17.5,12.1,7,belo horizonte,SP,Low volume,Watch — below volume gate,0
6ba4733aa33f6386e9fb0c0fd3993b38,3,0.0,20.03,12.3,3,torres,RS,Low volume,Watch — below volume gate,0
6bb0724edf0b62fb91ac404873a97241,17,0.0588,44.91,14.2,4,cotia,SP,Low volume,Watch — below volume gate,0
6bb62a4912377c7bfe7cb17b406bc7e6,4,0.0,27.27,4.2,2,jundiai,SP,Low volume,Watch — below volume gate,0
6bb66d9870c2e01c05655c7ed0e7ee13,3,0.0,17.34,8.0,3,sao paulo,SP,Low volume,Watch — below volume gate,0
6bbcb8924baf70b7fe2fe2097e8cd407,10,0.0,26.43,12.0,5,blumenau,SC,Low volume,Watch — below volume gate,0
6bcb2352a2a0c38b845f598298ab9d26,1,0.0,15.1,11.0,1,maringa,PR,Low volume,Watch — below volume gate,0
6bd503a8230299c9316fb0f726933927,4,0.25,32.4,10.0,4,morrinhos,GO,Low volume,Watch — below volume gate,0
6bd69102ab48df500790a8cecfc285c2,5,0.2,57.8,16.4,3,sao paulo,SP,Low volume,Watch — below volume gate,0
6bef34c5be6f2bbd70aa5165f6df94b1,2,0.0,66.44,16.5,2,timbo,SC,Low volume,Watch — below volume gate,0
6c12e40690c335dbc2f68a4134d30dc1,16,0.0,30.32,13.3,7,castro,PR,Low volume,Watch — below volume gate,0
6c177e38df6d3f34182b1f1d427231bf,53,0.0189,18.91,14.4,14,curitiba,PR,Low,Maintain — on-time seller,541
6c17baf138731a4aaacc3210adf2037b,4,0.0,22.48,7.5,3,franca,SP,Low volume,Watch — below volume gate,0
6c1b6d0c604b776f844125f911eb7377,4,0.0,14.04,17.5,3,sao paulo,SP,Low volume,Watch — below volume gate,0
6c6cc59a5c00cacc5054ca06d65cc282,1,0.0,148.71,9.0,1,santa maria,RS,Low volume,Watch — below volume gate,0
6c6e3d67f969468f3bfd33f827a31222,5,0.0,18.48,8.4,3,maringa,PR,Low volume,Watch — below volume gate,0
6c77cd583b36a13aacccf2b3ee23e233,1,0.0,12.79,6.0,1,marilia,SP,Low volume,Watch — below volume gate,0
6c7d50c24b3ccd2fd83b44d8bb34e073,109,0.0183,25.58,12.2,15,presidente prudente,SP,Low,Maintain — on-time seller,545
6c9875b2f94ba781186f0c1aed8d1687,2,0.0,30.3,4.0,2,brotas,SP,Low volume,Watch — below volume gate,0
6c99c983ce3b6ba0ab813e6790e81691,9,0.0,22.86,6.0,5,uberlandia,MG,Low volume,Watch — below volume gate,0
6cd68b3ed6d59aaa9fece558ad360c0a,148,0.0135,17.23,10.5,19,belo horizonte,MG,Low,Maintain — on-time seller,562
6cf476a4ca74498db55cbccdaa9dcfb6,5,0.2,33.33,34.4,3,sao paulo,SP,Low volume,Watch — below volume gate,0
6d04126aba80df143fd038e711b8fd96,1,1.0,18.87,37.0,1,rio de janeiro,RJ,Low volume,Watch — below volume gate,0
6d1b9c9579132c87d2703ec38c30f2c5,4,0.0,16.92,9.5,3,curitiba,PR,Low volume,Watch — below volume gate,0
6d22a1fcebb6dd08c9cd90b92a93e8d0,12,0.0,19.53,15.2,5,joinville,SC,Low volume,Watch — below volume gate,0
6d2f2e3b539480db1e0842b3a4e32e6e,3,0.0,56.1,6.3,1,guarulhos,SP,Low volume,Watch — below volume gate,0
6d66611d7c44cc30ce351abc49a68421,162,0.0556,19.89,12.1,19,sao paulo,SP,Low,Maintain — on-time seller,304
6d7f8d9d594e28796b6b3205b00f459c,3,0.0,19.7,15.3,3,curitiba,PR,Low volume,Watch — below volume gate,0
6d803cb79cc31c41c4c789a75933b3c7,58,0.069,20.93,13.1,13,sao joaquim da barra,SP,Low,Maintain — on-time seller,242
6d988d6174a2c27441597174f8905515,19,0.1053,19.79,20.6,6,maringa,PR,Low volume,Watch — below volume gate,0
6da1992f915d77be95d7fa48b36904af,7,0.0,17.52,8.9,4,sao paulo,SP,Low volume,Watch — below volume gate,0
6dd7dce75cd55c1ce255dc38d9f0cd46,1,0.0,21.33,12.0,1,palhoca,SC,Low volume,Watch — below volume gate,0
6ddc28b61be28373b4503a1f61cf98a9,10,0.1,14.46,7.1,6,sao paulo,SP,Low volume,Watch — below volume gate,0
6df688df543f90e9b38f4319e75a9d88,39,0.0,19.73,7.9,9,belo horizonte,MG,Low,Maintain — on-time seller,602
6e0908ef4d4efadbc3cc2b74ea477cb0,7,0.1429,21.54,13.3,7,rio de janeiro,RJ,Low volume,Watch — below volume gate,0
6e13dd869aa7185f601c941423abcc8f,5,0.0,15.22,4.2,2,sao paulo,SP,Low volume,Watch — below volume gate,0
6e1862e15f33d9994bc25922a85e1efc,7,0.0,15.83,3.7,3,rio claro,SP,Low volume,Watch — below volume gate,0
6e386f64c84e482f0b9abf960797ee1b,29,0.069,21.09,10.5,14,sao paulo,SP,Low volume,Watch — below volume gate,0
6e4a902d1054e4e17aa6eab87fac1c75,7,0.1429,15.59,6.9,4,sorocaba,SP,Low volume,Watch — below volume gate,0
6e4f5ff6b086632ba8dcb558fb10249e,5,0.0,42.87,10.4,3,flores da cunha,RS,Low volume,Watch — below volume gate,0
6e864f5c4669eff3d98140a07cc50202,13,0.0769,14.75,9.8,7,sao paulo,SP,Low volume,Watch — below volume gate,0
6eb94e1466490d327a09abf8f3552a50,9,0.0,23.81,8.2,6,jundiai,SP,Low volume,Watch — below volume gate,0
6ebf4eceee4dd9847201c82e77ef8123,1,0.0,22.13,15.0,1,rio de janeiro,RJ,Low volume,Watch — below volume gate,0
6ec1a01e866584bb679eb9b098345919,30,0.2,27.37,13.6,8,santos,SP,High,Intervene — high late rate,13
6edacfd9f9074789dad6d62ba7950b9c,198,0.0455,14.2,9.0,15,guarulhos,SP,Low,Maintain — on-time seller,371
6ee85be3693ed79a8e80718743d80655,5,0.4,17.79,29.2,5,sao paulo,SP,Low volume,Watch — below volume gate,0
6eeed17989b0ae47c9f11ece6f38ea90,3,0.0,71.18,6.3,2,sao paulo,SP,Low volume,Watch — below volume gate,0
6f1a1263039c76e68f40a8e536b1da6a,2,0.5,37.25,51.0,1,sao paulop,SP,Low volume,Watch — below volume gate,0
6f229cc508fc6915ed5c499efd93baa4,13,0.1538,25.68,9.3,6,rio de janeiro,RJ,Low volume,Watch — below volume gate,0
6f835fd4be26989b1b064399da346143,2,0.0,15.73,7.0,1,curitiba,PR,Low volume,Watch — below volume gate,0
6f83d9e4da896daae20b9b6b2d3ff8d2,11,0.0,23.12,14.8,5,pinhalao,PR,Low volume,Watch — below volume gate,0
6f892e20a171e98efe17fdb971ff319b,41,0.0976,20.91,17.3,14,sao paulo,SP,Low,Maintain — on-time seller,133
6fa9202c10491e472dffd59a3e82b2a3,3,0.0,308.34,8.7,3,sorocaba,SP,Low volume,Watch — below volume gate,0
6fc26fe110feebd80a433e1f012a84f9,35,0.1143,27.92,12.8,8,fernandopolis,SP,Medium,Review — rising late rate,92
6fd52c528dcb38be2eea044946b811f8,67,0.1343,16.99,21.5,12,sao paulo,SP,Medium,Review — rising late rate,55
7008613ea464bad5cb9b83456e1e6a8f,123,0.0488,23.98,14.5,15,canoinhas,SC,Low,Maintain — on-time seller,347
700f03c207639c22d933381ff60b35c2,4,0.5,34.11,29.8,2,barretos,SP,Low volume,Watch — below volume gate,0
70125af26c2d6d4ef401a1d02ae7701f,5,0.0,51.68,10.4,5,goiania,GO,Low volume,Watch — below volume gate,0
70126eecc6aa1274392a1743866e9678,3,0.0,15.78,5.7,3,barueri,SP,Low volume,Watch — below volume gate,0
701938c450705b8ae65fc923b70f35c7,74,0.0405,50.97,13.0,9,s jose do rio preto,SP,Low,Maintain — on-time seller,397
702835e4b785b67a084280efca355756,1,0.0,10.96,2.0,1,juiz de fora,MG,Low volume,Watch — below volume gate,0
7040e82f899a04d1b434b795a43b4617,205,0.078,15.15,10.4,18,sao paulo,SP,Low,Maintain — on-time seller,207
70849ca4f400aaabb62cb7462a6f1428,12,0.1667,19.47,10.8,5,belo horizonte,MG,Low volume,Watch — below volume gate,0
709e16e2b25c7474d980076c6bfc4806,59,0.0339,20.71,10.5,13,birigui,SP,Low,Maintain — on-time seller,441
70a12e78e608ac31179aea7f8422044b,309,0.0939,17.7,14.7,23,jacarei,SP,Low,Maintain — on-time seller,145
70b52a4cfc823994561b00bad161b4ed,8,0.0,12.54,12.8,3,sao paulo,SP,Low volume,Watch — below volume gate,0
70bf57d811208f8923b41bbd499a67a4,7,0.0,12.7,4.7,2,franco da rocha,SP,Low volume,Watch — below volume gate,0
70c0fda4c313d87115644d39e62eec60,1,0.0,37.09,10.0,1,caruaru,PE,Low volume,Watch — below volume gate,0
70c27847eca8195c983ed7e798c56743,77,0.0649,19.64,11.1,14,rio de janeiro,RJ,Low,Maintain — on-time seller,265
70c4eedec9cb4a85cda2f3f9673557b4,1,0.0,13.18,7.0,1,sao paulo,SP,Low volume,Watch — below volume gate,0
70ee69419916dc13e3aed619061f996c,1,0.0,8.72,14.0,1,mogi das cruzes,SP,Low volume,Watch — below volume gate,0
70eea00b476a314817cefde4aad4f89a,104,0.0673,25.89,13.3,18,itatiba,SP,Low,Maintain — on-time seller,248
70f7e8018e3d46c748c92f026aa2585a,1,0.0,37.88,7.0,1,sao paulo,SP,Low volume,Watch — below volume gate,0
70f84699be677ec988d1fa824aef7d90,5,0.0,23.23,17.6,5,sete lagoas,MG,Low volume,Watch — below volume gate,0
71039d19d4303bf9054d69e9a9236699,35,0.2,18.03,13.8,11,sao paulo,SP,High,Intervene — high late rate,11
710e3548e02bc1d2831dfc4f1b5b14d4,129,0.0388,28.6,14.5,16,rolandia,PR,Low,Maintain — on-time seller,410
71271995e85f5b8530be99ed54a91b89,6,0.1667,15.36,12.0,2,porto alegre,RS,Low volume,Watch — below volume gate,0
712e6ed8aa4aa1fa65dab41fed5737e4,77,0.2078,87.85,24.6,17,videira,SC,High,Intervene — high late rate,9
712efd3b68f9686dc856b84abd0f21ae,1,0.0,17.16,7.0,1,curitiba,PR,Low volume,Watch — below volume gate,0
7139dc5186aa238b006e066d8fbab2e4,22,0.1364,24.36,14.7,7,amparo,SP,Low volume,Watch — below volume gate,0
713e3a23ca5e47786eb6f0d99f94cfac,4,0.0,21.76,10.0,3,curitiba,PR,Low volume,Watch — below volume gate,0
7142540dd4c91e2237acb7e911c4eba2,316,0.0728,22.03,14.7,22,penapolis,SP,Low,Maintain — on-time seller,228
714b9a1332840f257b49f476bea4e341,6,0.3333,26.36,32.3,5,monte alto,SP,Low volume,Watch — below volume gate,0
71592660bbcb6a4664e97b6f8b68babc,6,0.0,28.9,12.3,5,sao jose do rio preto,SP,Low volume,Watch — below volume gate,0
71593c7413973a1e160057b80d4958f6,2,0.0,22.92,9.0,1,sao paulo / sao paulo,SP,Low volume,Watch — below volume gate,0
715bbd5ba4e6b74cb0d2f29eb45058b0,61,0.082,20.78,11.9,8,serra negra,SP,Low,Maintain — on-time seller,188
7178e1eaa97257d8b6d4b80efd77a025,1,0.0,16.81,7.0,1,tatui,SP,Low volume,Watch — below volume gate,0
7178f9f4dd81dcef02f62acdf8151e01,202,0.0347,21.71,15.6,18,videira,SC,Low,Maintain — on-time seller,436
717b78b0950b51ed00b1471d858b0edc,5,0.2,16.23,21.2,3,alambari,SP,Low volume,Watch — below volume gate,0
718539d38d07dd351c76db862760e2e2,35,0.0,18.25,8.5,9,campinas,SP,Low,Maintain — on-time seller,609
71dc18fd8cbf5fd77f45dd8b427abb34,4,0.0,37.35,10.8,3,curitiba,PR,Low volume,Watch — below volume gate,0
7202e2ba20579a9bd1acb29e61fe71f6,51,0.0392,22.19,13.3,14,franca,SP,Low,Maintain — on-time seller,405
720e6cf846ea7572cbb66b743fb91e6c,1,0.0,14.55,16.0,1,mogi das cruzes / sp,SP,Low volume,Watch — below volume gate,0
7210cd29727d674c00741e5e387b3ccd,9,0.1111,16.12,3.8,1,sao paulo,SP,Low volume,Watch — below volume gate,0
72146da5774cabf2632faedcae097a76,4,0.25,27.62,36.0,3,marechal candido rondon,PR,Low volume,Watch — below volume gate,0
7238a95bb63ef7e498389fb863b834a1,15,0.0,37.96,7.8,8,limeira,SP,Low volume,Watch — below volume gate,0
7238f877570096ae403c51898fa64566,3,0.0,16.51,9.0,3,santana de parnaiba,SP,Low volume,Watch — below volume gate,0
723a46b89fd5c3ed78ccdf039e33ac63,1,0.0,23.4,8.0,1,"novo hamburgo, rio grande do sul, brasil",RS,Low volume,Watch — below volume gate,0
723cd880edaacdb998898b67c8f9da30,11,0.0909,40.09,9.9,6,ibitinga,SP,Low volume,Watch — below volume gate,0
72431a818f97fe6ab9c81eee3e297e54,1,0.0,19.49,12.0,1,rio das pedras,SP,Low volume,Watch — below volume gate,0
725af026f869236a8dd0ceb98564d156,5,0.0,25.19,13.6,2,claudio,MG,Low volume,Watch — below volume gate,0
725c32fa80c2faacc4fc88450d27314e,88,0.0114,14.93,9.2,15,sao paulo,SP,Low,Maintain — on-time seller,570
7299e27ed73d2ad986de7f7c77d919fa,334,0.0419,20.56,11.3,20,araguari,MG,Low,Maintain — on-time seller,387
729b2d09b2a0bdab221076327f13d050,48,0.0417,19.47,12.5,13,mineiros do tiete,SP,Low,Maintain — on-time seller,391
729f06993dac8e860d4f02d7088ca48a,93,0.0968,53.1,11.7,16,limeira,SP,Low,Maintain — on-time seller,135
72bc2cce903c872fe376a8faaa81d237,17,0.0,15.05,8.9,8,sao paulo,SP,Low volume,Watch — below volume gate,0
72c38a04bd6a1c3dbc5298425a0db86d,4,0.0,28.34,8.8,2,cascavel,PR,Low volume,Watch — below volume gate,0
72c5da29406b4234927b81855e7b64f6,31,0.0323,28.27,10.7,15,guarulhos,SP,Low,Maintain — on-time seller,462
72c73be2b085b9d57650dd53eb2004c9,1,0.0,17.92,17.0,1,sao paulo,SP,Low volume,Watch — below volume gate,0
730937bf88cb151eb2eb849f642fc213,22,0.0455,20.97,6.3,6,rio claro,SP,Low volume,Watch — below volume gate,0
7315baebc0572ff220d226283dc66728,2,0.0,13.18,8.0,2,sao carlos,SP,Low volume,Watch — below volume gate,0
731ef20c231d9a7103a425e83fd91271,2,0.0,252.8,13.0,2,lages - sc,SC,Low volume,Watch — below volume gate,0
734def04b237117a09321dd6d8f3f2a2,2,0.0,14.4,2.0,1,araras,SP,Low volume,Watch — below volume gate,0
7354220fb240bde543b3c40c060d41e7,7,0.0,23.59,10.9,4,brasilia,DF,Low volume,Watch — below volume gate,0
7357b52d27cbaa90f81a96cbc1279396,12,0.0833,18.15,9.8,4,lagoa santa,MG,Low volume,Watch — below volume gate,0
739c7d7be81f63812dea0d1b1451c651,2,0.0,35.9,17.0,2,campina grande,PB,Low volume,Watch — below volume gate,0
73a63f72308aa20a46f4b1632018f196,24,0.0,34.36,11.5,6,curitiba,PR,Low volume,Watch — below volume gate,0
73b8eb4a9a729d4019b24ed1be748cbf,7,0.0,12.37,4.3,3,campinas,SP,Low volume,Watch — below volume gate,0
73da1880b39c71de2b262bc7720c1494,2,0.0,23.5,8.0,2,sao carlos,SP,Low volume,Watch — below volume gate,0
740205fedfe4e90ca6857bc77db0f2b4,1,0.0,21.93,3.0,1,caxias do sul,SP,Low volume,Watch — below volume gate,0
7402d13c03a7e91366337cd1de471144,3,0.0,36.97,10.0,2,cambe,PR,Low volume,Watch — below volume gate,0
741f8c587cb4248ebc5b779a0e8e0e51,5,0.2,13.54,13.2,4,santo andre,SP,Low volume,Watch — below volume gate,0
744dac408745240a2c2528fb1b6028f3,78,0.0128,24.59,11.0,20,colombo,PR,Low,Maintain — on-time seller,566
74636e24f01da9268b0ed88dacd8513e,4,0.25,68.15,13.0,4,sao paulo,SP,Low volume,Watch — below volume gate,0
747c1cdcd1737dcfbd1547f6eb6f2cf3,1,0.0,16.5,10.0,1,ibitinga,SP,Low volume,Watch — below volume gate,0
747e73c01a4593d4cf60dcf970fd2689,3,0.0,41.26,10.3,2,vitoria de santo antao,PE,Low volume,Watch — below volume gate,0
74871d19219c7d518d0090283e03c137,6,0.0,14.65,3.8,2,sao paulo,SP,Low volume,Watch — below volume gate,0
7494d0dcba8551df6cf37f1b905dc2f7,1,0.0,38.41,6.0,1,santos,SP,Low volume,Watch — below volume gate,0
749e7cdabbaf72f16677859e27874ba5,1,0.0,19.84,11.0,1,guarulhos,SP,Low volume,Watch — below volume gate,0
74a9b9bddf14ece02beb81f52c41a88d,2,0.0,18.65,12.0,2,sao paulo,SP,Low volume,Watch — below volume gate,0
74bafed391319577bce6f4d2acc0589a,3,0.0,79.24,7.0,3,sao paulo,SP,Low volume,Watch — below volume gate,0
74c7dec0a384d8a05950e629bd23bde9,4,0.0,13.0,11.5,2,mogi guacu,SP,Low volume,Watch — below volume gate,0
750303a20e9c56b2a6bc45cdce0b897d,53,0.0377,24.32,14.0,16,goiania,GO,Low,Maintain — on-time seller,415
751bdc4d83a466c7206cd42e8f426b03,51,0.0196,20.48,10.8,15,ribeirao pires,SP,Low,Maintain — on-time seller,539
751e274377499a8503fd6243ad9c56f6,1,0.0,17.84,2.0,1,campinas,SP,Low volume,Watch — below volume gate,0
75745ef7bc7d4f3ea3380f6f5303f514,3,0.0,16.31,5.7,2,brasilia,DF,Low volume,Watch — below volume gate,0
7586919161935337bf6b6d7ff5779648,11,0.1818,30.02,17.4,6,rio de janeiro,RJ,Low volume,Watch — below volume gate,0
75a4764c108403a7a0575140cb22287c,5,0.0,42.03,11.4,4,caxias do sul,RS,Low volume,Watch — below volume gate,0
75d34ebb1bd0bd7dde40dd507b8169c3,57,0.1228,23.04,16.1,17,salvador,BA,Medium,Review — rising late rate,71
75fbb52eda0cbc24f479d3b2fbfa8d3e,38,0.0526,24.21,13.6,13,goiania,GO,Low,Maintain — on-time seller,327
75fdd0a732287f9497b179f6bd445d32,1,0.0,16.18,10.0,1,maua,SP,Low volume,Watch — below volume gate,0
761681a821d8275bc79f552116d06869,3,0.0,53.33,8.0,3,sao paulo,SP,Low volume,Watch — below volume gate,0
762ed976527cddf02787edba70fffa2a,3,0.0,20.11,7.7,2,londrina,PR,Low volume,Watch — below volume gate,0
762fafdaa57a532ee0119731697579dd,4,0.0,10.62,4.2,1,itu,SP,Low volume,Watch — below volume gate,0
76623fde66e6b63b59440fd34160512d,3,0.0,7.78,3.3,1,guarulhos,SP,Low volume,Watch — below volume gate,0
7681ef142fd2c19048da7430856b5588,56,0.0893,49.77,10.6,13,guarulhos,SP,Low,Maintain — on-time seller,166
76833248bbc0e65a0293ec62023e4396,2,0.0,115.35,18.5,2,birigui,SP,Low volume,Watch — below volume gate,0
768a86e36ad6aae3d03ee3c6433d61df,16,0.125,10.47,5.1,5,sao paulo,SP,Low volume,Watch — below volume gate,0
768de2a4fc06aacecb9a586ccc30746a,13,0.0,17.0,14.8,6,brasilia,DF,Low volume,Watch — below volume gate,0
76c47a299e4a8fe992316a85865acbe9,6,0.3333,36.98,20.2,5,ribeirao preto,SP,Low volume,Watch — below volume gate,0
76d336555bb25f3165d2f0d6da719c40,1,0.0,11.76,12.0,1,sorocaba,SP,Low volume,Watch — below volume gate,0
76d5af76d0271110f9af36c92573f765,127,0.0945,29.86,11.9,15,sao paulo,SP,Low,Maintain — on-time seller,142
76d64c4aca3a7baf218bf93ef7fa768d,64,0.0312,56.16,10.9,12,curitiba,PR,Low,Maintain — on-time seller,471
76de363de16dacc923eec8daf91df504,2,0.0,25.21,13.5,2,xaxim,SC,Low volume,Watch — below volume gate,0
76ea5315acb3f5f7ade3cd261faf922a,15,0.0667,17.58,8.6,7,sao paulo,SP,Low volume,Watch — below volume gate,0
77128dec4bec4878c37ab7d6169d6f26,1,0.0,8.72,12.0,1,sao paulo,SP,Low volume,Watch — below volume gate,0
7722b1df1b0e383e000397b2c11e3e19,129,0.031,15.91,8.4,17,sao bernardo do campo,SP,Low,Maintain — on-time seller,476
77530e9772f57a62c906e1c21538ab82,305,0.0951,27.2,15.0,22,curitiba,PR,Low,Maintain — on-time seller,141
77714512e8d4dda9c234da8e3faf16e4,4,0.0,26.4,12.2,4,guarulhos,SP,Low volume,Watch — below volume gate,0
777a0c55737f34ffeb78010f7542ab41,6,0.0,12.64,4.3,3,sao paulo,SP,Low volume,Watch — below volume gate,0
778323240ce2830d68aab11794e00bfb,3,0.0,17.48,10.3,3,sao paulo,SP,Low volume,Watch — below volume gate,0
77a515caa36327151d1cc6c32a9f00e1,26,0.1154,15.24,10.4,9,diadema,SP,Low volume,Watch — below volume gate,0
77e4abfd739aed9c46480f90f81c0eb4,17,0.0,20.14,9.6,5,brasilia,DF,Low volume,Watch — below volume gate,0
77fccaae319668a8ab6cd0fd16aec48c,11,0.0,20.13,9.4,4,campos dos goytacazes,RJ,Low volume,Watch — below volume gate,0
7813ea3ebd9411dc600b4dd01f7a97b9,9,0.1111,16.29,13.0,5,osasco,SP,Low volume,Watch — below volume gate,0
7816cd9c5b1238e320545f5bf7eb80e8,1,0.0,22.76,11.0,1,araraquara,SP,Low volume,Watch — below volume gate,0
781a66c0d89e30814d49fe8b5e14cd07,1,1.0,21.3,33.0,1,campinas,SP,Low volume,Watch — below volume gate,0
782f78b632a43875dd5b53e3e49c9564,1,0.0,32.22,10.0,1,campinas,SP,Low volume,Watch — below volume gate,0
784ba75dd9d20200c4caed3d7a77141a,19,0.1053,31.58,13.6,8,sao paulo,SP,Low volume,Watch — below volume gate,0
78744a20ee2f80ba64f6804c25def2b8,6,0.1667,58.98,18.8,4,recife,PE,Low volume,Watch — below volume gate,0
78813699ffac347fe27dba345a5f1551,1,0.0,48.12,9.0,1,bento goncalves,RS,Low volume,Watch — below volume gate,0
788e857f317e53de488d393e65a80f45,11,0.0,16.81,7.3,5,sao paulo,SP,Low volume,Watch — below volume gate,0
788f22bafdd7ab0e1e79f19db72f16a4,2,0.0,13.12,3.5,2,sao paulo,SP,Low volume,Watch — below volume gate,0
78a4d36f65a019172c6154468831a69f,7,0.1429,31.91,15.4,4,bauru,SP,Low volume,Watch — below volume gate,0
78ba5933c21686d1c2f64669c8c459e7,2,0.0,10.39,6.5,1,mogi das cruzes,SP,Low volume,Watch — below volume gate,0
78c99c6dff4eeae5be99bf635ed21e3f,31,0.0645,21.82,13.4,11,marilia,SP,Low,Maintain — on-time seller,271
78ef7e885d17f35e2382a47aae8b8cce,3,0.0,21.81,8.7,2,santa cruz do sul,RS,Low volume,Watch — below volume gate,0
7901646fdd36a55f564ffaf2dbccaaf7,22,0.0909,28.26,9.8,5,rio de janeiro,RJ,Low volume,Watch — below volume gate,0
791cfcfe22fe4a771ece27f90017da92,1,1.0,17.85,28.0,1,ribeirao preto,SP,Low volume,Watch — below volume gate,0
79565f7d5603b24ddf07ade262547f2f,7,0.2857,14.02,13.4,4,araraquara,SP,Low volume,Watch — below volume gate,0
7957cac1a02f45d0a4a7e45626382ec2,1,0.0,21.64,26.0,1,curitiba,PR,Low volume,Watch — below volume gate,0
7963e546f34e098b578f9ad102494601,1,0.0,21.23,18.0,1,sao paulo,SP,Low volume,Watch — below volume gate,0
7994081388d55b9cf976c050653dd359,1,0.0,14.6,13.0,1,sao paulo,SP,Low volume,Watch — below volume gate,0
7994b065a7ffb14e71c6312cf87b9de2,5,0.0,28.87,8.8,2,cariacica / es,ES,Low volume,Watch — below volume gate,0
79a679c36c08d606b3fd47ead9de109b,3,0.3333,45.74,11.7,3,sao paulo,SP,Low volume,Watch — below volume gate,0
79b93a308a97792cf53ac75f46da00b5,1,0.0,16.14,22.0,1,rio de janeiro,RJ,Low volume,Watch — below volume gate,0
79ebd9a61bac3eaf882805ed4ecfa12a,125,0.048,30.97,15.7,14,cascavel,PR,Low,Maintain — on-time seller,358
79ed755314cfe6df0daef2c6cd3022cd,23,0.0,19.96,9.2,9,rio claro,SP,Low volume,Watch — below volume gate,0
7a241947449cc45dbfda4f9d0798d9d0,56,0.0714,33.5,13.2,10,jacutinga,MG,Low,Maintain — on-time seller,234
7a2d2949aea47fab95fd98d6c9f618b1,11,0.0,19.2,10.5,5,curitiba,PR,Low volume,Watch — below volume gate,0
7a425d299613df3e613bcf9d2eaf5c49,18,0.0556,15.93,11.8,8,rio de janeiro,RJ,Low volume,Watch — below volume gate,0
7a67c85e85bb2ce8582c35f2203ad736,1135,0.0529,18.21,11.2,26,sao paulo,SP,Low,Maintain — on-time seller,323
7a704e63bb29c446869efde5d57524c8,1,0.0,15.41,8.0,1,francisco beltrao,PR,Low volume,Watch — below volume gate,0
7a91bf945c6fae0779f1c61ce97fe45c,4,0.25,16.29,43.5,4,mesquita,RJ,Low volume,Watch — below volume gate,0
7a9c12e235c36247c3c81f50d6ea9cea,5,0.0,23.14,13.0,5,sao caetano do sul,SP,Low volume,Watch — below volume gate,0
7aa4334be125fcdd2ba64b3180029f14,212,0.1179,20.28,16.0,17,laranjal paulista,SP,Medium,Review — rising late rate,82
7aa538dd6e114e503a2e6154ea352253,5,0.0,20.38,8.8,2,catanduva,SP,Low volume,Watch — below volume gate,0
7ab0dd5487bab2dc835337b244f689fb,1,0.0,10.96,6.0,1,sao jose do rio preto,SP,Low volume,Watch — below volume gate,0
7ad32824caee82087b3e2e5f33b1bf32,144,0.1319,24.65,12.2,12,ibitinga,SP,Medium,Review — rising late rate,58
7ad41305e96a6cab8294cd65891e9a86,2,0.0,28.8,11.5,2,rio bonito,SP,Low volume,Watch — below volume gate,0
7adbd3210a7b3cc2235e225eef33574d,3,0.0,24.32,10.3,3,sao paulo,SP,Low volume,Watch — below volume gate,0
7ade73f1b9b4e965f9009a4c3a7e2c15,26,0.0,17.6,9.6,9,bauru,SP,Low volume,Watch — below volume gate,0
7b07b3c7487f0ea825fc6df75abd658b,90,0.0444,14.28,9.6,13,sao paulo,SP,Low,Maintain — on-time seller,378
7b0df942f46435babab05d49b744b2c4,32,0.0938,21.0,11.0,8,braganca paulista,SP,Low,Maintain — on-time seller,147
7b1222c3624aa89b9558b50a2594188c,22,0.1364,20.8,17.6,10,sao jose do rio preto,SP,Low volume,Watch — below volume gate,0
7b3447b497e55af8c15fc7bd89d7b81a,1,0.0,20.75,13.0,1,sao paulo,SP,Low volume,Watch — below volume gate,0
7b3f6ce5c6c22e9b96e7581ebf0df6e1,1,0.0,12.69,11.0,1,tambau,SP,Low volume,Watch — below volume gate,0
7b7ed56ae755e2880f2b69632e839c1e,5,0.0,27.02,7.2,2,goiania,GO,Low volume,Watch — below volume gate,0
7b7f91e98f8c6def45a1407923304402,11,0.0909,18.46,13.1,5,osasco,SP,Low volume,Watch — below volume gate,0
7b8e8ec35bad4b0ef7e3963650b0a87b,5,0.2,74.4,22.0,3,tubarao,SC,Low volume,Watch — below volume gate,0
7b98de631987e26dd6d803490c43a13c,8,0.0,18.05,10.4,3,loanda,PR,Low volume,Watch — below volume gate,0
7bac63f6603d382cc8d0832eb6c100a8,19,0.1053,19.09,15.7,7,sao paulo,SP,Low volume,Watch — below volume gate,0
7bb8fac2913a6064ec412e583c6d8b4d,1,0.0,16.52,5.0,1,bauru,SP,Low volume,Watch — below volume gate,0
7bcd7c5f8631701474db233ccf1c094b,8,0.0,16.5,14.4,7,sao paulo,SP,Low volume,Watch — below volume gate,0
7c1fea10b5b006671d608b1d7c446ec4,12,0.0833,16.84,17.1,7,boituva,SP,Low volume,Watch — below volume gate,0
7c4402417d51474d4d0cda9557340e40,1,0.0,27.69,7.0,1,sao caetano do sul,SP,Low volume,Watch — below volume gate,0
7c4618c82226628831613e95e9c22f44,12,0.0833,12.61,11.6,5,sao roque,SP,Low volume,Watch — below volume gate,0
7c462184585ae80bd6e5774c62ce50f2,1,1.0,17.64,16.0,1,campinas,SP,Low volume,Watch — below volume gate,0
7c4adcc13272c0e26fa23aac642adb7b,2,0.5,15.32,17.0,1,sao goncalo,RJ,Low volume,Watch — below volume gate,0
7c51de0ab286204ce75ff42bf7c10d92,4,0.0,37.41,9.8,4,picarras,SC,Low volume,Watch — below volume gate,0
7c5b05cbdb5542049f38d90d7815b97d,21,0.0476,14.23,7.4,7,sao paulo,SP,Low volume,Watch — below volume gate,0
7c67e1448b00f6e969d365cea6b010ab,966,0.0921,52.33,22.4,24,itaquaquecetuba,SP,Low,Maintain — on-time seller,153
7c9130f5f3729edd32aa059141d92484,3,0.0,22.38,7.3,2,garca,SP,Low volume,Watch — below volume gate,0
7caa63f175b1cecbfaadd8b5ab9998c7,1,0.0,18.06,2.0,1,sao paulo,SP,Low volume,Watch — below volume gate,0
7cb946b1ad19faebe28c3e86c2794ec3,1,0.0,15.1,19.0,1,sete lagoas,MG,Low volume,Watch — below volume gate,0
7cf4ea70955b00d6b3c22542598e2715,1,0.0,14.91,7.0,1,sao paulo,SP,Low volume,Watch — below volume gate,0
7d13fca15225358621be4086e1eb0964,555,0.1153,15.55,15.7,24,ribeirao preto,SP,Medium,Review — rising late rate,89
7d294cf9a6a69dc6a0c3e540fff0e039,5,0.0,38.83,8.8,5,barra velha,SC,Low volume,Watch — below volume gate,0
7d456afc660226829370f3173d14520c,54,0.037,28.43,8.5,11,mogi das cruzes,SP,Low,Maintain — on-time seller,423
7d484ca289afaac6bf5fc6a1e96d2226,2,0.0,32.61,12.0,2,campo grande,MS,Low volume,Watch — below volume gate,0
7d76b645482be4a332374e8223836592,172,0.093,14.97,13.5,22,sao paulo,SP,Low,Maintain — on-time seller,150
7d7866a99a8656a42c7ff6352a433410,5,0.0,11.9,4.8,3,sao paulo,SP,Low volume,Watch — below volume gate,0
7d7d2b7a51328016102d4528c411d630,6,0.1667,23.62,9.8,4,ibitinga,SP,Low volume,Watch — below volume gate,0
7d81e74a4755b552267cd5e081563028,1,0.0,7.49,2.0,1,sao paulo,SP,Low volume,Watch — below volume gate,0
7d948535954aaf8c5d39db007f74372e,4,0.0,10.95,5.5,2,guaruja,SP,Low volume,Watch — below volume gate,0
7daca0837f033a41a6f3428c18657533,7,0.2857,24.02,14.1,3,tanabi,SP,Low volume,Watch — below volume gate,0
7dc8c42cc750eeafea6c85712ffee9bf,41,0.0488,25.51,9.1,8,sao paulo,SP,Low,Maintain — on-time seller,349
7dc9a3355bae96dd82008b313d3a456c,1,0.0,50.62,12.0,1,dores de campos,MG,Low volume,Watch — below volume gate,0
7ddcbb64b5bc1ef36ca8c151f6ec77df,325,0.0831,23.94,12.6,23,sao paulo,SP,Low,Maintain — on-time seller,186
7dea6f73af847b42cc3985bd620f994d,2,0.0,28.08,5.5,2,cascavel,PR,Low volume,Watch — below volume gate,0
7df1fc11cc5cbc518b39faa60cf5d67c,5,0.0,26.87,7.6,3,campo grande,MS,Low volume,Watch — below volume gate,0
7e1fb0a3ebfb01ffb3a7dae98bf3238d,154,0.1169,18.7,15.5,21,franca,SP,Medium,Review — rising late rate,84
7e26c750b4cb9f6766f58265ff9ebe95,23,0.0,16.91,9.2,7,belo horizonte,MG,Low volume,Watch — below volume gate,0
7e3f87d16fb353f408d467e74fbd8014,91,0.0659,15.59,12.5,19,sao paulo,SP,Low,Maintain — on-time seller,255
7e79d65b5c6f1f544b7daea036acf720,4,0.0,15.52,8.5,3,sao caetano do sul,SP,Low volume,Watch — below volume gate,0
7e93a43ef30c4f03f38b393420bc753a,318,0.0472,18.9,11.3,21,barueri,SP,Low,Maintain — on-time seller,366
7ea5bfa6c340f58f8e71fc1f0412b0d6,92,0.0652,16.53,12.9,14,belo horizonte,MG,Low,Maintain — on-time seller,260
7ecd59e5e20407131822c1a68ac59c1f,24,0.125,24.49,17.1,6,brasilia,DF,Low volume,Watch — below volume gate,0
7ecef8194babfec876ca720714327841,7,0.0,17.68,10.1,4,campinas,SP,Low volume,Watch — below volume gate,0
7f02656561b680def9986c0795a8a080,1,0.0,11.85,14.0,1,sao paulo,SP,Low volume,Watch — below volume gate,0
7f152321c60a266edc53af1925ef96c1,19,0.3158,28.98,24.3,8,criciuma,SC,Low volume,Watch — below volume gate,0
7f2617c58d5d06806987308b45654351,22,0.0909,14.84,12.5,10,sao paulo,SP,Low volume,Watch — below volume gate,0
7f35f9daf223da737b78738fbae4d977,5,0.0,20.2,7.8,5,valinhos,SP,Low volume,Watch — below volume gate,0
7f40d06aa0b5f1aa4f41af8c0480e2ef,6,0.0,20.95,4.2,3,rio claro,SP,Low volume,Watch — below volume gate,0
7f5e4d5efad7e44b91115dd1decb65f3,3,0.0,25.81,7.3,2,jacarei / sao paulo,SP,Low volume,Watch — below volume gate,0
7f7b8245c336066a1f9933c359f11d77,38,0.0263,14.1,8.2,6,mogi mirim,SP,Low,Maintain — on-time seller,499
7fc87cc3e89b3d1d5cabdca32f8485aa,14,0.2143,48.71,19.5,4,guarulhos,SP,Low volume,Watch — below volume gate,0
7fdb0720c8d7c9075538b365dc8c3a22,8,0.125,57.68,21.0,4,toledo,PR,Low volume,Watch — below volume gate,0
7fe21dd00d2f4943ae09525efa2fd674,2,0.0,9.6,7.0,1,rio de janeiro,RJ,Low volume,Watch — below volume gate,0
7ff588a03c2aeae4fbd23f9ae64b760d,14,0.0,15.8,4.6,6,guarulhos,SP,Low volume,Watch — below volume gate,0
800214c63934acd05d47e84214db8ba8,3,0.0,16.9,11.7,3,jaragua do sul,SC,Low volume,Watch — below volume gate,0
804287717b9156fb7a787acd9af4fac1,1,0.0,15.1,9.0,1,maringa,PR,Low volume,Watch — below volume gate,0
8060d731897e33b5c5ae575ce1e209e1,5,0.0,18.29,7.6,2,blumenau,SP,Low volume,Watch — below volume gate,0
808d4348b916efa08e766ebad39f61eb,20,0.05,13.43,7.8,9,sao paulo,SP,Low volume,Watch — below volume gate,0
8090490573c6c0aa343a7231ebcb8c86,26,0.0769,16.42,10.0,12,sao paulo - sp,SP,Low volume,Watch — below volume gate,0
809413606dbfe5deefd2db646693ef67,3,0.0,16.79,7.3,2,sao paulo,SP,Low volume,Watch — below volume gate,0
80ceebb4ee9b31afb6c6a916a574a1e2,1,1.0,193.21,21.0,1,londrina,PR,Low volume,Watch — below volume gate,0
80cfd480be3eb6d6267139f5cb793555,1,0.0,26.44,14.0,1,sao paulo,SP,Low volume,Watch — below volume gate,0
80e6699fe29150b372a0c8a1ebf7dcc8,95,0.0316,27.97,11.6,18,pinhais,PR,Low,Maintain — on-time seller,468
80f2cf9abf6b5a0e5c612b5eea6646e6,5,0.2,41.85,11.8,4,sao jose do rio preto,SP,Low volume,Watch — below volume gate,0
8132b9bd16876e1b0f8808d43825dd48,1,0.0,21.0,17.0,1,florianopolis,SC,Low volume,Watch — below volume gate,0
813348c996469b40f2e028d5429d3495,170,0.0471,20.03,10.2,17,jundiai,SP,Low,Maintain — on-time seller,367
81336a0f57a33776419727a300249e90,15,0.1333,18.52,17.5,5,sao carlos,SP,Low volume,Watch — below volume gate,0
8160255418d5aaa7dbdc9f4c64ebda44,368,0.1386,21.12,16.2,21,ibitinga,SP,Medium,Review — rising late rate,53
817245bcc3badd82bbd222e0366951a6,28,0.0357,24.97,12.4,11,bauru,SP,Low volume,Watch — below volume gate,0
81783131d2a97c8d44d406a4be81b5d9,7,0.0,15.73,6.9,5,sorocaba,SP,Low volume,Watch — below volume gate,0
817f85dbb65aa3e70831d90fe75cdf89,11,0.0,21.06,18.1,5,tiete,SP,Low volume,Watch — below volume gate,0
8185694b58b2ba6de20fd41ae608bbea,8,0.0,28.78,11.1,6,tabao da serra,SP,Low volume,Watch — below volume gate,0
818d28f936e791926d33bcb6ee94ef79,4,0.0,15.67,13.0,4,sao paulo,SP,Low volume,Watch — below volume gate,0
81a1104df0f08b59c68aa5b03cfe398e,72,0.0417,24.92,12.8,16,sao jose dos pinhais,PR,Low,Maintain — on-time seller,390
81ed90f07c0bacb7594940ba2ef676aa,2,0.0,16.78,16.0,1,divinopolis,MG,Low volume,Watch — below volume gate,0
81f89e42267213cb94da7ddc301651da,45,0.0,16.99,7.4,6,presidente prudente,SP,Low,Maintain — on-time seller,597
820c7c9eaf76d2b226b6c242bcf3f34d,1,0.0,18.0,18.0,1,sao paulo,SP,Low volume,Watch — below volume gate,0
820cc752a266cdc6c1a1e61dd4583330,15,0.0667,18.4,13.9,6,maringa,PR,Low volume,Watch — below volume gate,0
821fb029fc6e495ca4f08a35d51e53a5,24,0.3333,56.9,16.7,11,sao paulo,SP,Low volume,Watch — below volume gate,0
822166ed1e47908f7cfb49946d03c726,67,0.0149,26.16,12.7,11,tres rios,RJ,Low,Maintain — on-time seller,559
822b63912576852aea9a8436d72317b7,6,0.0,24.89,23.3,5,mogi guacu,SP,Low volume,Watch — below volume gate,0
822bad9bc42b51213ba522fe87b7ab5d,17,0.2941,30.37,27.3,9,balneario camboriu,SC,Low volume,Watch — below volume gate,0
827f8f69dfa529c561901c4f2e0f332f,91,0.0659,17.53,13.7,11,curitiba,PR,Low,Maintain — on-time seller,256
82921991ff5b557b045605b8bbf08d49,1,0.0,18.23,4.0,1,sao paulo,SP,Low volume,Watch — below volume gate,0
82bd0703a4aefd6b599e5bfdaed378fb,19,0.0526,19.7,11.6,7,marilia,SP,Low volume,Watch — below volume gate,0
82cb9f452fe8334df74b22d37824b431,13,0.0,21.88,8.2,5,caxias do sul,RS,Low volume,Watch — below volume gate,0
82e0a475a88cc9595229d8029273f045,41,0.0976,35.91,16.0,16,sao paulo,SP,Low,Maintain — on-time seller,134
830379336fad8c6f3b15a4a3ddb5c66e,2,0.0,85.19,6.0,2,sao paulo,SP,Low volume,Watch — below volume gate,0
83353a83fd769dfafa4f21a72b15e3e5,5,0.2,18.97,18.6,3,sao paulo,SP,Low volume,Watch — below volume gate,0
834f3294fba9f932f56edc879193f925,65,0.0615,64.21,14.1,19,araraquara,SP,Low,Maintain — on-time seller,281
834f8533b2ecb6598dd004ff3de7203a,40,0.15,22.76,14.7,8,sao paulo,SP,Medium,Review — rising late rate,39
835f0f7810c76831d6c7d24c7a646d4d,41,0.2683,22.61,18.3,15,sao paulo,SP,High,Intervene — high late rate,5
83645b1645cdee8953ee54c29ceed564,14,0.0,19.01,10.2,7,santa terezinha de itaipu,PR,Low volume,Watch — below volume gate,0
8378eb36b6b70c5734e83ad7b8cdc3b7,7,0.1429,34.55,16.6,4,itajai,SC,Low volume,Watch — below volume gate,0
83a75eea11694e36e56dd0cb2240229a,3,0.0,14.16,4.0,2,amparo,SP,Low volume,Watch — below volume gate,0
83b08de96980757220871b31bf6cffca,5,0.2,90.84,13.8,4,rio de janeiro,RJ,Low volume,Watch — below volume gate,0
83c465a786b06574376909b35ef6752a,3,0.0,16.35,5.3,2,sao carlos,SP,Low volume,Watch — below volume gate,0
83c8aafbefb034674a70de0eac5b8954,2,0.0,25.48,5.5,2,francisco beltrao,PR,Low volume,Watch — below volume gate,0
83deb69e889cf80f82be1dc6d5f2d486,40,0.05,22.84,16.0,14,florianopolis,SC,Low,Maintain — on-time seller,340
83e197e95a1bbabc8c75e883ed016c47,46,0.0217,20.9,10.5,13,mage,RJ,Low,Maintain — on-time seller,529
83f2b4881141ce3fcd4e985125d3279e,3,0.0,13.56,18.0,2,ribeirao preto,SP,Low volume,Watch — below volume gate,0
8444e55c1f13cd5c179851e5ca5ebd00,91,0.0659,21.81,21.2,15,congonhal,MG,Low,Maintain — on-time seller,257
845e8036c3f7bf62099352f5ed910240,21,0.0,25.74,7.6,7,rio de janeiro,RJ,Low volume,Watch — below volume gate,0
8476243f92442881ddd5b578975cf115,12,0.0833,24.75,17.2,7,campo bom,RS,Low volume,Watch — below volume gate,0
84c945f15571830c1a91a33978e94009,2,0.0,13.03,9.5,2,sao paulo,SP,Low volume,Watch — below volume gate,0
84deb808079d1be601c209c1e771b1cc,2,0.0,11.6,7.5,2,curitiba,PR,Low volume,Watch — below volume gate,0
85044848b1b767db2a4a58526adef4b4,4,0.0,16.23,8.8,4,osasco,SP,Low volume,Watch — below volume gate,0
850857dfac77488c307e2b1cbd84ab5a,1,0.0,39.72,3.0,1,cascavel,PR,Low volume,Watch — below volume gate,0
850913d59ce317156b00f3705f1c3edb,28,0.1786,17.8,13.6,9,atibaia,SP,Low volume,Watch — below volume gate,0
850f4f8af5ea87287ac68de36e29107f,185,0.0486,17.04,10.1,18,sao paulo,SP,Low,Maintain — on-time seller,355
851773c885feb5e2da3b4f82bc2b17ce,10,0.2,25.18,16.6,7,lencois paulista,SP,Low volume,Watch — below volume gate,0
855668e0971d4dfd7bef1b6a4133b41b,298,0.1275,25.41,16.2,18,itatiba,SP,Medium,Review — rising late rate,64
8581055ce74af1daba164fdbd55a40de,377,0.0822,24.93,13.1,21,guarulhos,SP,Low,Maintain — on-time seller,187
85cc55e048b6bcc90c75afe7f0e72f72,9,0.2222,21.5,13.0,5,barra mansa,RJ,Low volume,Watch — below volume gate,0
85d9eb9ddc5d00ca9336a2219c97bb13,498,0.0221,16.96,14.6,25,belo horizonte,MG,Low,Maintain — on-time seller,525
85e7c62c1d6ea078c3897424f867a7c8,2,0.0,13.85,8.0,2,itapema,SC,Low volume,Watch — below volume gate,0
85ecf03781da592876b7844acc1b729f,2,0.5,21.95,15.5,2,sao paulo,SP,Low volume,Watch — below volume gate,0
8602a61d680a10a82cceeeda0d99ea3d,14,0.0,19.92,8.1,6,sao paulo,SP,Low volume,Watch — below volume gate,0
8603f0038fe0e52fedd3382d266723de,10,0.0,49.01,21.2,4,garopaba,SC,Low volume,Watch — below volume gate,0
8629a7efec1aab257e58cda559f03ba7,1,1.0,18.89,59.0,1,goiania,GO,Low volume,Watch — below volume gate,0
8629c241b3622ac12cd4118afdc8d394,13,0.0769,25.72,15.0,6,ribeirao preto,SP,Low volume,Watch — below volume gate,0
863d2ebcd347ce4922de7a0f9a5581d6,17,0.1176,17.25,11.5,7,rio de janeiro,RJ,Low volume,Watch — below volume gate,0
8648b1e89e9b349e32d3741b30ec737e,91,0.0989,15.22,9.0,14,jacarei,SP,Low,Maintain — on-time seller,130
866558b3bccef2dbc6d29a2b5995016f,5,0.0,70.27,11.4,4,arapongas,PR,Low volume,Watch — below volume gate,0
86bb7c4b535e49a541baf3266b1c95b1,16,0.1875,20.3,20.1,7,franca,SP,Low volume,Watch — below volume gate,0
86bf77bdb52e615674772d5817c6212f,4,0.0,24.4,7.5,3,viamao,RS,Low volume,Watch — below volume gate,0
86ccac0b835037332a596a33b6949ee1,170,0.0235,22.46,12.2,16,blumenau,SC,Low,Maintain — on-time seller,517
86ff3eaef0267069cc891a2ed9d10a17,7,0.0,20.09,8.7,6,palhoca,SC,Low volume,Watch — below volume gate,0
870d0118f7a9d85960f29ad89d5d989a,44,0.0455,28.21,14.5,8,pocos de caldas,MG,Low,Maintain — on-time seller,374
87142160b41353c4e5fca2360caf6f92,302,0.0397,23.52,10.9,22,porto alegre,RS,Low,Maintain — on-time seller,400
8759e7aedd644f487315e5860962f162,3,0.3333,55.45,32.7,3,santo andre,SP,Low volume,Watch — below volume gate,0
876182d1918783bbe15233febfbd4926,3,0.0,11.58,9.3,2,sao paulo,SP,Low volume,Watch — below volume gate,0
87b4428a334b8f676fd9a7f3bf544fb5,1,0.0,18.99,7.0,1,guaimbe,SP,Low volume,Watch — below volume gate,0
87b740daf17b5d1be335a64164ec6842,10,0.1,111.12,17.4,6,suzano,SP,Low volume,Watch — below volume gate,0
87d30a6a0cbf89356e49324971ab1d24,17,0.0588,12.69,11.2,7,sao paulo,SP,Low volume,Watch — below volume gate,0
87d3c3aeb3ead335511b3ce315eb341e,15,0.0667,14.25,6.5,7,sao paulo,SP,Low volume,Watch — below volume gate,0
87d73636a3acf123e842bb890a4db036,1,0.0,43.71,13.0,1,nhandeara,SP,Low volume,Watch — below volume gate,0
87e24fc7052259b1f7f607d61c10d8be,7,0.1429,30.67,15.1,5,sao paulo,SP,Low volume,Watch — below volume gate,0
87f3e35268860433e13d577825aada95,1,0.0,14.52,52.0,1,bom jesus dos perdoes,SP,Low volume,Watch — below volume gate,0
880ce4951cf857ab1d9e0b75c1d856f4,1,0.0,18.82,15.0,1,belo horizont,MG,Low volume,Watch — below volume gate,0
883dd81e82754ac2c65e9790a7db8c9a,4,0.0,16.05,8.0,3,curitiba,PR,Low volume,Watch — below volume gate,0
88460e8ebdecbfecb5f9601833981930,238,0.1765,21.95,17.9,16,maringa,PR,Medium,Review — rising late rate,19
888faa8bfb0b159c37de6d898b961c31,17,0.0,30.83,8.2,6,braco do norte,SC,Low volume,Watch — below volume gate,0
889009a0ed0bb52c87819941192931b8,1,0.0,33.08,12.0,1,lencois paulista,SP,Low volume,Watch — below volume gate,0
88ae906ea2acf6971f26c3e8b7cb4357,3,0.3333,20.38,15.0,3,sao paulo,SP,Low volume,Watch — below volume gate,0
88cd3681e0a2ba85e190f7d817629c4c,1,0.0,19.36,7.0,1,brusque,SC,Low volume,Watch — below volume gate,0
88cf19ec1fc2c58f161aee259d57142c,14,0.0,16.76,6.4,5,sao carlos,SP,Low volume,Watch — below volume gate,0
88ef59b51bdaa941d10a853429f2b6ce,2,0.0,20.9,6.0,2,guaratuba,PR,Low volume,Watch — below volume gate,0
891071be6ba827b591264c90c2ae8a63,84,0.1429,14.13,13.8,16,sao paulo,SP,Medium,Review — rising late rate,44
8931a84a914b3fe9b1ddaa4d704947ca,29,0.069,14.64,11.9,8,sao paulo,SP,Low volume,Watch — below volume gate,0
8936ba0de1073ee888cb3185ae5dc661,1,0.0,22.22,13.0,1,sao paulo,SP,Low volume,Watch — below volume gate,0
897060da8b9a21f655304d50fd935913,302,0.106,21.92,15.0,18,ribeirao preto,SP,Medium,Review — rising late rate,116
89757206b887aed36f3e18d858460fea,2,0.0,27.82,9.5,2,sao paulo,SP,Low volume,Watch — below volume gate,0
89a51f50b8095ea78d5768f34c13a76f,10,0.0,17.71,7.3,5,brasilia,DF,Low volume,Watch — below volume gate,0
89ad3263c0931c47f976d7c5778e60f6,6,0.0,24.57,6.5,5,sao paulo,SP,Low volume,Watch — below volume gate,0
89bc797e2e29667aa035d4368f9b7f92,16,0.1875,14.88,15.5,4,sao paulo,SP,Low volume,Watch — below volume gate,0
89c127985a8b130cfa45c1d36764017a,6,0.0,17.84,10.8,4,osasco,SP,Low volume,Watch — below volume gate,0
89d9a386b0b6e5fc8403071b03f7206a,2,0.0,34.12,13.5,2,sao paulo,SP,Low volume,Watch — below volume gate,0
89dda63a3c907c468ec88c310ed91213,1,0.0,20.4,25.0,1,maua/sao paulo,SP,Low volume,Watch — below volume gate,0
89de2d6f23e9746ff309705b23581faa,8,0.0,20.01,9.5,3,londrina,PR,Low volume,Watch — below volume gate,0
89f69225956f951295ca4c7fb1266553,11,0.0,25.22,9.8,6,vassouras,RJ,Low volume,Watch — below volume gate,0
8a130737016f838139d31878787a39c9,56,0.0714,15.04,10.1,10,sao paulo,SP,Low,Maintain — on-time seller,235
8a1ff5c35f6595a73fef4c7b96e4908a,2,0.0,142.4,10.0,2,sao  jose dos pinhais,PR,Low volume,Watch — below volume gate,0
8a207b6080964f3c1fc9d35bd6096ba4,2,0.5,88.17,22.5,2,jaci,SP,Low volume,Watch — below volume gate,0
8a2d12a90e92f012ce5226fc6592b653,18,0.0,19.43,9.1,6,curitiba,PR,Low volume,Watch — below volume gate,0
8a32e327fe2c1b3511609d81aaf9f042,126,0.0317,18.71,8.9,13,sao paulo,SP,Low,Maintain — on-time seller,467
8a40ae794fa3f9892cee24bd5af0488b,6,0.3333,34.4,27.8,3,curitiba,PR,Low volume,Watch — below volume gate,0
8a43128d7f9a3db592b866e6861a6cce,3,0.0,22.63,6.0,3,sao paulo,SP,Low volume,Watch — below volume gate,0
8a432f4e5b471f8da497d7dc517666e2,92,0.0217,21.27,7.8,12,presidente prudente,SP,Low,Maintain — on-time seller,526
8a87611c08849ffeeccab52aa798b6c7,5,0.0,16.95,10.0,2,curitiba,PR,Low volume,Watch — below volume gate,0
8a8835a43bda99fd37310ad76c457510,2,0.0,17.1,7.5,2,sao caetano do sul,SP,Low volume,Watch — below volume gate,0
8a9260f2b0340411d6d2a56bcf4f7378,8,0.0,17.62,9.9,4,contagem,MG,Low volume,Watch — below volume gate,0
8ab42aa58097fd4668d60cc648225d5f,20,0.0,30.16,10.4,6,goiania,GO,Low volume,Watch — below volume gate,0
8ae520247981aa06bc94abddf5f46d34,65,0.0,22.24,10.9,14,navegantes,SC,Low,Maintain — on-time seller,583
8b11118053756a9a2932f447e11fc1b5,1,0.0,11.17,12.0,1,igaracu do tiete,SP,Low volume,Watch — below volume gate,0
8b181ee5518df84f18f4e1a43fe07923,1,0.0,27.08,14.0,1,goioere,SP,Low volume,Watch — below volume gate,0
8b2492b7ff4468839593fafeed55bad9,29,0.069,23.32,12.4,7,sao goncalo,RJ,Low volume,Watch — below volume gate,0
8b28d096634035667e8263d57ba3368c,136,0.1103,18.47,14.1,17,sao jose dos campos,SP,Medium,Review — rising late rate,103
8b2d4ab22f42c5cfc338b846decfda60,6,0.0,30.89,15.5,5,fazenda rio grande,PR,Low volume,Watch — below volume gate,0
8b321bb669392f5163d04c59e235e066,926,0.0875,15.06,12.6,27,sao paulo,SP,Low,Maintain — on-time seller,176
8b655f0855926bcb49f5835d38dfddf6,5,0.0,14.66,5.6,2,osasco,SP,Low volume,Watch — below volume gate,0
8b87cd0d43d49b9bdf40f56229364d59,2,0.0,67.94,15.0,2,sao paulo,SP,Low volume,Watch — below volume gate,0
8b8cfc8305aa441e4239358c9f6f2485,15,0.1333,81.25,12.5,5,londrina,PR,Low volume,Watch — below volume gate,0
8b9d6eec4a7eb7d0f9d579ce0b38324d,47,0.1489,36.96,10.5,12,mesquita,RJ,Medium,Review — rising late rate,40
8bb48dc19fccaa8613b6229bf7f452a2,81,0.0247,23.12,11.6,15,assis,SP,Low,Maintain — on-time seller,508
8bd0e3abda539b9479c4b44a691be1ec,6,0.3333,35.38,23.7,4,tres de maio,RS,Low volume,Watch — below volume gate,0
8bd0f31cf0a614c658f6763bd02dea69,32,0.0312,29.43,10.2,9,sao paulo,SP,Low,Maintain — on-time seller,474
8bdd8e3fd58bafa48af76b2c5fd71974,9,0.1111,18.08,10.3,6,sao paulo,SP,Low volume,Watch — below volume gate,0
8c0de775f52fe41590b376a3b7c50f68,8,0.0,14.09,6.1,4,sumare,SP,Low volume,Watch — below volume gate,0
8c16d1f32a54d92897cc437244442e1b,107,0.0093,19.64,10.8,15,blumenau,SC,Low,Maintain — on-time seller,574
8c351ed7c326c62123318f4f3246e906,2,0.0,17.88,10.0,2,praia grande,SP,Low volume,Watch — below volume gate,0
8c3b533c63cca56240f94f1e3a6b18ef,3,0.6667,217.11,43.3,3,belo horizonte,MG,Low volume,Watch — below volume gate,0
8c5e007d7bd5693fa1386ffefbc99f6c,9,0.0,42.03,10.2,7,indaiatuba,SP,Low volume,Watch — below volume gate,0
8c91bfea4263b8fba54081460693e2a1,2,0.0,23.38,12.5,2,horizontina,RS,Low volume,Watch — below volume gate,0
8c9348f33ae3dada25c99c99ade2af78,2,0.0,25.97,10.0,2,carapicuiba,SP,Low volume,Watch — below volume gate,0
8ca1551acf9832a4cf467bbbac15851f,11,0.0909,26.12,13.2,5,campo largo,PR,Low volume,Watch — below volume gate,0
8ca5b19e0263150d2c57afdde2b3d011,3,0.0,14.69,4.7,2,maua,SP,Low volume,Watch — below volume gate,0
8cb7c5ddf41f4d506eba76e9a4702a25,1,0.0,28.88,16.0,1,anapolis,GO,Low volume,Watch — below volume gate,0
8cbac7e12637ed9cffa18c7875207478,66,0.0606,25.25,13.9,11,jaragua do sul,SC,Low,Maintain — on-time seller,284
8cc6a0e5738e61a87b03c78b2ba9db4b,23,0.087,21.91,17.0,10,andradas,MG,Low volume,Watch — below volume gate,0
8ccf3cf69651cc1d8a02c8bfaf3b8568,2,0.5,19.31,26.0,2,rio claro,SP,Low volume,Watch — below volume gate,0
8cf21434553b02cbd37c0bbd07e041b0,1,0.0,23.22,11.0,1,sao jose,SC,Low volume,Watch — below volume gate,0
8d46553a36e68f95350a200c12f8f2e2,9,0.0,17.47,17.3,4,campinas,SP,Low volume,Watch — below volume gate,0
8d79c8a04e42d722a75097ce5cbcf2ef,25,0.08,27.08,19.3,10,caucaia,CE,Low volume,Watch — below volume gate,0
8d899e15a5925f097cca50faa49b15e3,4,0.25,37.74,6.0,2,sao roque,SP,Low volume,Watch — below volume gate,0
8d92f3ea807b89465643c219455e7369,3,0.6667,43.86,45.7,3,sao paulo,SP,Low volume,Watch — below volume gate,0
8d956fec2e4337affcb520f56fd8cbfd,209,0.0622,15.81,9.3,20,sao bernardo do campo,SP,Low,Maintain — on-time seller,277
8daab2245ebdc277c51098d01c5ad8ef,16,0.0,17.75,9.9,8,sao paulo,SP,Low volume,Watch — below volume gate,0
8dd386be0767c330276ea6a3f96532d3,1,0.0,44.5,11.0,1,paulo lopes,SC,Low volume,Watch — below volume gate,0
8de8fe3af4449ed695d2434c933ed73e,1,0.0,65.35,10.0,1,sao paulo,SP,Low volume,Watch — below volume gate,0
8def3db7f272735afb2ecd03aeca09a7,2,0.0,16.82,2.5,2,rio de janeiro,RJ,Low volume,Watch — below volume gate,0
8dfbc5ff27df12f6cef751d3b9554222,4,0.0,22.53,10.0,3,curitiba,PR,Low volume,Watch — below volume gate,0
8e29d051f810eb22959ede205b462b9f,2,0.5,106.74,31.5,2,mirassol,SP,Low volume,Watch — below volume gate,0
8e2b3afb420011ef0c88c9d5f11ea526,11,0.0909,15.0,10.6,3,campinas,SP,Low volume,Watch — below volume gate,0
8e34331b7eedd03be4e5d965c1956225,5,0.2,13.09,13.8,3,sao paulo,SP,Low volume,Watch — below volume gate,0
8e4f041ff58e7845456d3482524014b3,2,0.5,24.3,24.0,2,porto alegre,RS,Low volume,Watch — below volume gate,0
8e670472e453ba34a379331513d6aab1,1,1.0,108.96,86.0,1,juiz de fora,MG,Low volume,Watch — below volume gate,0
8e6cc767478edae941d9bd9eb778d77a,100,0.06,21.69,16.6,14,araguari,MG,Low,Maintain — on-time seller,285
8e6d7754bc7e0f22c96d255ebda59eba,79,0.1392,20.61,15.5,13,sao jose dos campos,SP,Medium,Review — rising late rate,50
8e8a7ce9f2f970dc00e2acf6f6e199f6,63,0.0635,18.22,12.1,14,sao goncalo,RJ,Low,Maintain — on-time seller,273
8ea394aed8138685abe1eb9f25e1021d,2,0.0,38.8,11.0,2,sorocaba,SP,Low volume,Watch — below volume gate,0
8eb88b0acb3f90a717ad659221471fa7,2,0.0,20.43,12.0,2,cacador,SC,Low volume,Watch — below volume gate,0
8ec76bb0965af3f007692b26fa9d6623,1,0.0,29.75,11.0,1,criciuma,SC,Low volume,Watch — below volume gate,0
8ed8ea9a57c862f2c18c2fe41f601d56,19,0.0,38.48,8.6,6,blumenau,SC,Low volume,Watch — below volume gate,0
8f0fbe2cd4d472157dc1cdef6edecaa9,1,0.0,16.11,11.0,1,sao paulo,SP,Low volume,Watch — below volume gate,0
8f119a0aee85c0c8fc534629734e94fd,74,0.0405,14.13,10.1,13,barueri,SP,Low,Maintain — on-time seller,398
8f2b51a30523cdecddc2f179f351c7d6,7,0.0,21.19,13.3,4,sao paulo,SP,Low volume,Watch — below volume gate,0
8f2ce03f928b567e3d56181ae20ae952,151,0.1258,24.88,14.3,20,pirituba,SP,Medium,Review — rising late rate,67
8f54d64f28a993550aa7943f12572959,15,0.0667,25.17,14.0,7,ipatinga,MG,Low volume,Watch — below volume gate,0
8f580d36c1e9d6fbce95283403c7d447,8,0.125,22.52,12.2,2,ribeirao preto,SP,Low volume,Watch — below volume gate,0
8f78f0903005064036736c7173a5c2ed,13,0.0,48.63,17.3,7,tiradentes,MG,Low volume,Watch — below volume gate,0
8fb67a334bacec338885b4e9e1708073,1,0.0,38.52,8.0,1,toledo,PR,Low volume,Watch — below volume gate,0
8fb791022c1fc8909664f48ab7dc636d,5,0.0,72.68,5.6,3,sao paulo,SP,Low volume,Watch — below volume gate,0
8fbd63429be6d3e5e6d1a709b6464802,6,0.0,29.93,8.2,4,santo andre,SP,Low volume,Watch — below volume gate,0
8fbe2ee446b97e128471be4ce983dc0d,3,0.3333,13.33,7.7,2,sorocaba,SP,Low volume,Watch — below volume gate,0
8fd3b4468f6425810648177996c14cbd,1,0.0,21.67,10.0,1,sao jose do rio preto,SP,Low volume,Watch — below volume gate,0
8fdca8e349553f99bc738833a62c8802,22,0.0455,17.31,10.6,10,sao paulo,SP,Low volume,Watch — below volume gate,0
8fe8786ee000001ab51d030dfd4a7bf1,5,0.0,40.29,15.8,5,paulo lopes,SC,Low volume,Watch — below volume gate,0
8fec2e460530482132c436cfb5439925,3,0.3333,26.72,21.7,3,laranjal paulista,SP,Low volume,Watch — below volume gate,0
8ff1a9df749e454105c55cda13e79143,12,0.0,20.91,12.8,4,marilia,SP,Low volume,Watch — below volume gate,0
8ff38bc3969e67c36c48343a07090f66,2,0.0,193.78,16.5,2,sao paulo,SP,Low volume,Watch — below volume gate,0
8fff28c4263ddec387f28d237fb42773,2,0.0,27.02,5.5,2,sao paulo,SP,Low volume,Watch — below volume gate,0
900ba814c251a692506d7834c1218441,85,0.1412,27.71,12.4,14,salto,SP,Medium,Review — rising late rate,47
901b460cdce0c64e471230d7f2f9f3a3,5,0.0,21.71,15.2,4,porto alegre,RS,Low volume,Watch — below volume gate,0
902c99f1ac505c0d18778b61bcd636f7,3,0.0,27.27,5.0,1,mogi guacu,SP,Low volume,Watch — below volume gate,0
903037660cf848a717166eb7a06d616e,42,0.119,25.3,12.1,11,sao paulo,SP,Medium,Review — rising late rate,79
90b36c5aeb728d5504a39f435bef0c5f,4,0.0,23.5,11.5,4,conchal,SP,Low volume,Watch — below volume gate,0
90b57083da5d803237da74daec6dcb2b,2,0.0,17.16,7.5,2,curitiba,PR,Low volume,Watch — below volume gate,0
910a922b426b7ff95eaee129ad6c0e1f,2,0.0,15.58,15.0,2,sao jose do rio preto,SP,Low volume,Watch — below volume gate,0
913fd0ebba70bb919f7254a02239173c,1,0.0,19.22,13.0,1,blumenau,SC,Low volume,Watch — below volume gate,0
9140bd1d9de28b197dce077bdd687438,6,0.0,30.68,6.2,3,amparo,SP,Low volume,Watch — below volume gate,0
9140ef75cc8211c4035935e80e567204,1,0.0,22.28,12.0,1,maringa,PR,Low volume,Watch — below volume gate,0
91543f9849d68d023e17194926598543,4,0.0,66.64,12.8,4,blumenau,SC,Low volume,Watch — below volume gate,0
916748bc99315c2d202898ae58b1617e,25,0.0,15.08,10.5,8,sorocaba,SP,Low volume,Watch — below volume gate,0
916c9de0b5ad957346eeeb12f332687e,22,0.0,21.72,8.8,7,curitiba,PR,Low volume,Watch — below volume gate,0
918717417d88a9f9ae9735567e6c7682,4,0.0,10.88,8.2,2,sao paulo,SP,Low volume,Watch — below volume gate,0
918f6fbcf3ab724d805867303e593a1b,2,0.0,16.44,5.0,1,valinhos,SP,Low volume,Watch — below volume gate,0
9198786624eaeb375793215cad26cfa6,8,0.0,24.79,13.0,5,rodeio,SC,Low volume,Watch — below volume gate,0
91f0eec23d4a61d7d7caeefa3f0ad1ca,11,0.2727,32.22,25.9,6,tubarao,SC,Low volume,Watch — below volume gate,0
91f5779a8731baca4809fdeade81803f,6,0.0,24.27,16.2,3,barra mansa,RJ,Low volume,Watch — below volume gate,0
91f848e9f4be368f4318775aac733370,60,0.0167,19.9,10.0,12,sao paulo,SP,Low,Maintain — on-time seller,550
9200e6ce317b67196b6b0bad4d4bd567,1,0.0,14.52,16.0,1,rio de janeiro,RJ,Low volume,Watch — below volume gate,0
921323538c9f1c4e816f2720eac02bea,15,0.2,16.02,8.3,8,sao paulo,SP,Low volume,Watch — below volume gate,0
9261d76c62caaf0b24677c2ceb7f8f20,6,0.0,41.26,7.8,4,palhoca,SC,Low volume,Watch — below volume gate,0
929f342384a6607afe143d789ade1316,4,0.0,15.84,4.5,3,londrina,PR,Low volume,Watch — below volume gate,0
92c8bc6e8f925792247656fed09aad65,2,0.5,13.22,13.5,2,sao paulo,SP,Low volume,Watch — below volume gate,0
92d14edfb62ee5ae7fdff70b0f4e7233,8,0.0,24.38,8.1,4,sao bernardo do campo,SP,Low volume,Watch — below volume gate,0
92eb0f42c21942b6552362b9b114707d,330,0.0485,14.55,13.6,22,sao paulo,SP,Low,Maintain — on-time seller,356
933446e9a59dece7ae9175103820ca8f,1,0.0,22.38,24.0,1,curitiba,PR,Low volume,Watch — below volume gate,0
934ed5cd1b9c1c7382d0a94a94b9e639,1,0.0,26.62,13.0,1,curitiba,PR,Low volume,Watch — below volume gate,0
939e6227d6964a11a70aa91243e418f2,4,0.0,15.81,5.2,1,conselheiro lafaiete,MG,Low volume,Watch — below volume gate,0
939f6e231201f26803cb5c3a3d2940b3,3,0.0,31.67,11.0,3,bauru,SP,Low volume,Watch — below volume gate,0
93b9a99027bd8bd6af682aff18dd19bf,18,0.0,24.44,11.8,7,mairipora,SP,Low volume,Watch — below volume gate,0
93bef6edaa84956e8e575016449b6351,1,0.0,14.56,10.0,1,sao paulo,SP,Low volume,Watch — below volume gate,0
93dc87703c046b603023e75222018b45,32,0.0938,19.25,20.3,12,belo horizonte,MG,Low,Maintain — on-time seller,148
94144541854e298c2d976cb893b81343,68,0.0441,21.02,12.9,11,viamao,RS,Low,Maintain — on-time seller,382
941554c5757b73ba0e50aa7732310afc,3,0.0,19.55,8.3,3,sao paulo,SP,Low volume,Watch — below volume gate,0
94165aea8a35c3c21499cbcae239b16c,1,0.0,16.11,6.0,1,uberlandia,MG,Low volume,Watch — below volume gate,0
94231344608e603693b0a8891143f65d,3,0.0,34.06,12.7,2,porto alegre,SP,Low volume,Watch — below volume gate,0
9449f25aeaf531019b76999ea49a6949,9,0.2222,18.94,13.6,3,rio de janeiro,RJ,Low volume,Watch — below volume gate,0
9485a23c0430ba1d58d359391606fce6,4,0.25,13.74,13.8,3,santo andre,SP,Low volume,Watch — below volume gate,0
94b9108d4b637ba65bb4f1e53cfcf8d8,7,0.1429,14.16,16.7,4,guarulhos,SP,Low volume,Watch — below volume gate,0
94c49f20a123aeb9360dbf80ff912bf6,3,0.0,20.51,14.0,3,sorocaba,SP,Low volume,Watch — below volume gate,0
94ca168e8bcb407ab85c5da308863027,5,0.0,17.47,12.6,4,clementina,SP,Low volume,Watch — below volume gate,0
94d76e96eedd976258cd3278ce56d5f2,1,0.0,68.56,7.0,1,sao roque,SP,Low volume,Watch — below volume gate,0
94e93ce877be27a515118dbfd2c2be41,29,0.0,29.43,13.7,12,votuporanga,SP,Low volume,Watch — below volume gate,0
951e8cef368f09bb3f3d03c00ca4702c,60,0.0667,21.9,9.2,9,ibitinga,SP,Low,Maintain — on-time seller,252
9523fb39dd240aa958e040f8183d64f3,1,0.0,21.3,22.0,1,sao paulo,SP,Low volume,Watch — below volume gate,0
9535a841eecebed61a9fb1ac1cbb5597,2,0.0,16.72,9.5,2,sao paulo,SP,Low volume,Watch — below volume gate,0
9539213aa8e023c01937bef95dc006da,9,0.1111,9.99,11.6,3,sao paulo,SP,Low volume,Watch — below volume gate,0
954e95f20808d7e5d11f0de292d078e0,3,0.0,39.73,9.0,2,joao monlevade,MG,Low volume,Watch — below volume gate,0
9558aa23f77a9e0a0eca83540999f43b,1,0.0,14.52,21.0,1,apucarana,PR,Low volume,Watch — below volume gate,0
955fee9216a65b617aa5c0531780ce60,1255,0.0614,19.74,10.7,27,sao paulo,SP,Low,Maintain — on-time seller,282
9596c870880d900012f2e8e6e30d06d7,21,0.0476,83.16,13.7,9,varginha,MG,Low volume,Watch — below volume gate,0
9599519be538b98748162a2b48248960,1,0.0,60.06,22.0,1,sao paulo,SP,Low volume,Watch — below volume gate,0
95b293867b5862941c9cd74f756a3c68,9,0.4444,10.9,21.1,2,sao paulo,SP,Low volume,Watch — below volume gate,0
95cca791657aabeff15a07eb152d7841,1,0.0,18.23,4.0,1,palotina,PR,Low volume,Watch — below volume gate,0
95e03ca3d4146e4011985981aeb959b9,169,0.0355,18.74,12.5,19,rio de janeiro,RJ,Low,Maintain — on-time seller,430
95ec4458365c4d11f452ccf538377619,26,0.0385,17.3,6.4,6,limeira,SP,Low volume,Watch — below volume gate,0
95f83f51203c626648c875dd41874c7f,48,0.0208,34.01,11.5,7,borda da mata,MG,Low,Maintain — on-time seller,535
960945e1a9535cbc0cd6ddd35fbe7ae8,28,0.0,18.3,6.1,5,sao paulo,SP,Low volume,Watch — below volume gate,0
9616352088dcf83a7c06637f4ebf1c80,91,0.0,19.41,12.3,11,umuarama,PR,Low,Maintain — on-time seller,580
961dff0a659b4561334372337dd897d9,3,0.0,30.91,20.7,1,rio de janeiro,RJ,Low volume,Watch — below volume gate,0
9646c3513289980f17226a2fc4720dbd,69,0.029,17.21,11.2,16,sao jose dos campos,SP,Low,Maintain — on-time seller,484
96493fab2fbb13a14d0c0e8772eef5c3,63,0.0635,19.24,13.4,18,sao paulo,SP,Low,Maintain — on-time seller,274
964ff64dc05b13811c6d0f41e0aa5f6b,1,0.0,24.06,7.0,1,sao paulo,SP,Low volume,Watch — below volume gate,0
966cb4760537b1404caedd472cc610a5,66,0.0303,22.18,9.8,17,diadema,SP,Low,Maintain — on-time seller,477
9674754b5a0cb32b638cec001178f799,83,0.0241,14.04,8.3,12,sao paulo,SP,Low,Maintain — on-time seller,511
96804ea39d96eb908e7c3afdb671bb9e,36,0.0278,19.86,13.1,11,ibia,MG,Low,Maintain — on-time seller,493
968268a686aa05d1f529fb07dff08130,12,0.0,16.96,9.2,5,sao paulo,SP,Low volume,Watch — below volume gate,0
968ee78631915a63fef426d6733d7422,2,0.0,35.84,15.0,2,erechim,RS,Low volume,Watch — below volume gate,0
96e5dc09087bad639b4ee193104ec2e5,2,0.0,26.27,7.5,2,bom jardim,RJ,Low volume,Watch — below volume gate,0
96f7c797de9ca20efbe14545bed63eec,1,0.0,38.37,2.0,1,cravinhos,SP,Low volume,Watch — below volume gate,0
972d0f9cf61b499a4812cf0bfa3ad3c4,76,0.1184,26.25,18.3,11,brusque,SC,Medium,Review — rising late rate,80
973f21788dfab357250f69a8dcb7ddee,8,0.625,49.69,25.5,3,claudio,MG,Low volume,Watch — below volume gate,0
974cf2cb8f4b7add98709c30df02fe10,30,0.0333,16.57,11.2,7,araraquara,SP,Low,Maintain — on-time seller,448
97512d3fc193b2d1dfcdba0f9d1f0f8a,12,0.0833,28.46,8.3,5,sao paulo,SP,Low volume,Watch — below volume gate,0
977f9f63dd360c2a32ece2f93ad6d306,19,0.1053,50.79,13.8,7,tabatinga,SP,Low volume,Watch — below volume gate,0
979e9f8b5b39dd243a2550c8b05aecf0,3,0.0,15.63,9.3,2,sao paulo,SP,Low volume,Watch — below volume gate,0
97e4a63591ca439a2b8b7efd20e6e19e,5,0.0,15.71,6.4,3,rio de janeiro,RJ,Low volume,Watch — below volume gate,0
97e50a621f8e801f4baf69e08687c192,1,0.0,7.88,9.0,1,sao paulo,SP,Low volume,Watch — below volume gate,0
97e995629983723d11830a829bc2b246,5,0.0,19.87,16.8,4,lorena,SP,Low volume,Watch — below volume gate,0
9803a40e82e45418ab7fb84091af5231,11,0.0,46.6,15.5,8,rio verde,GO,Low volume,Watch — below volume gate,0
980640c45d7a4635885491d077167e4d,14,0.0714,17.31,7.5,6,rio claro,SP,Low volume,Watch — below volume gate,0
98115075dd26cb8835946fc6086f5d30,4,0.0,14.06,4.2,2,ao bernardo do campo,SP,Low volume,Watch — below volume gate,0
984c273121e743dd14767befe6cb17f5,1,1.0,21.31,34.0,1,americana,SP,Low volume,Watch — below volume gate,0
9853a239ab7b7ebbdc3a21248d5b8e1f,4,0.25,17.05,18.2,4,campo largo,PR,Low volume,Watch — below volume gate,0
985c92cc412091f8529c12d7f23d3fef,12,0.0,19.84,7.6,5,sao joao del rei,MG,Low volume,Watch — below volume gate,0
989becdce12ebc39863c2bceab6f3ca1,15,0.0667,54.3,13.8,6,curitiba,PR,Low volume,Watch — below volume gate,0
98dac6635aee4995d501a3972e047414,88,0.0455,28.68,9.7,10,sao paulo,SP,Low,Maintain — on-time seller,373
98dddbc4601dd4443ca174359b237166,2,0.0,26.84,8.0,2,sarandi,PR,Low volume,Watch — below volume gate,0
98e164d549402270247f3c96a1a158ef,2,0.0,12.36,9.0,2,sao paulo,SP,Low volume,Watch — below volume gate,0
98f52e1020fe788c10c0418de4393fec,1,0.0,15.1,9.0,1,macae,RJ,Low volume,Watch — below volume gate,0
99002261c568a84cce14d43fcffb43ea,36,0.0556,30.88,16.7,13,cuiaba,MT,Low,Maintain — on-time seller,311
9906e7aa42a3c067b7c9a564d01c4320,12,0.1667,43.71,16.2,5,maringa,PR,Low volume,Watch — below volume gate,0
994f04b3718c2bab35c2adfa8afecd2a,46,0.0652,16.21,14.2,11,jaguariuna,SP,Low,Maintain — on-time seller,262
9996ae921c50e8dff411ac69c0b4bb8b,2,0.0,28.57,14.5,2,tupa,SP,Low volume,Watch — below volume gate,0
999f6d9a1c7c81f43be44c6b7d076210,2,0.0,11.42,5.0,2,sao paulo,SP,Low volume,Watch — below volume gate,0
99a25c39b28a74d1151c35c18d178292,1,0.0,44.76,2.0,1,sao paulo,SP,Low volume,Watch — below volume gate,0
99a54764c341d5dc80b4a8fac4eba3fb,43,0.1163,30.78,7.7,7,sao paulo,SP,Medium,Review — rising late rate,86
99cd94252748d2bdde08e17858233602,2,0.0,10.76,3.0,1,sao paulo,SP,Low volume,Watch — below volume gate,0
99eaacc9e6046db1c82b163c5f84869f,63,0.1111,17.17,15.0,15,franca,SP,Medium,Review — rising late rate,99
9a03a4e9eb0b947652fae4f6121a3f5e,7,0.0,30.25,13.7,4,catanduva,SP,Low volume,Watch — below volume gate,0
9a1aea68d3efa00862ec88c0768037d0,7,0.0,27.5,13.0,4,catanduva,SP,Low volume,Watch — below volume gate,0
9a84ba99f5367fdbd4598363496f1ea2,15,0.0,27.67,10.7,5,luziania,GO,Low volume,Watch — below volume gate,0
9aa388272ee334b6ae07bc73706e254a,6,0.0,33.62,8.3,4,muriae,MG,Low volume,Watch — below volume gate,0
9ac4f14370b1e24ddc58be041b7f99df,5,0.0,24.43,9.0,3,jaragua,GO,Low volume,Watch — below volume gate,0
9ac75591b69c3402684b6ce0310f22ee,1,0.0,9.17,3.0,1,sao paulo,SP,Low volume,Watch — below volume gate,0
9add47bf45ce8e8c7db6b9cf670b1e09,41,0.0244,27.65,12.2,11,fazenda rio grande,PR,Low,Maintain — on-time seller,510
9b00cad94ef3078faf6fba2e792c158f,1,0.0,18.92,19.0,1,janauba,MG,Low volume,Watch — below volume gate,0
9b00ed88b7fdb95d6ff76e27c1b52d16,46,0.0652,12.64,9.3,7,sao paulo,SP,Low,Maintain — on-time seller,263
9b013e03b2ab786505a1d3b5c0756754,168,0.0417,15.32,8.5,10,vicente de carvalho,SP,Low,Maintain — on-time seller,388
9b1585752613ec342d03bbab9997ec48,3,0.0,33.35,8.0,2,rio de janeiro,RJ,Low volume,Watch — below volume gate,0
9b1ab052f5fca308ba743ac789ebb2e1,2,0.0,16.0,10.5,2,pitanga,PR,Low volume,Watch — below volume gate,0
9b1f656ca3060f8af17a50d8a024b533,1,1.0,19.39,26.0,1,santos,SP,Low volume,Watch — below volume gate,0
9b522ba7eae9e1d04082f267144583cc,3,0.3333,44.32,40.3,1,sao paulo,SP,Low volume,Watch — below volume gate,0
9b76ad3d04236f76bc71c59470305e13,2,0.0,30.96,6.0,2,boituva,SP,Low volume,Watch — below volume gate,0
9bade61a92bed55a25d2b67b9f4ed739,2,0.0,28.56,9.5,1,sao jose dos pinhais,PR,Low volume,Watch — below volume gate,0
9baf5cb77970f539089d09a38bcec5c3,31,0.0,17.15,15.1,10,indaiatuba,SP,Low,Maintain — on-time seller,617
9bc484c87d79cd4874e05ca182658045,8,0.125,13.14,13.0,3,sao paulo,SP,Low volume,Watch — below volume gate,0
9bcdfa7b615b3abb9461d9e3ad9886ae,14,0.0714,28.41,12.8,8,blumenau,SC,Low volume,Watch — below volume gate,0
9bf11dfc0bec77e5a23028043c3c5a8f,1,1.0,17.06,32.0,1,contagem,MG,Low volume,Watch — below volume gate,0
9c068d10aca38e85c50202e17b4a7e88,15,0.2,29.56,17.7,6,coxim,MS,Low volume,Watch — below volume gate,0
9c0e69c7bf2619675bbadf47b43f655a,145,0.0897,18.91,14.8,15,sao jose dos campos,SP,Low,Maintain — on-time seller,164
9c1c0c36cd23c20897e473901a8fb149,6,0.0,28.68,6.3,3,praia grande,SP,Low volume,Watch — below volume gate,0
9c3a1c416c765687bc79a04113269929,1,0.0,58.9,7.0,1,carmo da mata,MG,Low volume,Watch — below volume gate,0
9c3c24eca51c52b91c1de727d2a2ae06,5,0.0,17.96,10.2,4,caxias do sul,RS,Low volume,Watch — below volume gate,0
9c4d31c7e46ab03a43fc06e3142afd4e,2,0.0,21.91,7.0,2,rio de janeiro,RJ,Low volume,Watch — below volume gate,0
9c54608f0996c32ae4743089d915f845,3,0.0,36.64,12.3,2,loanda,PR,Low volume,Watch — below volume gate,0
9c57bc60cfad5ee62d35d3f1ce4593a1,1,1.0,15.43,37.0,1,curitiba,PR,Low volume,Watch — below volume gate,0
9c690ceacd5c66731bf443ea810195cb,10,0.0,24.92,7.6,3,camanducaia,MG,Low volume,Watch — below volume gate,0
9c7fd21e0aa159b20da593371f08ff7c,7,0.1429,17.97,7.3,5,osasco,SP,Low volume,Watch — below volume gate,0
9cad4b68bb993ee401a3c5aaa2bc26dd,3,0.3333,22.45,25.0,3,birigui,SP,Low volume,Watch — below volume gate,0
9cea4682e16655f7da87f406902e989e,4,0.0,32.87,10.2,4,araucaria,PR,Low volume,Watch — below volume gate,0
9cf787a239c1aa29dbd76f153dc13f9a,4,0.0,13.1,6.2,1,franca,SP,Low volume,Watch — below volume gate,0
9d213f303afae4983637247556438ede,2,0.0,45.06,6.5,2,ibitinga,SP,Low volume,Watch — below volume gate,0
9d39404483343dd55c7ae254494d8388,10,0.1,14.11,14.2,6,sao paulo,SP,Low volume,Watch — below volume gate,0
9d489893ff6af05029671b785f54b998,5,0.0,26.63,7.2,3,leme,SP,Low volume,Watch — below volume gate,0
9d4db00d65d7760644ac0c14edb5fd86,97,0.0412,15.56,8.0,13,sorocaba,SP,Low,Maintain — on-time seller,393
9d5604a1f112324ad6b2aa552122e0fb,13,0.0,26.19,12.5,8,florianopolis,SP,Low volume,Watch — below volume gate,0
9d5a9018aee56acb367ba9c3f05d1d6a,66,0.0152,26.34,15.0,16,aparecida de goiania,GO,Low,Maintain — on-time seller,557
9d681c7e12db302cb261e721040dde65,13,0.0,21.01,9.2,7,curitiba,PR,Low volume,Watch — below volume gate,0
9d69ba0a7a626a64dc5db08e529559cf,1,0.0,18.24,14.0,1,ribeirao preto,SP,Low volume,Watch — below volume gate,0
9d7a1d34a5052409006425275ba1c2b4,13,0.0769,21.31,14.2,5,franca,SP,Low volume,Watch — below volume gate,0
9da15f4a4ea758d9eeb49000dbe57e22,1,1.0,37.71,23.0,1,osasco,SP,Low volume,Watch — below volume gate,0
9da1ca0bef29ee170e541927a5aeabdc,6,0.1667,21.27,16.7,4,votuporanga,SP,Low volume,Watch — below volume gate,0
9dc79dd988ac42f4d56c340d7048420a,4,0.0,23.58,6.2,4,sao paulo,SP,Low volume,Watch — below volume gate,0
9dd459b29a14bf89d47183cf2cd0e4c7,2,0.5,9.41,6.5,1,sao paulo,SP,Low volume,Watch — below volume gate,0
9dd59e43f0c9f0553244e8f9c2fb247e,10,0.1,15.18,13.1,5,foz do iguacu,PR,Low volume,Watch — below volume gate,0
9dda5bbacd45e18d6485fee649205d09,17,0.0588,28.41,15.9,8,santa rita do sapucai,MG,Low volume,Watch — below volume gate,0
9de4643a8dbde634fe55621059d92273,72,0.0278,24.02,14.6,13,joinville,SC,Low,Maintain — on-time seller,490
9df5750209b83567ec144eb299d7d634,11,0.0909,23.57,14.1,7,sao leopoldo,RS,Low volume,Watch — below volume gate,0
9e25199f6ef7e7c347120ff175652c3b,1,0.0,14.52,8.0,1,taubate,SP,Low volume,Watch — below volume gate,0
9e6229250fedbe05838fef417b74e7fb,68,0.0294,25.57,12.0,10,mirandopolis,SP,Low,Maintain — on-time seller,480
9e6967d3cf386d284251784b18ccb485,9,0.1111,15.25,7.3,5,sao caetano do sul,SP,Low volume,Watch — below volume gate,0
9e7c5f4d7770eab65738cca38f9efccf,2,0.0,19.04,7.0,2,sao paulo,SP,Low volume,Watch — below volume gate,0
9e94fa26a70ede4d26226e918e8706a2,1,0.0,9.94,5.0,1,sao carlos,SP,Low volume,Watch — below volume gate,0
9e9b539eb2806acee3f5c28085c1db9f,3,0.3333,24.16,24.3,3,contagem,MG,Low volume,Watch — below volume gate,0
9ed65337433adfbedefd23dd76eaa494,6,0.0,13.51,7.5,2,sao paulo,SP,Low volume,Watch — below volume gate,0
9ef932e837d8b7f392c0bfee9d359dc2,1,1.0,19.66,37.0,1,ibitinga,SP,Low volume,Watch — below volume gate,0
9f50216bfd01913736a55a11b55ea842,17,0.1176,21.53,10.1,7,taubate,SP,Low volume,Watch — below volume gate,0
9f505651f4a6abe901a56cdc21508025,392,0.0408,15.16,8.0,23,sao paulo,SP,Low,Maintain — on-time seller,395
9fbd5666d8618fa571c4230fafa09bd6,1,0.0,16.81,13.0,1,sao paulo,SP,Low volume,Watch — below volume gate,0
9fc70243fb26800cba56e8f014797004,6,0.0,17.45,9.7,3,belo horizonte,MG,Low volume,Watch — below volume gate,0
9fe7c6641c79970ab48185498f547c09,1,0.0,34.71,18.0,1,sao paulo,SP,Low volume,Watch — below volume gate,0
a00824eb9093d40e589b940ec45c4eb0,3,0.0,126.5,8.0,3,bofete,SP,Low volume,Watch — below volume gate,0
a0415d9b25ede3c4b1e477e9916ffc03,9,0.0,20.55,9.0,7,nova iguacu,RJ,Low volume,Watch — below volume gate,0
a066df7361163e7ddc5d7452dd17448b,15,0.2,17.75,15.6,7,franca,SP,Low volume,Watch — below volume gate,0
a06c8ff043abea0528ee44171e2140a2,8,0.0,11.55,3.9,3,divinopolis,MG,Low volume,Watch — below volume gate,0
a080fc8a850289b27500f6b49cca2553,4,0.0,13.14,5.2,2,sao paulo,SP,Low volume,Watch — below volume gate,0
a08692680c77d30a0b4280da5df01c5a,6,0.0,37.98,9.2,3,sao paulo,SP,Low volume,Watch — below volume gate,0
a09a13f18ed27932d08438aa6f12756e,1,0.0,16.11,9.0,1,sapiranga,RS,Low volume,Watch — below volume gate,0
a0a14e50070f3225b3eabba5b85da517,4,0.0,18.11,6.0,2,curitiba,PR,Low volume,Watch — below volume gate,0
a0d7fbb07bb5ebc3b05980e750db56f3,3,0.0,92.97,16.3,3,ferraz de vasconcelos,SP,Low volume,Watch — below volume gate,0
a1040efe9ff4a6f93c28b0499eada8f5,1,0.0,34.48,17.0,1,jundiai,SP,Low volume,Watch — below volume gate,0
a1043bafd471dff536d0c462352beb48,699,0.0501,44.24,13.6,19,ilicinea,MG,Low,Maintain — on-time seller,339
a11a0e0ca67423425691db355cff69b0,2,0.0,14.04,5.5,2,indaiatuba,SP,Low volume,Watch — below volume gate,0
a13580f0e8f782b7a543885a0ef99f08,10,0.2,25.88,25.0,7,rio de janeiro,RJ,Low volume,Watch — below volume gate,0
a13aaf2d2886ab9fb30fb9a920160b8f,4,0.25,18.58,9.5,2,joinville,SC,Low volume,Watch — below volume gate,0
a1474fd46fd3430168f7ec202da39408,12,0.1667,55.08,18.0,8,pinhais,SP,Low volume,Watch — below volume gate,0
a150c540f572d0fb53992264bc5c10b5,1,0.0,15.59,11.0,1,sorocaba,SP,Low volume,Watch — below volume gate,0
a1544b9ea0b2390e020537d4daa89049,8,0.0,13.42,10.9,6,jundiai,SP,Low volume,Watch — below volume gate,0
a154d7316f158bb42e6fa18bbe3afd3a,2,0.5,25.16,47.5,2,sao paulo,SP,Low volume,Watch — below volume gate,0
a17f621c590ea0fab3d5d883e1630ec6,61,0.0656,16.92,11.7,12,sorocaba,SP,Low,Maintain — on-time seller,259
a1bea7061f61f6fdd9a85a6325ba1033,9,0.1111,11.1,4.4,4,carapicuiba / sao paulo,SP,Low volume,Watch — below volume gate,0
a1bea9970d8f65b240555f99c2214f7f,1,0.0,27.48,9.0,1,pinhais,PR,Low volume,Watch — below volume gate,0
a20d8058c866dbaeca014d2cd20ac62e,2,0.0,22.45,23.0,2,sao jose dos campos,SP,Low volume,Watch — below volume gate,0
a213f1bd6458f4a158f3746cb2514559,1,0.0,14.43,9.0,1,maringa,PR,Low volume,Watch — below volume gate,0
a218df5c097b0ca409cfaac1488cc7f6,4,0.0,29.34,11.5,2,araraquara,SP,Low volume,Watch — below volume gate,0
a21c11ec5c3f03e7cc9f9203bff9e1c6,3,0.0,30.29,9.3,3,santana de parnaiba,SP,Low volume,Watch — below volume gate,0
a23266650e7c84bb93fbbba502137478,11,0.0,25.37,11.3,7,porto alegre,RS,Low volume,Watch — below volume gate,0
a254c682cc01e119f83530446f1df9a9,6,0.1667,40.0,15.0,6,cafelandia,SP,Low volume,Watch — below volume gate,0
a2a41aedb70551d4a85aa04dc2fced48,2,0.0,13.47,8.5,2,sao paulo,SP,Low volume,Watch — below volume gate,0
a2b5b6105ea5942300631d2e76f4ffe0,16,0.0625,45.17,8.6,9,osasco,SP,Low volume,Watch — below volume gate,0
a2b911e9ad40dc7d61c142a4683e2d85,1,0.0,34.4,13.0,1,barra mansa,RJ,Low volume,Watch — below volume gate,0
a2deecd5398f5df4987110c80a1972a3,13,0.0,17.08,8.2,7,sao paulo,SP,Low volume,Watch — below volume gate,0
a2e874074c877c5a05abae80ad6e488f,40,0.05,27.63,19.2,10,sao jose do rio preto,SP,Low,Maintain — on-time seller,341
a2fa0bdc798ee84cdb08281337cf4fb6,8,0.0,23.39,18.1,5,florianopolis,SC,Low volume,Watch — below volume gate,0
a3082f442524a1be452e3189e003b361,3,0.0,32.55,11.7,3,curitiba,SP,Low volume,Watch — below volume gate,0
a35124e2d763d7ca3fbe3b97d143200f,4,0.0,19.72,10.8,2,sao paulo,SP,Low volume,Watch — below volume gate,0
a353b1083c9863d756d9404695016d64,1,0.0,17.09,21.0,1,cariacica,ES,Low volume,Watch — below volume gate,0
a35ef466c6fd6d052f5d241240d3c5e2,3,0.0,26.55,12.0,3,novo hamburgo,RS,Low volume,Watch — below volume gate,0
a369d693961cb93b61ca2cc518872a85,11,0.0,59.19,11.1,5,sao jose do rio preto,SP,Low volume,Watch — below volume gate,0
a36ac007a4d18f865c8d32c3b2402c2d,8,0.0,20.15,9.8,4,barueri,SP,Low volume,Watch — below volume gate,0
a36b125ac6d5fdbc7f50de85c9157bdc,23,0.087,16.26,12.9,7,ribeirao preto,SP,Low volume,Watch — below volume gate,0
a37c340b91cb0169e8b029db6440fba2,5,0.0,18.99,10.8,4,sao paulo,SP,Low volume,Watch — below volume gate,0
a3a38f4affed601eb87a97788c949667,249,0.0442,20.7,12.5,21,joinville,SC,Low,Maintain — on-time seller,381
a3b0df0065e264a91b7bbf5f844af5cd,2,0.0,16.03,13.5,1,sao bernardo do capo,SP,Low volume,Watch — below volume gate,0
a3b42d266fa8afc874b909422ce88582,1,0.0,81.84,3.0,1,orlandia,SP,Low volume,Watch — below volume gate,0
a3dd39f583bc80bd8c5901c95878921e,34,0.0294,23.66,12.3,13,salvador,BA,Low,Maintain — on-time seller,482
a3e9a2c700480d9bb01fba070ba80a0e,121,0.0909,22.65,13.1,13,ibitinga,SP,Low,Maintain — on-time seller,154
a3f0b55de503387383c7b1de3ad7f678,23,0.0435,52.81,10.9,8,curitiba,PR,Low volume,Watch — below volume gate,0
a3fa18b3f688ec0fca3eb8bfcbd2d5b3,1,0.0,36.46,14.0,1,são paulo,SP,Low volume,Watch — below volume gate,0
a414555ce331b8c8aea4a9cb8395194d,7,0.0,34.66,7.0,2,sao paulo,SP,Low volume,Watch — below volume gate,0
a416b6a846a11724393025641d4edd5e,157,0.1083,18.7,12.5,21,sao paulo,SP,Medium,Review — rising late rate,107
a420f60ff1aa9acc80d0e42959f2b313,66,0.0758,16.41,11.4,15,sao paulo,SP,Low,Maintain — on-time seller,216
a425f92c199eb576938df686728acd20,16,0.0,18.34,17.1,5,curitiba,PR,Low volume,Watch — below volume gate,0
a435b009cd956ea60748b5cfbddf2e24,3,0.3333,15.07,30.3,3,franca,SP,Low volume,Watch — below volume gate,0
a44fb5a447105f8469bdf16bf9159f25,19,0.2105,30.87,14.2,8,porto alegre,RS,Low volume,Watch — below volume gate,0
a45314082d50d578a4721c9787ce09ab,2,0.0,14.51,5.0,1,mirassol,SP,Low volume,Watch — below volume gate,0
a45765f8afb1e594b22bf9e974b46765,1,0.0,8.93,5.0,1,sao paulo,SP,Low volume,Watch — below volume gate,0
a478c7961d6a992065b24e63b366f90b,8,0.0,21.26,9.9,4,blumenau,SC,Low volume,Watch — below volume gate,0
a49928bcdf77c55c6d6e05e09a9b4ca5,94,0.2234,17.88,17.0,18,sao paulo,SP,High,Intervene — high late rate,7
a4b6b9b992b46e9ef863637af96e04bc,6,0.1667,34.97,18.5,6,florianopolis,SC,Low volume,Watch — below volume gate,0
a4b8d97cd5d3674eeff96abc99d8ed67,1,0.0,19.3,6.0,1,sumare,SP,Low volume,Watch — below volume gate,0
a4bd6e9adf39b63f43dc545d3ca1f53d,4,0.0,28.1,10.5,4,rio de janeiro,RJ,Low volume,Watch — below volume gate,0
a4fc6eadaff1576af888509a53420f6a,1,0.0,20.76,29.0,1,sao caetano do sul,SP,Low volume,Watch — below volume gate,0
a513150f33f99a06569e9cd5c4bb889b,2,0.0,17.12,9.5,1,sao paulo,SP,Low volume,Watch — below volume gate,0
a5259c149128e82c9d6d46e0c1c812bb,8,0.0,54.86,19.4,4,ji parana,RO,Low volume,Watch — below volume gate,0
a53f60f05f822b5c621a50ff6a5cb362,4,0.0,32.28,11.5,4,uberlandia,MG,Low volume,Watch — below volume gate,0
a56a8043ebf66e42119618fb8cf232c6,1,0.0,23.73,11.0,1,joinville,SC,Low volume,Watch — below volume gate,0
a56e351445e5863fc8960640ba9190c7,3,0.0,21.69,12.0,3,itajai,SC,Low volume,Watch — below volume gate,0
a5a1bfcf728ab0e19182959cf0771ee4,19,0.0526,17.21,14.3,7,socorro,SP,Low volume,Watch — below volume gate,0
a5bff0f43eb51f0cad7c37fac7244c8a,4,0.0,24.07,16.0,3,sao paulo,SP,Low volume,Watch — below volume gate,0
a5cba26a62b8b4d0145b68b841e62e7f,53,0.0189,25.41,13.1,10,campo mourao,PR,Low,Maintain — on-time seller,542
a5dd1946fb63ada8bcaa0c9cd8f11e22,6,0.0,34.45,16.7,5,caruaru,PE,Low volume,Watch — below volume gate,0
a5ff20ff766e7f50bd5066f33da14413,2,0.0,39.78,5.5,2,sao paulo,SP,Low volume,Watch — below volume gate,0
a61cc04793308395a840807104365121,1,0.0,23.74,8.0,1,jarinu,SP,Low volume,Watch — below volume gate,0
a63bfbaa882c8f4542891b4e2246cc7f,6,0.0,40.66,11.7,6,niteroi,RJ,Low volume,Watch — below volume gate,0
a64e44665225d19dfc0277eeeaaccc57,6,0.0,18.78,7.8,3,sao paulo,SP,Low volume,Watch — below volume gate,0
a663d9c3797e90eac99ff60939416a56,1,0.0,14.08,5.0,1,sao paulo,SP,Low volume,Watch — below volume gate,0
a673821011d0cec28146ea42f5ab767f,122,0.1066,21.54,13.1,12,sao paulo,SP,Medium,Review — rising late rate,113
a67780aba9dd436e7ac0aa1f889e73ec,6,0.1667,29.67,21.5,5,presidente prudente,SP,Low volume,Watch — below volume gate,0
a69aa24cec11168e7e39a3fbc727e925,3,0.0,11.44,8.3,2,carapicuiba,SP,Low volume,Watch — below volume gate,0
a6bd7d1ccdac48c6b33b28596b7eb122,14,0.0714,44.97,16.1,9,mamanguape,PB,Low volume,Watch — below volume gate,0
a6fe7de3d16f6149ffe280349a8535a0,50,0.12,14.59,14.9,11,franca,SP,Medium,Review — rising late rate,77
a70e9066dbfd10b6b97a3f54a1356762,2,0.0,155.7,18.5,2,mandaguari,PR,Low volume,Watch — below volume gate,0
a72c2f59332659e361d647515c698798,5,0.0,26.21,10.2,3,flores da cunha,RS,Low volume,Watch — below volume gate,0
a72f15980dc3e9bfd1a49ac9b2f3af65,1,0.0,18.73,5.0,1,marilia,SP,Low volume,Watch — below volume gate,0
a7a9b880c49781da66651ccf4ba9ac38,3,0.0,21.82,9.3,2,itirapina,SP,Low volume,Watch — below volume gate,0
a7b7354cc588f7566a848bcbb1ce3d96,2,0.0,12.54,12.0,2,sao paulo,SP,Low volume,Watch — below volume gate,0
a7c53f6b3b61adbdaa99dda97e8cbd56,1,0.0,11.3,7.0,1,barretos,SP,Low volume,Watch — below volume gate,0
a7c88262832dfc683781d6a421edefae,5,0.0,16.48,11.4,3,mogi das cruzes,SP,Low volume,Watch — below volume gate,0
a7d0f8dd44f57ef6de7f7f02e3d82630,2,0.0,12.94,6.0,2,sao paulo,SP,Low volume,Watch — below volume gate,0
a7dc4098e4da6e41b426269d12ae7e91,2,0.0,18.23,6.0,1,sao paulo,SP,Low volume,Watch — below volume gate,0
a7ecf689b40a44361e259b28939023e4,1,0.0,21.91,11.0,1,vila velha,ES,Low volume,Watch — below volume gate,0
a7f13822ceb966b076af67121f87b063,73,0.0411,40.59,22.8,16,itaquaquecetuba,SP,Low,Maintain — on-time seller,394
a806a4bb063ea7ca6d374eafa50a6058,5,0.0,22.17,12.8,4,serra,ES,Low volume,Watch — below volume gate,0
a81466620e46a6970b22ef40379fdfc9,2,0.0,16.49,7.0,2,sao ludgero,SC,Low volume,Watch — below volume gate,0
a8739afb32aaa45e01815ca76f76f54b,13,0.0,20.36,9.5,6,sao bernardo do campo,SP,Low volume,Watch — below volume gate,0
a888faf2d1baececa6baf9c3d603ee1f,53,0.0943,20.9,18.1,12,umuarama,PR,Low,Maintain — on-time seller,143
a89e143d5211473ae18db9577ee34b64,1,0.0,9.94,9.0,1,limeira,SP,Low volume,Watch — below volume gate,0
a90a5da8b09e44264a177c0374a5ac87,3,0.0,24.2,9.7,2,ponta grossa,PR,Low volume,Watch — below volume gate,0
a938325a4b357fd23a6a4d5bb126408e,23,0.0435,20.27,13.3,10,nilopolis,RJ,Low volume,Watch — below volume gate,0
a9415cf907dfa12f9ed18693244f5329,1,0.0,175.42,11.0,1,prados,MG,Low volume,Watch — below volume gate,0
a99504ac23ed125aaf5302af6cc30af9,1,0.0,47.24,16.0,1,batatais,SP,Low volume,Watch — below volume gate,0
a9ae440659f48b7849df83e82734150b,1,0.0,27.02,13.0,1,santo andre,SP,Low volume,Watch — below volume gate,0
a9b533a26e898b12e8b8d4c07279bf4d,4,0.0,17.86,15.0,3,rio de janeiro,RJ,Low volume,Watch — below volume gate,0
aa17b35ce4de7b565be3249ba838944f,2,0.0,17.1,16.5,2,jundiai,SP,Low volume,Watch — below volume gate,0
aa1eb17b9fdf6dfd546e25c45c7b9235,3,0.0,12.09,8.0,2,sao paulo,SP,Low volume,Watch — below volume gate,0
aa2640d851ec322526f1295bbeb20092,1,0.0,22.36,4.0,1,sao paulo,SP,Low volume,Watch — below volume gate,0
aa762680c40618316a896838866140ea,3,0.3333,20.82,22.7,3,curitiba,PR,Low volume,Watch — below volume gate,0
aa8af66c623d7d544dfe4bb85b5ebe3b,1,0.0,15.57,8.0,1,betim,MG,Low volume,Watch — below volume gate,0
aac29b1b99776be73c3049939652091d,93,0.0968,27.95,15.0,14,uberlandia,MG,Low,Maintain — on-time seller,136
aac51c486b672a9850d59f3e84b1cf88,10,0.0,13.13,4.6,3,sao paulo,SP,Low volume,Watch — below volume gate,0
aadfe0417e61315688b6bd7043361e25,1,0.0,14.28,6.0,1,goiania,GO,Low volume,Watch — below volume gate,0
aae3bfea055532c57fb453ed3ec80b30,48,0.0,17.01,12.5,18,santo andre,SP,Low,Maintain — on-time seller,594
aae5953b9edddf14749c0d65d60eb4b9,2,0.0,14.95,12.5,2,belo horizonte,MG,Low volume,Watch — below volume gate,0
aae5e7b457a3c72ee230a47d98fceda5,5,0.0,28.15,11.8,4,sao jose dos pinhas,PR,Low volume,Watch — below volume gate,0
aaed1309374718fdd995ee4c58c9dfcd,103,0.0291,22.27,12.3,15,timbo,SC,Low,Maintain — on-time seller,483
aafe36600ce604f205b86b5084d3d767,128,0.0391,18.96,12.5,16,sao jose,SC,Low,Maintain — on-time seller,408
ab27bbbad5239bc31a34709275a70db4,3,0.0,34.05,8.3,1,tatui,SP,Low volume,Watch — below volume gate,0
ab3e0c171fe84a7ba7de130f19cfb485,6,0.3333,18.81,20.8,3,colorado,PR,Low volume,Watch — below volume gate,0
ab91571efab27993ff2f6b36e38055c3,3,0.3333,18.9,13.0,2,sao paulo,SP,Low volume,Watch — below volume gate,0
ab9db4cf53b08b828b64dccaafc2d9f0,4,0.0,26.46,11.5,3,paraiso do sul,RS,Low volume,Watch — below volume gate,0
aba1721a889e04decc910aa13b768ef4,82,0.0732,15.25,9.3,17,sao paulo,SP,Low,Maintain — on-time seller,226
abbf6046bbdf1028606a5bc7f00c99e7,6,0.0,21.17,11.5,4,xanxere,SC,Low volume,Watch — below volume gate,0
abc015ebac1d283a323ca9db35ede4b9,12,0.0,18.57,10.8,8,ribeirao preto,SP,Low volume,Watch — below volume gate,0
abcd2cb37d46c2c8fb1bf071c859fc5b,42,0.0476,29.49,14.0,13,cuiaba,MT,Low,Maintain — on-time seller,362
abe021b01ba992245271b9aa422032df,2,0.0,58.62,18.0,2,curitiba,PR,Low volume,Watch — below volume gate,0
abe42c5d03695b4257b5c6cbf4e6784e,49,0.1633,19.34,14.3,13,rio de janeiro,RJ,Medium,Review — rising late rate,29
ac3508719a1d8f5b7614b798f70af136,100,0.02,29.62,9.4,18,canoas,RS,Low,Maintain — on-time seller,537
ac51cac5e20d69ff485a54746488ef48,3,0.0,19.57,16.3,3,ribeirao preto,SP,Low volume,Watch — below volume gate,0
ac6417315ae5da8f9a38ee11de6f7780,7,0.1429,19.25,11.4,2,aruja,SP,Low volume,Watch — below volume gate,0
ac9b01377919cdbd2a1bbb8d5837c70b,1,0.0,23.54,10.0,1,mogi das cruzes,SP,Low volume,Watch — below volume gate,0
acadd4d36859671cb635527c6c977533,12,0.0833,22.16,17.9,6,santa rosa de viterbo,SP,Low volume,Watch — below volume gate,0
acb6c2ca5c82411c1fdb88d5fd5eb95e,10,0.0,16.16,10.2,6,sao paulo,SP,Low volume,Watch — below volume gate,0
acce39e832338debb07b02385cde5967,43,0.0,26.72,7.1,10,contagem,MG,Low,Maintain — on-time seller,599
aced59e9b31ef866a94f9e7f29d8d418,59,0.0339,19.32,9.7,11,sao paulo,SP,Low,Maintain — on-time seller,442
acf974e4d5950ad143a247471b831eb9,5,0.0,69.21,11.8,3,caxias do sul,RS,Low volume,Watch — below volume gate,0
ad14615bdd492b01b0d97922e87cb87f,1,0.0,10.96,14.0,1,tubarao,SC,Low volume,Watch — below volume gate,0
ad273c9eb54ecb4532de4bf75bae9e4e,9,0.0,22.74,12.7,4,curitiba,PR,Low volume,Watch — below volume gate,0
ad420dd0c4f92f8af951ac24b86d0cf5,42,0.0714,21.74,15.0,9,fronteira,MG,Low,Maintain — on-time seller,237
ad75519a07f039025e83795a4418470f,3,0.0,38.61,9.3,2,santa terezinha de goias,GO,Low volume,Watch — below volume gate,0
ad781527c93d00d89a11eecd9dcad7c1,35,0.3429,57.38,27.0,12,sao jose do rio preto,SP,High,Intervene — high late rate,1
ad87df7699e83b8a91822a4a0b765c3a,5,0.0,15.88,11.0,4,jaguariuna,SP,Low volume,Watch — below volume gate,0
ad8b531ae67582f096925cff5630d0d1,2,0.0,26.52,20.5,2,castro,PR,Low volume,Watch — below volume gate,0
ad97a199236354e53fcd91a5a913e9a2,16,0.125,52.32,15.6,6,brusque,SC,Low volume,Watch — below volume gate,0
adbc26658d6c7b4b6219f9d934598091,87,0.1379,21.67,17.2,10,curitiba,PR,Medium,Review — rising late rate,54
adbe70ab2c97442046d393988c8d1d27,5,0.0,13.03,7.0,3,maua,SP,Low volume,Watch — below volume gate,0
adcf50477d6a1f5d91bb9d54c4903cb5,16,0.1875,38.49,23.5,7,claudio,MG,Low volume,Watch — below volume gate,0
ade45994b717ccee333492330fbf037b,10,0.0,28.36,8.3,5,umuarama,PR,Low volume,Watch — below volume gate,0
aded58c8142dedc5494a81f948431fab,4,0.0,22.77,8.8,3,rio de janeiro,RJ,Low volume,Watch — below volume gate,0
ae45ad30c2d2e5913094769690a239d2,1,0.0,31.26,19.0,1,franca,SP,Low volume,Watch — below volume gate,0
ae45df84722b1d15c5f32b23a095746c,9,0.0,18.18,7.2,4,sao paulo,SP,Low volume,Watch — below volume gate,0
ae7ab174effdead6c241e547e4ca13f0,6,0.0,155.43,9.5,2,arapongas,PR,Low volume,Watch — below volume gate,0
ae8bfdbf1c2a2a2dee92d799db0a31c6,8,0.0,18.28,9.1,4,toledo,PR,Low volume,Watch — below volume gate,0
ae9690c6e8fee182c28c9ff8e11ca52c,1,0.0,21.72,5.0,1,sao paulo,SP,Low volume,Watch — below volume gate,0
aeb36d67f1414f234d42a29e27cf1f17,4,0.25,71.07,19.8,3,santo andre,SP,Low volume,Watch — below volume gate,0
aec99834ab5d38ead22766ada8497e87,1,0.0,17.51,7.0,1,colombo,PR,Low volume,Watch — below volume gate,0
af3ef48d0e13835e529c29ac573c63e5,21,0.0476,22.26,8.0,3,araraquara,SP,Low volume,Watch — below volume gate,0
af4a0e4cfe1d9c26b6712b1be25a72e5,20,0.05,30.06,13.6,7,mateus leme,MG,Low volume,Watch — below volume gate,0
af7cdac9d9897cddead9c6b08976c642,6,0.1667,25.08,15.0,3,laranjal paulista,SP,Low volume,Watch — below volume gate,0
afa6714acee029b2dfdf357e5579cc03,16,0.125,23.93,12.7,10,descalvado,SP,Low volume,Watch — below volume gate,0
afe0067131b73e40875c9b6c10bd2e21,45,0.0444,24.69,15.4,13,lagoa da prata,MG,Low,Maintain — on-time seller,380
b00af24704019bd2e1b335e70ad11f7c,1,0.0,18.25,15.0,1,salvador,BA,Low volume,Watch — below volume gate,0
b01c2b7b8599b325103ebcddc67413e1,4,0.0,18.17,8.2,3,venancio aires,RS,Low volume,Watch — below volume gate,0
b026643914f651e8371425e5b8a1e780,1,0.0,15.1,10.0,1,rio de janeiro,RJ,Low volume,Watch — below volume gate,0
b0398568231ba5e6734af1881671a317,4,0.0,29.8,13.2,3,colatina,ES,Low volume,Watch — below volume gate,0
b05b432bf68945d4d9783f9e3ca29ee8,2,0.0,13.04,5.5,1,birigui,SP,Low volume,Watch — below volume gate,0
b080809eaacb49e5ca07290981472431,11,0.0,13.04,10.5,5,belo horizonte,MG,Low volume,Watch — below volume gate,0
b0b346d3a89f5eb4c2968af3f083cd43,9,0.3333,17.86,23.1,6,campinas,SP,Low volume,Watch — below volume gate,0
b0f2a6122a90a93eb03e68653dd960e3,6,0.0,23.0,7.8,2,curitiba,PR,Low volume,Watch — below volume gate,0
b1204cfda1d4948679db3cfc0d3cb95c,6,0.0,16.68,9.8,5,guarulhos,SP,Low volume,Watch — below volume gate,0
b127efdabeffb5d559349c7b172eb75d,9,0.1111,18.89,10.2,4,sao paulo,SP,Low volume,Watch — below volume gate,0
b12cfd255810394b60caef18ae163547,2,0.0,83.07,15.5,2,cascavel,PR,Low volume,Watch — below volume gate,0
b14db04aa7881970e83ffa9426897925,76,0.1053,28.09,16.1,18,sorocaba,SP,Medium,Review — rising late rate,118
b16d3dadc47d4eb18be3d88bad0775ce,10,0.0,17.84,6.5,5,estancia velha,RS,Low volume,Watch — below volume gate,0
b17b679f4f5ce2e03ce6968c62648246,50,0.16,19.6,19.3,13,ribeirao preto,SP,Medium,Review — rising late rate,30
b18871c324516afa228a13e8f1ef0ae9,9,0.1111,27.09,9.2,3,sao paulo,SP,Low volume,Watch — below volume gate,0
b18dc380845b24038cfc48006478f099,43,0.1163,18.53,12.8,10,diadema,SP,Medium,Review — rising late rate,87
b19c48688808720822399ffa9f2dbe2f,1,0.0,24.82,6.0,1,sao paulo,SP,Low volume,Watch — below volume gate,0
b19f3ca2ea475913750f25a5c37c8d8f,19,0.3158,53.5,18.4,6,divinopolis,MG,Low volume,Watch — below volume gate,0
b1a81260566c1bac3114a6d124413f27,50,0.0,31.36,8.6,11,carazinho,RS,Low,Maintain — on-time seller,593
b1aaae6b66ad3c40f54b389d7ea4bee0,14,0.0,19.58,8.1,5,sao paulo,SP,Low volume,Watch — below volume gate,0
b1ac6ea7895bc3dd6f0f6f4abbdd2821,38,0.0,20.33,10.1,11,canoas,RS,Low,Maintain — on-time seller,603
b1b3948701c5c72445495bd161b83a4c,14,0.6429,28.91,23.4,4,sao paulo,SP,Low volume,Watch — below volume gate,0
b1fc4f64df5a0e8b6913ab38803c57a9,101,0.1287,20.21,16.3,23,sao goncalo,RJ,Medium,Review — rising late rate,63
b1fecf4da1fa2689bccffa0121953643,19,0.0,20.9,10.2,9,campo grande,MS,Low volume,Watch — below volume gate,0
b2479f944e1b90cf8a5de1bbfde284d6,99,0.1212,22.2,15.4,14,ibitinga,SP,Medium,Review — rising late rate,72
b248792ac0b60ec3f93d80af1b4fae47,7,0.1429,21.98,6.6,4,sao caetano do sul,SP,Low volume,Watch — below volume gate,0
b26741d31a563d769b4af0465ab20c56,2,0.0,23.52,13.0,2,florianopolis,SC,Low volume,Watch — below volume gate,0
b274baf5bbd142410eb2958cf685d684,7,0.0,21.24,6.1,4,montenegro,RS,Low volume,Watch — below volume gate,0
b29d3380981c51df13fc6fbe87e1763d,6,0.0,16.43,8.2,1,ribeirao preto,SP,Low volume,Watch — below volume gate,0
b2a6d334e2833acea353624840e25a0e,24,0.0,15.55,10.7,11,sao paulo,SP,Low volume,Watch — below volume gate,0
b2ac621f0d0322434d04a12b078b9369,29,0.1034,26.63,14.9,14,curitiba,PR,Low volume,Watch — below volume gate,0
b2ba3715d723d245138f291a6fe42594,323,0.0681,19.56,14.1,21,sao paulo,SP,Low,Maintain — on-time seller,246
b2c97074649f92197d9387d9033dda5f,10,0.1,27.94,12.3,8,botucatu,SP,Low volume,Watch — below volume gate,0
b2eecf5ea250510da76590ca79d60e5d,9,0.0,17.02,6.1,4,sao paulo,SP,Low volume,Watch — below volume gate,0
b2f4d63c7203f539a78252565ca32257,1,0.0,20.84,13.0,1,armacao dos buzios,RJ,Low volume,Watch — below volume gate,0
b32be1695eb7ec5f10f72d9610a12527,44,0.0455,66.77,12.2,10,caxias do sul,RS,Low,Maintain — on-time seller,375
b335c59ab742f751a85db9c411a86739,29,0.0345,18.79,16.3,7,araguari,MG,Low volume,Watch — below volume gate,0
b33aaadd1a8891d2dfef0c4c3bdf0371,16,0.125,22.44,14.0,7,limeira,SP,Low volume,Watch — below volume gate,0
b33e7c55446eabf8fe1a42d037ac7d6d,147,0.1156,18.11,16.3,19,pradopolis,SP,Medium,Review — rising late rate,88
b347677812ea483b0f528eaf8cbc09b7,21,0.0,37.66,13.1,10,curitiba,PR,Low volume,Watch — below volume gate,0
b372ee768ed69e46ca8cdbd267aa7a38,63,0.0,18.79,12.4,15,sao jose do rio preto,SP,Low,Maintain — on-time seller,585
b37c4c02bda3161a7546a4e6d222d5b2,4,0.0,103.15,18.5,3,sao paulo,SP,Low volume,Watch — below volume gate,0
b3809b8d4394588a47c8470ea331e135,1,0.0,7.88,5.0,1,sao paulo,SP,Low volume,Watch — below volume gate,0
b39d7fe263ef469605dbb32608aee0af,41,0.0488,23.97,13.1,10,ibitinga,SP,Low,Maintain — on-time seller,350
b3b17aab11f273023a5f22ca52e1eb70,7,0.1429,67.91,16.4,4,londrina,PR,Low volume,Watch — below volume gate,0
b3e2faf2c1004d674f16a3aa3197f0e1,3,0.0,11.26,7.0,1,ribeirao preto,SP,Low volume,Watch — below volume gate,0
b3f19518fcec265b2e97af287725f981,8,0.0,15.61,10.5,4,tanabi,SP,Low volume,Watch — below volume gate,0
b410bdd36d5db7a65dcd42b7ead933b8,42,0.0,22.64,9.1,9,goiania,GO,Low,Maintain — on-time seller,600
b416191c9813d821a295cfabafff4161,2,0.0,16.17,19.0,2,franca,SP,Low volume,Watch — below volume gate,0
b43d8b707f887a30f4675391098354a0,3,0.3333,76.96,25.0,3,ipira,SP,Low volume,Watch — below volume gate,0
b44dbfbf62e52125f3c15d230569ea91,4,0.0,22.42,4.8,3,sao paulo,SP,Low volume,Watch — below volume gate,0
b452cb0ae35044c4a53179c39f49fb06,2,0.0,19.14,16.5,2,sorocaba,SP,Low volume,Watch — below volume gate,0
b45d7ebfb7378630f1bcd74b6ff86ff7,3,0.0,22.81,29.7,2,belo horizonte,MG,Low volume,Watch — below volume gate,0
b494891378bd8f4560abe576c52deacd,19,0.0,15.58,5.4,5,sao paulo,SP,Low volume,Watch — below volume gate,0
b499c00f28f4b7069ff6550af8c1348a,144,0.1319,17.56,11.4,14,limeira,SP,Medium,Review — rising late rate,59
b4a476fbd28de64b1e347abf9089366a,29,0.069,26.92,12.8,11,itapevi,SP,Low volume,Watch — below volume gate,0
b4b447d715f9ab302a188fb43d3e96b3,5,0.0,18.75,3.6,2,sao paulo,SP,Low volume,Watch — below volume gate,0
b4f8921fcc4ff77b66bea6dda43dcd51,17,0.0588,84.73,7.6,4,caxias do sul,RS,Low volume,Watch — below volume gate,0
b4ffb71f0cb1b1c3d63fad021ecf93e1,140,0.0214,17.83,10.0,21,sao paulo,SP,Low,Maintain — on-time seller,530
b55638ad525e906c698fa2ce742c1742,11,0.1818,26.44,23.4,4,imbituba,SC,Low volume,Watch — below volume gate,0
b561927807645834b59ef0d16ba55a24,84,0.1429,15.47,12.6,13,sao paulo,SP,Medium,Review — rising late rate,45
b566ab0ef88016e00422755e305103c6,5,0.2,44.04,13.0,3,extrema,MG,Low volume,Watch — below volume gate,0
b56828a9f9027f3c918c04ca720d9e3c,3,0.3333,37.2,16.7,2,praia grande,SP,Low volume,Watch — below volume gate,0
b56906f7fd1696e043f1bcce164c487b,40,0.05,21.34,12.8,9,echapora,SP,Low,Maintain — on-time seller,342
b586cd24c010a13916af621b0325fbba,6,0.0,44.0,5.5,4,rio do sul,SC,Low volume,Watch — below volume gate,0
b5abf4f36adc043117b4fca82c22984c,7,0.2857,21.06,21.6,4,brasilia,DF,Low volume,Watch — below volume gate,0
b5b800c4065bebf4d3442311c9857344,1,0.0,8.91,6.0,1,sao paulo,SP,Low volume,Watch — below volume gate,0
b5bb2b985208834bd5bd86c7a402bbad,2,0.0,19.33,11.5,2,venancio aires,RS,Low volume,Watch — below volume gate,0
b5d034ac251546e25afe9067f05c1539,1,0.0,15.37,12.0,1,itapecerica da serra,SP,Low volume,Watch — below volume gate,0
b5dd7151a92ccaaa282cbe9681a05f44,1,0.0,18.7,13.0,1,ribeirao preto,SP,Low volume,Watch — below volume gate,0
b5e3e38609125694d2ea2417522a60b7,16,0.125,18.82,18.2,10,florianopolis,SC,Low volume,Watch — below volume gate,0
b5f0712d22a873b6797ab6cc65c3fcba,1,0.0,8.29,3.0,1,sao paulo,SP,Low volume,Watch — below volume gate,0
b5f49fe968dff6b112861e6cd8e192ef,1,0.0,42.97,14.0,1,curitiba,PR,Low volume,Watch — below volume gate,0
b64d51f0435e884e8de603b1655155ae,17,0.1176,21.75,7.2,4,garulhos,SP,Low volume,Watch — below volume gate,0
b67d6c666e8dce1d078c882825e12704,7,0.0,14.88,7.4,4,sao paulo,SP,Low volume,Watch — below volume gate,0
b6d44737c043328708f6749c2dbe50bd,59,0.0508,26.34,7.8,8,santo andre,SP,Low,Maintain — on-time seller,337
b6dc74ed30f124f95227bed4e43a3bed,9,0.1111,18.26,18.1,4,arapongas,PR,Low volume,Watch — below volume gate,0
b6e1504972665f739dec4facb9943775,14,0.0714,16.13,11.0,6,piracicaba,SP,Low volume,Watch — below volume gate,0
b6f52e346160519c24a23af05410ad32,1,0.0,13.35,12.0,1,sao paulo,SP,Low volume,Watch — below volume gate,0
b74d1c09cb380e1d03a6f859c6f4224b,29,0.1379,28.42,11.0,9,rio de janeiro,RJ,Low volume,Watch — below volume gate,0
b76a1f8356322f12529c37b67d5c96c2,5,0.0,11.28,7.4,2,santos,SP,Low volume,Watch — below volume gate,0
b76dba6c951ab00dc4edf0a1aa88037e,157,0.0318,14.54,10.4,17,sao paulo,SP,Low,Maintain — on-time seller,465
b76f4d90e85657a240495c876313adc5,1,0.0,19.3,3.0,1,hortolandia,SP,Low volume,Watch — below volume gate,0
b77a27b1864483e721dc831d5ba4afa0,1,0.0,14.52,8.0,1,duque de caxias,RJ,Low volume,Watch — below volume gate,0
b7ba853e9551f4558440881fd3e5c815,1,0.0,25.7,35.0,1,santo antonio da patrulha,RS,Low volume,Watch — below volume gate,0
b7cc6c5e001441ae8cdd5c69a480cbe4,5,0.0,27.45,12.8,4,curitibanos,SC,Low volume,Watch — below volume gate,0
b7d5b4b87af9d42b601865d3f3810bff,1,0.0,20.69,9.0,1,florianopolis,SC,Low volume,Watch — below volume gate,0
b7e1750c1157341d2abd0251e07c186b,3,0.0,20.32,10.3,3,sao paulo,SP,Low volume,Watch — below volume gate,0
b7ed9fb14c8eadb37adb9c45d67ab0fb,7,0.0,31.68,12.4,6,jacarei,SP,Low volume,Watch — below volume gate,0
b8114f2f589a6804810f04f99b36b498,8,0.0,36.55,4.9,4,sao bernardo do campo,SP,Low volume,Watch — below volume gate,0
b81e3a6c866a764974fe849821abeebd,8,0.0,27.11,6.2,3,maua,SP,Low volume,Watch — below volume gate,0
b839e41795b7f3ad94cc2014a52f6796,33,0.0303,27.91,6.6,6,sao caetano do sul,SP,Low,Maintain — on-time seller,478
b83cedfb587e7911540e3f576d6917ce,24,0.0417,15.25,10.0,9,sao paulo,SP,Low volume,Watch — below volume gate,0
b8555308bfdb4ca1ed54325a58da9a97,26,0.0769,22.42,10.2,12,sao bernardo do campo,SP,Low volume,Watch — below volume gate,0
b8578d2d823bd8e251f6fdd02b40902d,8,0.0,27.32,10.1,4,blumenau,SC,Low volume,Watch — below volume gate,0
b8630e1121437d41cb08e3c749c2c2e2,12,0.0833,28.84,10.9,4,duque de caxias,RJ,Low volume,Watch — below volume gate,0
b86a47b3366e3b5424a7b225781f4908,1,0.0,19.85,14.0,1,passos,MG,Low volume,Watch — below volume gate,0
b87a7ea0c30fad2dd6781b74a0064859,9,0.2222,13.59,15.1,5,sao paulo,SP,Low volume,Watch — below volume gate,0
b88e7c57cb2d8b973b7dd4a2bfa14b36,4,0.0,16.44,9.2,3,curitiba,PR,Low volume,Watch — below volume gate,0
b8a0adc91af209270c2c725168eb00fd,6,0.0,18.81,11.0,3,ibitinga,SP,Low volume,Watch — below volume gate,0
b8bc237ba3788b23da09c0f1f3a3288c,45,0.0222,43.01,11.6,9,itajai,SC,Low,Maintain — on-time seller,521
b8d890108a7a80e4f5d59eea9f362438,2,0.0,17.3,13.5,2,curitiba,PR,Low volume,Watch — below volume gate,0
b906dd0e57f282c7089171b6ed07982e,1,0.0,14.85,6.0,1,parana,PR,Low volume,Watch — below volume gate,0
b90e891671cffd9557f33a97dc523645,33,0.0,18.68,7.7,7,sao jose dos pinhais,PR,Low,Maintain — on-time seller,615
b92e3c8f9738272ff7c59e111e108d7c,61,0.0328,40.95,16.8,15,uba,MG,Low,Maintain — on-time seller,451
b94cc9f10ddc85e4ba73a6f7974e7101,39,0.0513,26.22,10.5,11,macae,RJ,Low,Maintain — on-time seller,332
b98b715fe9e276204e2a3464f48cd796,4,0.0,12.73,11.8,2,sao paulo,SP,Low volume,Watch — below volume gate,0
b9a03475e6447e631b6799ec8274800f,10,0.0,29.5,10.8,6,formosa do oeste,PR,Low volume,Watch — below volume gate,0
b9c0ffa92f3ff9a5a3d45ef7213c0842,3,0.0,27.39,21.0,3,sao paulo,SP,Low volume,Watch — below volume gate,0
b9ca8e8baa5d4aa038394a700f63e69f,14,0.0714,27.73,9.6,6,sao paulo,SP,Low volume,Watch — below volume gate,0
b9de031b671cd48b28fae9d828cbf2b4,1,0.0,43.37,9.0,1,sao paulo,SP,Low volume,Watch — below volume gate,0
b9ec22de23f18567de0e09d776ca0309,2,0.0,20.24,6.5,2,brasilia,DF,Low volume,Watch — below volume gate,0
ba143b05f0110f0dc71ad71b4466ce92,83,0.1205,15.99,10.2,13,sao paulo,SP,Medium,Review — rising late rate,75
ba5daa4041e1f15cdf34b76e3e18a450,15,0.0,10.17,5.6,4,sao paulo,SP,Low volume,Watch — below volume gate,0
ba6b4a237f92479743cf0ca06b67a9ac,8,0.125,13.98,12.4,4,rio de janeiro,RJ,Low volume,Watch — below volume gate,0
ba6b68b55fe8704377a7d43c8e5c0185,5,0.0,18.49,10.6,3,belo horizonte,MG,Low volume,Watch — below volume gate,0
ba6ce6de456f6c11d08c17701ba5c26f,6,0.0,21.69,12.3,2,sorocaba,SP,Low volume,Watch — below volume gate,0
ba89796db68db180bd389de96b2ff3b6,2,0.0,21.73,8.5,2,sao paulo,SP,Low volume,Watch — below volume gate,0
ba8e85df286308fe68a2ce83a8f8b2d6,1,0.0,16.76,10.0,1,santa catarina,SC,Low volume,Watch — below volume gate,0
ba90964cff9b9e0e6f32b23b82465f7b,38,0.0526,34.5,10.0,10,guarulhos,SP,Low,Maintain — on-time seller,328
baa49d93c8c8841e27400a300f5d74b2,6,0.0,14.67,12.2,2,sao jose,SC,Low volume,Watch — below volume gate,0
bab0a8cd684e41ba6e2637dca0979d3b,1,0.0,19.14,13.0,1,rio de janeiro,RJ,Low volume,Watch — below volume gate,0
babcc0ab201e4c60188427cae51a5b8b,1,0.0,14.13,8.0,1,porto ferreira,SP,Low volume,Watch — below volume gate,0
bac44fa8e13424950488659b5f765c41,1,0.0,14.52,9.0,1,sao paulo,SP,Low volume,Watch — below volume gate,0
bac692d6c0ed08467878018e6cc9c26c,1,0.0,82.23,7.0,1,blumenau,SC,Low volume,Watch — below volume gate,0
bacb1f0ed56ad24198f5810d2b3fe9a5,37,0.027,20.55,10.0,13,jacarei,SP,Low,Maintain — on-time seller,496
baeda7047354773262ba2405f97038ba,1,0.0,15.1,23.0,1,americana,SP,Low volume,Watch — below volume gate,0
baf15155e37ef5492731459bdc05be8a,1,0.0,8.72,33.0,1,sao paulo,SP,Low volume,Watch — below volume gate,0
bafc5aa11e413978be29040f51342e70,9,0.1111,16.66,13.1,6,belo horizonte,MG,Low volume,Watch — below volume gate,0
bb135baca94c82fcb731335ad5b04a03,17,0.0,26.56,9.1,5,sao paulo,SP,Low volume,Watch — below volume gate,0
bb2afe2061d53c6968aa0cffa233a8ec,5,0.0,18.92,4.4,4,sao paulo,SP,Low volume,Watch — below volume gate,0
bb3dca718920a4d7ec3cc9ffb025108b,2,0.0,46.85,12.0,2,sao paulo,SP,Low volume,Watch — below volume gate,0
bb5bd94c8f59cc050072d2930c869cac,14,0.0,19.7,15.3,8,sao paulo,SP,Low volume,Watch — below volume gate,0
bb5d956dece964a06c12bceb66b923ae,2,0.0,25.07,10.0,2,rio de janeiro,RJ,Low volume,Watch — below volume gate,0
bb7a14e229b1c95156719c3d9552eeee,10,0.1,28.74,11.4,6,rio de janeiro,RJ,Low volume,Watch — below volume gate,0
bb7ad8a45c027be8ab075b8e465f8ca0,2,0.0,16.32,6.0,2,floranopolis,SC,Low volume,Watch — below volume gate,0
bba3293d6f5d5af2f415e004e8b93ae3,17,0.0588,19.22,12.1,9,sao paulo,SP,Low volume,Watch — below volume gate,0
bba74270a87732727b5a3b4fd9ac1c39,35,0.0,21.25,9.6,12,betim,MG,Low,Maintain — on-time seller,610
bba8d0c234a52b87b3957037a215d1a4,1,0.0,19.53,24.0,1,goiania,GO,Low volume,Watch — below volume gate,0
bbad7e518d7af88a0897397ffdca1979,66,0.1667,19.85,13.4,14,sao paulo,SP,Medium,Review — rising late rate,26
bbaff50f3b708fda865918715276cd87,11,0.1818,17.24,10.7,5,atibaia,SP,Low volume,Watch — below volume gate,0
bbd3acfe6de99892e73940d3fdceaf68,1,0.0,8.43,3.0,1,santo andre,SP,Low volume,Watch — below volume gate,0
bbe87dce25ba8b38bb61cc7210a3f10b,2,0.0,34.2,6.0,2,sao joao da boa vista,SP,Low volume,Watch — below volume gate,0
bbf4a892cac7b82422baa711dffb8997,1,0.0,35.34,3.0,1,curitiba,PR,Low volume,Watch — below volume gate,0
bbf9ad41dca6603e614efcdad7aab8c4,14,0.0,55.45,13.9,6,fortaleza,CE,Low volume,Watch — below volume gate,0
bc07d855eac23aab5ac8a120f21d16b2,11,0.1818,18.61,13.4,6,mogi das cruzes,SP,Low volume,Watch — below volume gate,0
bc2ac6b95e1accce9858528ee566c17e,18,0.0,13.03,4.6,3,campinas,SP,Low volume,Watch — below volume gate,0
bc302730ea8cf49b5c74f579febb5bbf,11,0.0909,26.3,11.1,6,campinas,SP,Low volume,Watch — below volume gate,0
bc30de0d71bd6260b936a026b5cf7200,3,0.0,30.16,12.0,3,pedreira,SP,Low volume,Watch — below volume gate,0
bc39d8938f90a3a2b98193723ed59774,2,0.0,11.16,4.5,1,cajamar,SP,Low volume,Watch — below volume gate,0
bc47d5d1490df2b36add65d733eafaba,19,0.1053,18.28,13.5,11,santo andre,SP,Low volume,Watch — below volume gate,0
bc503e244f187939d10c92a5c8e378ce,6,0.0,36.51,11.8,4,birigui,SP,Low volume,Watch — below volume gate,0
bc8c8d665ec4664d286be0d521722b19,1,1.0,8.32,8.0,1,sao paulo,SP,Low volume,Watch — below volume gate,0
bca9230d3bbb4efa51872bf605a2f1ad,5,0.2,10.13,7.0,2,sao paulo,SP,Low volume,Watch — below volume gate,0
bcc9dd23e2a8bd8267cf92b19304a1b9,3,0.6667,14.48,22.7,3,ibitinga,SP,Low volume,Watch — below volume gate,0
bccf933e006e9b94a6184af782963e77,45,0.0222,19.65,11.6,11,assis,SP,Low,Maintain — on-time seller,522
bcd2d7510d58e293f20fad6438c1b314,1,1.0,15.56,33.0,1,curitiba,PR,Low volume,Watch — below volume gate,0
bce6a5ecf98e99fd2a8868b15c51f04b,14,0.1429,17.26,11.7,5,guarulhos,SP,Low volume,Watch — below volume gate,0
bd0389da23d89b726abf911cccc54596,87,0.069,19.38,13.5,19,brasilia,DF,Low,Maintain — on-time seller,241
bd0a1b0aadca9a83d9304f7e8ff5fbd5,4,0.0,15.62,5.8,3,sao paulo,SP,Low volume,Watch — below volume gate,0
bd149ed516d4c5d418d5781f8e18919f,8,0.0,17.74,8.5,5,guarulhos,SP,Low volume,Watch — below volume gate,0
bd15ee794d5e640d9dd71b665b2ab15b,12,0.1667,20.02,14.4,7,ribeirao preto,SP,Low volume,Watch — below volume gate,0
bd1d49a326abfa9b1036772e40445430,12,0.0833,15.71,12.3,5,bauru,SP,Low volume,Watch — below volume gate,0
bd23da7354813347129d751591d1a6e2,84,0.0238,16.45,9.9,14,sao paulo,SP,Low,Maintain — on-time seller,513
bd43e172d599bed47a85da877172ca8c,1,0.0,18.27,13.0,1,sao bento do sul,SC,Low volume,Watch — below volume gate,0
bd4431c1a8dfa744b59e1e2a8bc99b9e,7,0.0,29.16,7.0,3,rio de janeiro,RJ,Low volume,Watch — below volume gate,0
bd4889b5e9133b35b66e42a8665cea5c,36,0.0,27.35,10.2,10,sao paulo,SP,Low,Maintain — on-time seller,606
bd4ff04377f974574f7f0bf9d6ce7dde,4,0.25,12.54,22.0,2,santa maria da serra,SP,Low volume,Watch — below volume gate,0
bd65d163ded559eb90a10cd09fec178f,1,0.0,18.68,4.0,1,sao paulo,SP,Low volume,Watch — below volume gate,0
bd697db56ff8e7c9cd1abeb7f72029b2,20,0.0,16.2,11.2,9,sao paulo,SP,Low volume,Watch — below volume gate,0
bdae679a9b282249bc23b9b69dae9a99,5,0.0,29.18,11.0,4,brasilia,DF,Low volume,Watch — below volume gate,0
bdb3edbaee43a761e2d4f258dc08f348,4,0.25,12.94,13.2,2,lencois paulista,SP,Low volume,Watch — below volume gate,0
bdf0d02d36a1d839d0c39c4a887cdd49,5,0.0,19.19,8.2,4,birigui,SP,Low volume,Watch — below volume gate,0
be1e9e378700cecaa4ebf71433d7915c,2,1.0,18.81,48.0,2,ribeirao preto,SP,Low volume,Watch — below volume gate,0
be3b4b0f050a6aa1b2d901c4b77e979f,3,0.0,51.84,8.0,3,imbituva,PR,Low volume,Watch — below volume gate,0
be67f78487e2cecb0d55bc769709e4f5,1,0.0,23.64,10.0,1,ibirite,MG,Low volume,Watch — below volume gate,0
be7a093e5b4d147b36b72bb1f9e415e5,1,0.0,22.36,5.0,1,toledo,PR,Low volume,Watch — below volume gate,0
be8e909810184b9b19e886129149d8e5,15,0.1333,14.42,15.2,8,piracicaba,SP,Low volume,Watch — below volume gate,0
be9a160a9011f627c3e121d076c1ec7b,5,0.0,35.02,14.8,3,jaragua do sul,SC,Low volume,Watch — below volume gate,0
beadbee30901a7f61d031b6b686095ad,63,0.2381,14.62,14.1,13,guarulhos,SP,High,Intervene — high late rate,6
bec568278124768c474ee90971ca94d1,2,0.0,31.34,3.5,1,sao paulo,SP,Low volume,Watch — below volume gate,0
bede56095ba33c42038fb85f707b8a42,2,0.0,105.44,12.5,2,valinhos,SP,Low volume,Watch — below volume gate,0
bee36b4f9a2b9fdcaff6ec05df202ed0,1,0.0,10.96,14.0,1,sao paulo,SP,Low volume,Watch — below volume gate,0
bf00385a5f7fc1ef39a13c2e9ee50a5f,28,0.0,11.92,5.7,5,sao paulo,SP,Low volume,Watch — below volume gate,0
bf0045791395e66460eb04749c68672a,2,0.0,17.73,14.5,2,sao paulo,SP,Low volume,Watch — below volume gate,0
bf100ecb7997df312b285358fb32f92c,20,0.0,17.26,9.7,6,sao jose dos pinhais,PR,Low volume,Watch — below volume gate,0
bf3c6d2a28b2b5501e6c15448982dcc9,35,0.0286,19.76,11.7,14,sao paulo,SP,Low,Maintain — on-time seller,487
bf84056e679dbe9c69929847a40e338f,35,0.0571,12.53,12.5,7,sao paulo,SP,Low,Maintain — on-time seller,296
bf961104a38e01b9062ee026bb657dee,4,0.0,19.98,9.2,2,ribeirao preto,SP,Low volume,Watch — below volume gate,0
bfd27a966d91cfaafdb25d076585f0da,114,0.0526,23.13,12.4,18,serra negra,SP,Low,Maintain — on-time seller,325
bfd938b22bc99bce1ae60dc602889f52,4,0.0,25.12,11.8,3,rio de janeiro,RJ,Low volume,Watch — below volume gate,0
bff9deb0ec77d437f3305a79cf25529e,5,0.0,16.16,6.8,4,limeira,SP,Low volume,Watch — below volume gate,0
c003204e1ab016dfa150abc119207b24,194,0.0515,24.25,9.6,16,cajamar,SP,Low,Maintain — on-time seller,330
c00396cbdd2e088fe4281baa5920aef1,1,0.0,73.44,12.0,1,campo magro,PR,Low volume,Watch — below volume gate,0
c004e5ea15737026cecaee0447e00b75,1,1.0,105.12,33.0,1,sao paulo,SP,Low volume,Watch — below volume gate,0
c0098efcf800861dcae589affca31408,9,0.0,20.83,11.3,4,ribeirao preto,SP,Low volume,Watch — below volume gate,0
c013e57c075a06e5b5c48ee03c525719,41,0.0488,22.8,9.4,12,sao carlos,SP,Low,Maintain — on-time seller,351
c026ef0d72e9132d9fa112308090c8dc,1,0.0,37.72,11.0,1,rio de janeiro,RJ,Low volume,Watch — below volume gate,0
c03121937e54a93fcc1825c3098bbb6e,7,0.0,22.13,11.3,6,curitiba,PR,Low volume,Watch — below volume gate,0
c04d70d515d15a7e3db3a73320598566,3,0.0,18.87,6.3,3,niteroi,RJ,Low volume,Watch — below volume gate,0
c0563dd588b775f2e37747ef6ad6c92c,27,0.1111,14.29,10.8,9,santo andre,SP,Low volume,Watch — below volume gate,0
c092292535a57dacd95a8765f5518f87,1,0.0,18.98,8.0,1,paracambi,RJ,Low volume,Watch — below volume gate,0
c0aff2da32c17759d30b22fb0af6649d,4,0.0,20.88,7.8,2,florianopolis,SC,Low volume,Watch — below volume gate,0
c0e0b73d039eb9a99b6ce4cb7a429cd3,1,0.0,7.68,5.0,1,laurentino,SC,Low volume,Watch — below volume gate,0
c0e6839516f5398edc34adf5f1d53d1a,1,0.0,14.12,5.0,1,guaruja,SP,Low volume,Watch — below volume gate,0
c0f3eea2e14555b6faeea3dd58c1b1c3,1,0.0,15.66,5.0,1,sao paulo,SP,Low volume,Watch — below volume gate,0
c0f783394e37cd9c9d7f5f81141450fa,6,0.0,14.56,13.2,4,piracicaba,SP,Low volume,Watch — below volume gate,0
c113b8df1fc375bc3d73d29c1b1144d1,3,0.0,22.62,6.7,3,sao paulo,SP,Low volume,Watch — below volume gate,0
c12b92bf1c350f3e6bf88d3596219c86,16,0.0625,26.49,10.6,9,garca,SP,Low volume,Watch — below volume gate,0
c12d7463a579237ffb9248bd7cff378b,1,0.0,8.72,11.0,1,sao paulo,SP,Low volume,Watch — below volume gate,0
c13ef0cfbe42f190780f621ce81f2234,1,1.0,61.28,28.0,1,sao paulo sp,SP,Low volume,Watch — below volume gate,0
c13fb473e7cb8b83ccd543c094df0608,2,0.0,14.36,13.0,2,sao paulo,SP,Low volume,Watch — below volume gate,0
c1552b1dab6e6f760950368ae61fb600,2,0.0,7.44,5.0,1,sao jose dos campos,SP,Low volume,Watch — below volume gate,0
c157bdeedcbc9a8e3c8bf0d87ff24428,7,0.0,29.81,12.1,5,mairinque,SP,Low volume,Watch — below volume gate,0
c161d1327ebc3a156c09582ab2f59f6c,2,0.0,7.78,3.5,1,sao paulo,SP,Low volume,Watch — below volume gate,0
c18309219e789960add0b2255ca4b091,1,0.0,14.1,14.0,1,rio de janeiro,RJ,Low volume,Watch — below volume gate,0
c1849d4d32d7a6cecd5aa471809d3135,3,0.0,13.91,5.3,1,santo andre,SP,Low volume,Watch — below volume gate,0
c1d1ebb4745cc43cb6f05e9c8a705c9a,1,1.0,32.65,27.0,1,sao paulo,SP,Low volume,Watch — below volume gate,0
c1dde11f12d05c478f5de2d7319ad3b2,1,0.0,7.39,3.0,1,sao paulo,SP,Low volume,Watch — below volume gate,0
c1ed9e3daf6154542826a6996af0fb8c,8,0.125,36.57,16.9,4,itajai,SC,Low volume,Watch — below volume gate,0
c1f12f926d0ba950578b4fa41115cbb6,2,0.5,38.48,36.5,2,sao paulo,SP,Low volume,Watch — below volume gate,0
c24173065483e421f9e5e7f599de101d,9,0.1111,13.03,15.7,7,sao paulo,SP,Low volume,Watch — below volume gate,0
c26a2be5b53b7db6b276280da212a779,13,0.0,62.07,14.0,9,nova friburgo,RJ,Low volume,Watch — below volume gate,0
c26ba52cf8d2f34915f2f6b7ffa0a3f3,3,0.0,12.92,8.0,3,rio de janeiro,RJ,Low volume,Watch — below volume gate,0
c273175f7c6c80fb02f051e2fc6d0d72,14,0.0714,18.23,10.6,8,sao paulo,SP,Low volume,Watch — below volume gate,0
c286ec035ee04ba81c97508f0b5df544,1,0.0,50.67,15.0,1,curitiba,PR,Low volume,Watch — below volume gate,0
c2bda99904207edd1834f03e0022b007,1,0.0,7.78,12.0,1,sao paulo,SP,Low volume,Watch — below volume gate,0
c2d70ce2c5d0a2eb75e78668236e6dc8,13,0.0,17.62,8.3,7,sao paulo,SP,Low volume,Watch — below volume gate,0
c31eff8334d6b3047ed34bebd4d62c36,117,0.1197,20.07,12.8,19,salto,SP,Medium,Review — rising late rate,78
c3251e13f1bbda6c74e37c160f991e19,2,0.0,37.64,13.5,2,porto ferreira,SP,Low volume,Watch — below volume gate,0
c32fc744b9160ac853450488e3cfea93,1,0.0,12.79,14.0,1,ribeirao preto,SP,Low volume,Watch — below volume gate,0
c33847515fa6305ce6feb1e818569f13,110,0.0364,39.38,9.3,11,brusque,SC,Low,Maintain — on-time seller,426
c33a5c3c983090c8b78a28e65052a20d,7,0.0,15.72,12.3,4,criciuma,SC,Low volume,Watch — below volume gate,0
c353f8fc0ce8344999f17d578eb69a5e,2,0.0,18.3,10.0,2,porto alegre,RS,Low volume,Watch — below volume gate,0
c35672b10ad50968f567ea3f4b91e877,18,0.0556,20.27,11.5,8,mesquita,RJ,Low volume,Watch — below volume gate,0
c35affa65afd250151285c5917fc1c8a,8,0.125,80.6,17.1,6,sao paluo,SP,Low volume,Watch — below volume gate,0
c360e4787614ed31ac7a2f95d3b22dc6,1,0.0,30.05,13.0,1,lencois paulista,SP,Low volume,Watch — below volume gate,0
c37b2059d4f90d4feead554e5246565e,11,0.2727,24.53,17.6,6,sao paulo,SP,Low volume,Watch — below volume gate,0
c3867b4666c7d76867627c2f7fb22e21,225,0.1111,20.99,15.4,19,guara,SP,Medium,Review — rising late rate,98
c394e193cda3b4225ff2094d32184849,2,0.0,88.78,11.5,2,sao paulo,SP,Low volume,Watch — below volume gate,0
c398bc00a606d33758afd91f4e64fd15,2,0.0,7.75,4.0,1,rio de janeiro,RJ,Low volume,Watch — below volume gate,0
c3aad7dc65449ae90a5e9c3c6c1e78e0,6,0.0,21.73,7.3,4,auriflama/sp,SP,Low volume,Watch — below volume gate,0
c3acdfac4e3e97ff87529454fbc03642,12,0.0833,22.44,10.9,7,sao paulo,SP,Low volume,Watch — below volume gate,0
c3cfdc648177fdbbbb35635a37472c53,273,0.0147,21.86,9.7,17,curitiba,PR,Low,Maintain — on-time seller,560
c3e1abd72a42fe690fcd89cf5720fe29,13,0.0,13.0,4.2,5,mogi guacu,SP,Low volume,Watch — below volume gate,0
c3e2398fcc7e581cda2e546557bf6968,1,0.0,15.23,12.0,1,sao paulo,SP,Low volume,Watch — below volume gate,0
c3ee2331a724e6fc02c4b698b57a73f3,2,0.0,70.44,6.0,1,sao paulo,SP,Low volume,Watch — below volume gate,0
c3f5668699a1b04c0fa61ecea1e2bff6,3,0.0,35.71,12.0,2,apucarana,PR,Low volume,Watch — below volume gate,0
c3fe93ba3085f92855c97e57f38c8c05,6,0.0,16.36,13.2,3,curitiba,PR,Low volume,Watch — below volume gate,0
c42fd8e4d47dfb18ce5222f2dd7752f9,7,0.2857,23.09,26.4,5,osasco,SP,Low volume,Watch — below volume gate,0
c43d924a0f1688ee9fae0efcd6f539d4,1,0.0,15.11,22.0,1,rio de janeiro,RJ,Low volume,Watch — below volume gate,0
c447f8dd3ed213f291d65ef074a268eb,7,0.0,17.46,11.1,4,assis,SP,Low volume,Watch — below volume gate,0
c458e2045a8aa8964f8879af03fdcce6,4,0.0,49.2,16.2,4,sao caetano do sul,SP,Low volume,Watch — below volume gate,0
c4af86330efa7a2620772227d2d670c9,4,0.0,91.24,15.2,4,mogi das cruzes,SP,Low volume,Watch — below volume gate,0
c4d51195486dc781531876a7d00453d8,17,0.2941,33.49,23.6,11,presidente prudente,SP,Low volume,Watch — below volume gate,0
c4f7fee5b0db50e87766f5a4d1b1b758,5,0.0,30.54,11.8,3,sorocaba,SP,Low volume,Watch — below volume gate,0
c4fabeea6e569d42d02993bb1f4f1cbc,11,0.0909,25.2,21.6,5,fortaleza,CE,Low volume,Watch — below volume gate,0
c4fb51fb1c5b7c07bc5e67be6e7e8f6e,15,0.1333,37.25,16.5,5,curitiba,PR,Low volume,Watch — below volume gate,0
c500367424994318b9e779ff1ae9a330,9,0.1111,34.67,16.6,9,paulinia,SP,Low volume,Watch — below volume gate,0
c510bc1718f0f2961eaa42a23330681a,12,0.0,59.2,6.8,4,indaiatuba,SP,Low volume,Watch — below volume gate,0
c522be04e020c1e7b79f3acff36513d5,6,0.3333,15.08,15.5,4,santana de parnaiba,SP,Low volume,Watch — below volume gate,0
c52c644cc0dc85121207a27013efc6af,1,0.0,283.16,7.0,1,tiradentes,MG,Low volume,Watch — below volume gate,0
c53bcd3be457a342a97e39e5a9f0be22,3,0.0,35.7,13.0,3,neopolis,SE,Low volume,Watch — below volume gate,0
c54679b132454625907c773d273d4126,7,0.0,16.57,6.1,3,guaruja,SP,Low volume,Watch — below volume gate,0
c5e60e39c0f42b8e827daa13cff74afa,5,0.0,15.92,4.0,1,sao paulo,SP,Low volume,Watch — below volume gate,0
c5ebe6598748b0aeaa61cfb820478b92,3,0.0,13.39,5.0,2,lajeado,RS,Low volume,Watch — below volume gate,0
c5f7e746b7e6d07def6c0dae9903279b,9,0.0,23.72,5.4,5,curitiba,PR,Low volume,Watch — below volume gate,0
c5f7feb04a6a1fb3596322bfc3cf1917,11,0.0909,37.98,10.0,6,sao caetano do sul,SP,Low volume,Watch — below volume gate,0
c60b801f2d52c7f7f91de00870882a75,38,0.1579,18.18,16.3,14,guarulhos,SP,Medium,Review — rising late rate,34
c611f4ce9ce875bcc063fa97fd4d7d12,1,1.0,13.25,4.0,1,atibaia,SP,Low volume,Watch — below volume gate,0
c6218512d16fcac0af02fe92691cf274,7,0.0,22.43,16.1,5,contagem,MG,Low volume,Watch — below volume gate,0
c6381b1321d7d97717a5bb4ed5b77882,2,0.0,17.0,5.0,1,sao paulo,SP,Low volume,Watch — below volume gate,0
c6381d2d013342748761e906d45aff76,15,0.0,38.09,15.8,6,portao,RS,Low volume,Watch — below volume gate,0
c64a2aec32cc408a8a4c6d7c46017f91,9,0.0,45.19,21.4,9,imbe,RS,Low volume,Watch — below volume gate,0
c66dccfb3f109511246da627dd5a2498,43,0.0465,22.29,11.5,15,registro,SP,Low,Maintain — on-time seller,369
c679fb69a36e1d8349e8c50a217b4d58,14,0.0714,29.67,10.9,5,caxias do sul,RS,Low volume,Watch — below volume gate,0
c68fb906c8f4b4b946d8386bfa6e5467,45,0.0222,19.83,10.9,10,jaboticabal,SP,Low,Maintain — on-time seller,523
c6a7539d424a8402232c2228d7a03c5e,10,0.1,39.38,14.1,5,sao paulo,SP,Low volume,Watch — below volume gate,0
c6bda72e4dbf5c5866b13cb1810c6d03,57,0.0351,19.96,10.2,14,sao paulo,SP,Low,Maintain — on-time seller,434
c70a353f02429c00775a46a75fb787da,6,0.0,15.82,6.8,5,sao paulo,SP,Low volume,Watch — below volume gate,0
c70c1b0d8ca86052f45a432a38b73958,259,0.0541,15.08,8.0,15,hortolandia,SP,Low,Maintain — on-time seller,316
c714262700f93defc16bf17a51a4cb23,3,0.0,19.52,9.7,2,sao paulo,SP,Low volume,Watch — below volume gate,0
c716e0b86ed568878475b60fbb6323ad,1,0.0,15.23,8.0,1,rio de janeiro,SP,Low volume,Watch — below volume gate,0
c7246702dc991a06d788120dc7544391,1,0.0,17.66,21.0,1,fortaleza,CE,Low volume,Watch — below volume gate,0
c72de06d72748d1a0dfb2125be43ba63,21,0.0,57.68,9.7,8,guanambi,BA,Low volume,Watch — below volume gate,0
c731d18cea9bf687ffee82a241c25b11,23,0.0,31.6,7.9,7,concordia,SC,Low volume,Watch — below volume gate,0
c747d5b92c7648417faea95d36d763e8,1,0.0,85.75,13.0,1,pacatuba,CE,Low volume,Watch — below volume gate,0
c74f14c1e26cf1bd5bd34b6a1e274426,1,0.0,16.79,25.0,1,sao miguel do oeste,SC,Low volume,Watch — below volume gate,0
c76d418370990614e89e956c7a7567d9,2,0.0,32.26,10.5,2,taboao da serra,SP,Low volume,Watch — below volume gate,0
c79151301b9d90985d1fa52879213105,3,0.0,38.78,9.0,2,maringa,PR,Low volume,Watch — below volume gate,0
c794dab4928dd97beb41d05514441e86,16,0.125,14.51,13.8,7,artur nogueira,SP,Low volume,Watch — below volume gate,0
c7a0a13cbcf29d5ce51c8f80afdc0b89,8,0.0,21.84,10.9,6,laurentino,SC,Low volume,Watch — below volume gate,0
c7b7db6c8f3c64a7cc1afa634db21d50,1,1.0,22.86,33.0,1,sao paulo,SP,Low volume,Watch — below volume gate,0
c7bb64409aa480bb7d0335faaaf3d242,4,0.0,16.89,5.8,4,joinville,SC,Low volume,Watch — below volume gate,0
c7c7b2682c648339a0e9846bb1023a39,2,0.0,15.84,10.5,2,braganca paulista,SP,Low volume,Watch — below volume gate,0
c7dcd301ecfe5ab7f778ac172cf74be7,3,0.0,16.8,25.3,3,belo horizonte,MG,Low volume,Watch — below volume gate,0
c7fdb77fdbff3c41981bc52f787e959e,8,0.125,19.24,16.4,4,santo andre,SP,Low volume,Watch — below volume gate,0
c8025364abeecb115431bf95c11a747f,2,0.0,21.64,8.0,2,porto alegre,RS,Low volume,Watch — below volume gate,0
c8143b3069f6746a77421b5ce30a450c,1,0.0,43.41,24.0,1,abadia de goias,GO,Low volume,Watch — below volume gate,0
c826c40d7b19f62a09e2d7c5e7295ee2,345,0.0754,15.74,13.2,22,guarulhos,SP,Low,Maintain — on-time seller,218
c840d3fdbba0790404fdae73d253b253,9,0.0,39.96,12.1,6,curitiba,PR,Low volume,Watch — below volume gate,0
c8417879a15366a17c30af34c798c332,25,0.04,18.33,9.4,8,sao paulo,SP,Low volume,Watch — below volume gate,0
c84592044b180dec206770c38603814b,14,0.0,14.93,12.6,8,sao paulo,SP,Low volume,Watch — below volume gate,0
c8467937e403e76a8ee9f0ab13f6f5ef,30,0.1333,19.63,16.9,9,pocos de caldas,MG,Medium,Review — rising late rate,57
c847e075301870dd144a116762eaff9a,41,0.0732,26.65,17.0,16,uberaba,MG,Low,Maintain — on-time seller,227
c864036feaab8c1659f65ea4faebe1da,58,0.0345,31.82,12.3,12,campo largo,PR,Low,Maintain — on-time seller,438
c8660dcf9ba70575f45d80fe28c27713,4,0.25,26.0,15.0,3,sao paulo,SP,Low volume,Watch — below volume gate,0
c8665a4dd081a2c436b1cd921079d0d9,1,0.0,14.14,4.0,1,pitangueiras,SP,Low volume,Watch — below volume gate,0
c8771b1a10bb99bb34d3c459c5cffb53,1,0.0,31.2,7.0,1,tocantins,SP,Low volume,Watch — below volume gate,0
c878515173c84a492ebe50d6b493230b,9,0.2222,21.02,17.0,5,itaipulandia,PR,Low volume,Watch — below volume gate,0
c87abc38c8ed3240861729e1aeadf221,1,0.0,15.68,10.0,1,sao paulo,SP,Low volume,Watch — below volume gate,0
c89cf7c468a48af70aada384e722f9e2,14,0.0714,16.14,14.1,8,petropolis,RJ,Low volume,Watch — below volume gate,0
c8b0e2b0a7095e5d8219575d5e7e1181,83,0.0723,18.13,10.2,13,itaquaquecetuba,SP,Low,Maintain — on-time seller,231
c8b3445d737de6befde0c88ede534a5e,30,0.0333,22.04,11.5,11,sao paulo,SP,Low,Maintain — on-time seller,449
c8c1bea22194a4eefa2dc9a9fa89f536,7,0.0,41.82,8.3,4,porto belo,SC,Low volume,Watch — below volume gate,0
c8cc60ffd415254af5d9b9f34f32c369,8,0.0,24.25,5.4,4,sorocaba,SP,Low volume,Watch — below volume gate,0
c8e135e7b21ecbc36c1153a29d2f5a06,7,0.0,14.57,8.3,2,sao paulo,SP,Low volume,Watch — below volume gate,0
c963a25b8671419c6ce9eebe8fd03218,1,0.0,19.32,6.0,1,angra dos reis rj,RJ,Low volume,Watch — below volume gate,0
c97aa4ee7420f937da13b7f9e2228b99,1,0.0,19.98,11.0,1,novo hamburgo,RS,Low volume,Watch — below volume gate,0
c990d6cf976a5718aaedc539f383ab88,8,0.375,14.42,20.0,5,paulinia,SP,Low volume,Watch — below volume gate,0
c9a06ece156bb057372c68718ec8909b,11,0.0,39.36,11.6,4,brasilia,DF,Low volume,Watch — below volume gate,0
c9aafcd0621b2207c10e32c649cada4d,39,0.0769,20.19,8.8,9,sao paulo,SP,Low,Maintain — on-time seller,212
c9c7905cffc4ef9ff9f113554423e671,125,0.08,16.76,11.1,19,itapecerica da serra,SP,Low,Maintain — on-time seller,196
c9d2ba8dde44a275ae06475ed1d2fafc,1,0.0,14.52,8.0,1,uberlandia,MG,Low volume,Watch — below volume gate,0
c9e5ad1f6647f5dbd1172adf6ae3cada,4,0.0,15.24,9.0,4,porto alegre,RS,Low volume,Watch — below volume gate,0
ca3bd7cd9f149df75950150d010fe4a2,68,0.0147,49.29,13.6,12,sao paulo,SP,Low,Maintain — on-time seller,561
ca4b77513ac2040591b0d8fae6958380,14,0.1429,14.37,7.7,7,sando andre,SP,Low volume,Watch — below volume gate,0
ca5832c6960267b71041f74bb39e8b12,1,1.0,17.81,45.0,1,xanxere,SC,Low volume,Watch — below volume gate,0
ca77545ca4d2dfd1431bf61334e2fa3c,6,0.0,35.62,12.8,5,maringa,PR,Low volume,Watch — below volume gate,0
ca7c6bd577e559472af1c699de9e764e,6,0.0,11.8,4.7,1,sao bernardo do campo,SP,Low volume,Watch — below volume gate,0
caa9bc43a9fe8cf9c564ddd8a03cc4a6,13,0.0,17.99,9.5,7,jacarei,SP,Low volume,Watch — below volume gate,0
cab85505710c7cb9b720bceb52b01cee,200,0.02,14.14,10.1,21,sao paulo,SP,Low,Maintain — on-time seller,536
cac4c8e7b1ca6252d8f20b2fc1a2e4af,71,0.169,21.31,18.4,15,indaiatuba,SP,Medium,Review — rising late rate,24
cac4e0bc1a3269fa2b6ea5e763f6115b,2,0.0,25.07,11.0,2,brusque,SC,Low volume,Watch — below volume gate,0
cac63f48c38cd7d002a7e846dcd99a23,9,0.0,13.08,6.8,5,sumare,SP,Low volume,Watch — below volume gate,0
cac876b37d3abcd6bd76caca30277996,26,0.0,26.94,9.8,6,cascavel,PR,Low volume,Watch — below volume gate,0
cad10cc982ab6a391570c211b995c17c,1,0.0,12.79,4.0,1,avare,SP,Low volume,Watch — below volume gate,0
cad9969167c09b48ae6f1d123f7fa68d,1,0.0,13.51,3.0,1,pocos de caldas,MG,Low volume,Watch — below volume gate,0
cb0b3bcf14e0a709df412a99424a59d7,2,0.0,23.72,22.5,2,sao paulo,SP,Low volume,Watch — below volume gate,0
cb162c8eef257253782d245c08d9097c,1,0.0,14.13,11.0,1,barueri,SP,Low volume,Watch — below volume gate,0
cb32766839f443db85c82a43c4a6c19e,2,0.0,15.76,19.5,2,rio claro,SP,Low volume,Watch — below volume gate,0
cb3dd9ce66268c7a3ca7241ac70ab58c,48,0.0417,17.09,13.9,13,sao paulo,SP,Low,Maintain — on-time seller,392
cb41bfbcbda0aea354a834ab222f9a59,11,0.3636,78.06,37.5,6,sao paulo,SP,Low volume,Watch — below volume gate,0
cb4a705d00e100b9732d0ca34817d441,1,0.0,82.56,25.0,1,florianopolis,SC,Low volume,Watch — below volume gate,0
cb5df0dcb9e280b1780e9d589889f2c7,11,0.1818,41.27,21.7,4,bady bassitt,SP,Low volume,Watch — below volume gate,0
cb5ff1b9715e99589f3e0c7a6afab9e3,4,0.0,13.51,6.0,2,maringa,PR,Low volume,Watch — below volume gate,0
cb6c9f5888a7a090c75beaf615925792,10,0.0,22.12,10.4,4,vila velha,ES,Low volume,Watch — below volume gate,0
cb810bd318f51b3dc3c753944d61a1fa,1,0.0,39.02,12.0,1,niteroi,RJ,Low volume,Watch — below volume gate,0
cb8bcce248bb1fb274ba762d8b971456,65,0.0154,18.34,12.6,16,santa rita do sapucai,MG,Low,Maintain — on-time seller,555
cb9fb4ca75d7ba8437480e8dde64fe98,9,0.0,16.37,9.3,6,sao paulo,SP,Low volume,Watch — below volume gate,0
cbbd5ae8f53de5f5097cd8217b529e24,1,0.0,32.26,21.0,1,santana de parnaiba,SP,Low volume,Watch — below volume gate,0
cbd996ad3c1b7dc71fd0e5f5df9087e2,159,0.0818,17.41,12.9,14,sao jose do rio preto,SP,Low,Maintain — on-time seller,189
cbf09e831b0c11f6f23ffb51004db972,10,0.0,28.02,5.2,5,sbc/sp,SP,Low volume,Watch — below volume gate,0
cc1f04647be106ba74e62b21f358af25,1,0.0,8.29,13.0,1,sao paulo,SP,Low volume,Watch — below volume gate,0
cc3d14116804f7209f3884f6367f1152,26,0.0,22.22,13.0,10,curitiba,PR,Low volume,Watch — below volume gate,0
cc419e0650a3c5ba77189a1882b7556a,1648,0.0528,15.19,11.5,26,santo andre,SP,Low,Maintain — on-time seller,324
cc5a78bbad32776dc4e3af205218368c,31,0.0323,37.82,8.4,8,divinopolis,MG,Low,Maintain — on-time seller,463
cc63f0dd2acba93ffed4fe9f8e0321fa,55,0.0,25.45,8.9,10,sao jose do rio preto,SP,Low,Maintain — on-time seller,589
cc80e2f693fa6e2408f47ccf62413fc1,2,0.0,44.32,14.0,2,curitiba,PR,Low volume,Watch — below volume gate,0
cca3071e3e9bb7d12640c9fbe2301306,675,0.0474,20.42,14.3,22,ibitinga,SP,Low,Maintain — on-time seller,363
ccada0ef508e698917a6eab263375905,3,0.0,19.72,10.0,3,pato bragado,PR,Low volume,Watch — below volume gate,0
ccb83a794700270fde70898fe9ff368b,12,0.1667,143.64,16.6,6,sombrio,SC,Low volume,Watch — below volume gate,0
ccbd753e6863fe7314dc6c0ca5a074e7,1,0.0,101.56,12.0,1,blumenau,SC,Low volume,Watch — below volume gate,0
ccc4bbb5f32a6ab2b7066a4130f114e3,183,0.0656,28.24,15.9,24,curitiba,PR,Low,Maintain — on-time seller,258
cce6ab8d1682639fe45ab70234f1665f,61,0.0328,18.64,15.3,10,curitiba,SP,Low,Maintain — on-time seller,452
ccf8813e5a7d6c84d865cd38bfc2b130,25,0.04,17.07,11.5,7,taubate,SP,Low volume,Watch — below volume gate,0
cd06602b43d8800bd0afad514919d35c,41,0.0488,17.15,12.8,11,sao paulo,SP,Low,Maintain — on-time seller,352
cd2169d9f31ff6fbb9ca3373b0c9e354,1,0.0,56.33,15.0,1,nova friburgo,RJ,Low volume,Watch — below volume gate,0
cd233f8bfa30ebfd651f47ee7d054951,1,0.0,18.66,9.0,1,birigui,SP,Low volume,Watch — below volume gate,0
cd3d09fbe6e3e9ff0c0ac0c300e93ae7,12,0.0833,19.1,11.5,9,nova odessa,SP,Low volume,Watch — below volume gate,0
cd52a8efd71af3336b14b5039b951cc1,2,0.0,21.18,11.0,2,palhoca,SP,Low volume,Watch — below volume gate,0
cd68562d3f44870c08922d380acae552,122,0.1557,17.71,16.2,18,ribeirao preto,SP,Medium,Review — rising late rate,35
cd6efc47efaabf134f8bdb654e10b4f1,30,0.0667,19.08,8.6,10,rio de janeiro,RJ,Low,Maintain — on-time seller,254
cd843d4cf8ef32827de0396605163ba3,5,0.0,139.51,16.0,4,juiz de fora,MG,Low volume,Watch — below volume gate,0
cda598c48d7c614bc1cad7d8ff6f0010,16,0.0,17.85,8.1,6,mirassol,SP,Low volume,Watch — below volume gate,0
ce20a2ec1514c25e16f2b5b39bc818f0,4,0.0,52.26,14.0,3,sao paulo,SP,Low volume,Watch — below volume gate,0
ce248b21cb2adc36282ede306b7660e5,64,0.0781,30.73,15.6,14,jaragua do sul,SC,Low,Maintain — on-time seller,206
ce27a3cc3c8cc1ea79d11e561e9bebb6,122,0.0164,17.66,10.1,20,sao paulo,SP,Low,Maintain — on-time seller,551
ce33c6211beaa8fef4cae8b52db39862,1,0.0,14.52,19.0,1,suzano,SP,Low volume,Watch — below volume gate,0
ce3ad9de960102d0677a81f5d0bb7b2d,1,0.0,16.21,4.0,1,rio de janeiro,RJ,Low volume,Watch — below volume gate,0
ce4755084bc097113867e6454f8f5e52,1,0.0,12.79,6.0,1,ribeirao preto,SP,Low volume,Watch — below volume gate,0
ce616e1913288884e7742faac9d981db,13,0.0769,18.63,7.0,3,cotia,SP,Low volume,Watch — below volume gate,0
ce69a8021d18961dd2a40269b7c2c293,18,0.0556,25.1,10.6,9,curitiba,PR,Low volume,Watch — below volume gate,0
ce7d1888639e6fb06b2749cbfdac1ff7,77,0.0909,41.42,14.6,11,baependi,MG,Low,Maintain — on-time seller,155
cea729054f157f5870bdd321a958d994,23,0.0435,15.59,7.3,7,sao paulo,SP,Low volume,Watch — below volume gate,0
ceaec5548eefc6e23e6607c5435102e7,197,0.0508,31.31,13.0,22,sao paulo,SP,Low,Maintain — on-time seller,334
cecd97bc34ed8330bd4cd15713eda670,1,0.0,18.51,7.0,1,cordilheira alta,SC,Low volume,Watch — below volume gate,0
cee48807215b30a12ca2ca10ffb5f250,38,0.1316,23.53,24.0,12,guaruja,SP,Medium,Review — rising late rate,61
cf1313c6e2c01c2f4b014f97db4bcd2b,5,0.0,16.26,8.4,4,rio de janeiro \rio de janeiro,RJ,Low volume,Watch — below volume gate,0
cf2384dd2f1dddea3f838efed0945e65,16,0.0,27.09,14.2,8,serra negra,SP,Low volume,Watch — below volume gate,0
cf654707ed6a99f112c7ec3d6f314b8b,3,0.0,11.18,5.0,1,sao paulo,SP,Low volume,Watch — below volume gate,0
cf8ab1616079e2793aa29d524df01bb1,6,0.1667,72.93,26.3,4,sao paulo,SP,Low volume,Watch — below volume gate,0
cfa5ab0e4d3fc212fd0b3410e7081c62,14,0.0,66.85,12.0,6,uba,MG,Low volume,Watch — below volume gate,0
cfb1a033743668a192316f3c6d1d2671,133,0.0977,23.54,12.2,15,votorantim,SP,Low,Maintain — on-time seller,132
cfd7ddab722b902f7ac5b5f3ba6d723d,12,0.0,56.09,5.4,7,contagem,MG,Low volume,Watch — below volume gate,0
cfe94489ddd337d1e29e12f2a7205d10,20,0.05,14.84,6.8,6,sao paulo,SP,Low volume,Watch — below volume gate,0
d03698c2efd04a549382afa6623e27fb,18,0.0556,43.3,14.6,14,ilheus,BA,Low volume,Watch — below volume gate,0
d05ae8f7a5bd1d2a690a44cd079e4e27,75,0.0667,14.98,11.3,13,rio de janeiro,RJ,Low,Maintain — on-time seller,250
d06d019f72a04e5497a0b64190af170c,17,0.0,13.27,8.3,5,cotia,SP,Low volume,Watch — below volume gate,0
d0d70d21e2234dd7cd3cf63fe414148a,7,0.0,48.64,9.0,5,sao bento,PB,Low volume,Watch — below volume gate,0
d101c6da914ae3d53f7bee42283f2fe2,13,0.0769,20.01,13.4,6,sao paulo,SP,Low volume,Watch — below volume gate,0
d12c926d74ceff0a90a21184466ce161,75,0.0133,16.52,8.8,16,sao paulo,SP,Low,Maintain — on-time seller,563
d13e50eaa47b4cbe9eb81465865d8cfc,66,0.0909,12.64,5.0,11,santo andre,SP,Low,Maintain — on-time seller,157
d149de2f383552baea37a7198c2296ce,3,0.0,11.22,5.0,2,sao paulo,SP,Low volume,Watch — below volume gate,0
d1582f4043306e6b91afa6a8a884f898,9,0.1111,14.66,12.0,5,sao paulo,SP,Low volume,Watch — below volume gate,0
d17f467e4bf608a510c20d82f4ba3b6b,11,0.1818,46.14,11.9,6,caxias do sul,RS,Low volume,Watch — below volume gate,0
d180e07dc1e58c31c3f0cd599dc4d945,1,0.0,14.16,8.0,1,belo horizonte,MG,Low volume,Watch — below volume gate,0
d197aa8fbc64087f61984deef05f6227,6,0.0,18.59,7.7,3,sao jose dos campos,SP,Low volume,Watch — below volume gate,0
d1a5cc844736958c11b8efab9a2b4c87,1,1.0,16.41,30.0,1,curitiba,PR,Low volume,Watch — below volume gate,0
d1aa1ec0839dcab73a6161130eb1f94a,1,1.0,16.14,35.0,1,curitiba,PR,Low volume,Watch — below volume gate,0
d1b65fc7debc3361ea86b5f14c68d2e2,39,0.0256,36.16,9.2,11,mogi guacu,SP,Low,Maintain — on-time seller,505
d1b9d4be4b6f9ebd85f8acd6745ba612,10,0.0,17.32,11.2,4,nova lima,MG,Low volume,Watch — below volume gate,0
d1c281d3ae149232351cd8c8cc885f0d,202,0.0693,25.58,13.0,18,ibitinga,SP,Low,Maintain — on-time seller,239
d1c7fa84e48cfa21a0e595167c1c500e,11,0.0,26.17,12.2,5,jacutinga,RS,Low volume,Watch — below volume gate,0
d1ef48b38baca7e831711c4a0aeb398f,28,0.0714,24.08,9.9,6,apucarana,PR,Low volume,Watch — below volume gate,0
d20b021d3efdf267a402c402a48ea64b,78,0.1795,18.58,17.5,11,ibitinga,SP,Medium,Review — rising late rate,17
d23019c84ffae2d5ef2270367b8605fc,39,0.0256,70.77,11.2,9,londrina,PR,Low,Maintain — on-time seller,506
d2374cbcbb3ca4ab1086534108cc3ab7,497,0.0543,18.99,14.7,22,ibitinga,SP,Low,Maintain — on-time seller,315
d2572f31e9023e9850ef986a636ff9bf,1,0.0,26.69,10.0,1,belo horizonte,MG,Low volume,Watch — below volume gate,0
d25aa0aaacb370e912f8cf6efeba38b3,16,0.0625,43.36,8.4,9,massaranduba,SC,Low volume,Watch — below volume gate,0
d263fa444c1504a75cbca5cc465f592a,1,0.0,45.07,9.0,1,americana,SP,Low volume,Watch — below volume gate,0
d26aa40b90272d4843d63be7c1462c8d,2,0.0,12.26,4.5,2,sao paulo,SP,Low volume,Watch — below volume gate,0
d297f1055de2956aedfd3b04113dce3e,1,0.0,7.64,4.0,1,nova odessa,SP,Low volume,Watch — below volume gate,0
d29ba1220fb8634fa3a107e54497b8a4,9,0.0,20.32,6.4,5,sao carlos,SP,Low volume,Watch — below volume gate,0
d2df77822373f19934e87694d8640767,2,0.0,20.25,22.0,2,arapongas,PR,Low volume,Watch — below volume gate,0
d2e753bb80b7d4faa77483ed00edc8ca,13,0.0769,38.04,13.7,8,porto seguro,BA,Low volume,Watch — below volume gate,0
d2f3e277560ed4c6361284429b00f037,6,0.0,20.57,8.8,3,atibaia,SP,Low volume,Watch — below volume gate,0
d32e3909cfb714fb2a6cb092c85b9c5f,10,0.2,25.1,22.3,6,jundiai,SP,Low volume,Watch — below volume gate,0
d354c38a7182125a748cb10474fe963b,17,0.0588,17.26,13.7,5,aperibe,RJ,Low volume,Watch — below volume gate,0
d3674f271c91f824f82d24d92011f669,20,0.1,19.18,13.8,8,brasilia,DF,Low volume,Watch — below volume gate,0
d36b07fd3c5088e477a72d1fccfe29d4,1,0.0,10.96,13.0,1,itapetininga,SP,Low volume,Watch — below volume gate,0
d379f449f2a3b271bc01c0782020f705,28,0.0357,39.15,13.2,10,divinopolis,MG,Low volume,Watch — below volume gate,0
d3891911c2feae53c52fea2bd14054e5,2,0.0,13.0,4.0,2,sao paulo,SP,Low volume,Watch — below volume gate,0
d3dcf0604eabf0224fbd5948b5e02f69,9,0.3333,18.35,17.6,7,sao paulo,SP,Low volume,Watch — below volume gate,0
d3e7d37c0df9aef383f3f2a15b0dddfb,1,0.0,40.34,13.0,1,sao jose dos pinhais,PR,Low volume,Watch — below volume gate,0
d3f39f05462b79a4562d35893a28f159,32,0.125,16.19,11.8,6,mococa,SP,Medium,Review — rising late rate,70
d4828feed4cda2cd9d6b37899a95a71e,1,0.0,22.21,13.0,1,juzeiro do norte,CE,Low volume,Watch — below volume gate,0
d4910f1cdcfdabd48d6b316e395d4a23,11,0.0,19.55,6.0,5,santo andre,SP,Low volume,Watch — below volume gate,0
d4a5e99e0dd915df64ba55a7fbd583fd,2,0.0,42.3,12.5,2,sao paulo,SP,Low volume,Watch — below volume gate,0
d4d99b60c4c94cd35acd502cec65dc8d,1,0.0,14.39,19.0,1,sao paulo,SP,Low volume,Watch — below volume gate,0
d4e12e7884759a14fa0f5f896c791cae,29,0.069,15.16,8.2,7,sao paulo,SP,Low volume,Watch — below volume gate,0
d4e4b5192cba4e0e66eb12a9d347239d,11,0.0,17.59,13.2,6,toledo,PR,Low volume,Watch — below volume gate,0
d4f117125b59ce73c3302f88ee40c458,17,0.0,12.67,7.6,6,sao paulo,SP,Low volume,Watch — below volume gate,0
d4f91e8be86b38da2ee35bc489645a9d,1,0.0,11.17,17.0,1,guaratingueta,SP,Low volume,Watch — below volume gate,0
d4ffeb15b67e81ff9af2b4252d99fb7e,11,0.0,29.49,9.3,8,atibaia,SP,Low volume,Watch — below volume gate,0
d50d79cb34e38265a8649c383dcffd48,69,0.0435,27.74,13.0,18,sao paulo,SP,Low,Maintain — on-time seller,384
d51e0a403fe2e689ece6c73359d96e12,18,0.1111,35.98,13.9,8,pompeia,SP,Low volume,Watch — below volume gate,0
d52cbce9845184537284a23c3bc3da0e,2,0.0,31.89,10.0,2,garopaba,SC,Low volume,Watch — below volume gate,0
d558ebe531605a1285ab2b1bc3256dfb,3,0.0,24.41,9.3,3,divinopolis,MG,Low volume,Watch — below volume gate,0
d566c37fa119d5e66c4e9052e83ee4ea,64,0.0,14.69,5.7,10,sao paulo,SP,Low,Maintain — on-time seller,584
d57e18d5f73c7ccb7f7339b61166898d,60,0.0,14.9,9.2,15,sao paulo,SP,Low,Maintain — on-time seller,587
d58d521f3789def2e7a22715e0badd93,2,0.0,9.11,4.5,1,sao paulo,SP,Low volume,Watch — below volume gate,0
d594982fd877af63ace38ea1fca27c76,7,0.0,13.24,8.0,3,sao paulo,SP,Low volume,Watch — below volume gate,0
d598f929fc44e1e38678e7f47250ec04,1,0.0,37.4,11.0,1,formosa,GO,Low volume,Watch — below volume gate,0
d5b9a084373da994a6e37f732169a853,6,0.1667,26.35,20.3,5,santo andre,SP,Low volume,Watch — below volume gate,0
d5ba419e26d246a0719437cf37d9b46d,33,0.0909,15.8,9.8,11,sao paulo,SP,Low,Maintain — on-time seller,162
d5c530f4884a75ae0dba9c148718d278,4,0.25,19.9,11.8,2,centro,MG,Low volume,Watch — below volume gate,0
d624126b9206f595fb3fbb6ba03b28a8,23,0.0435,24.77,11.3,9,curitiba,PR,Low volume,Watch — below volume gate,0
d63c73efd41eb002280e7ec831424edb,2,0.0,84.29,6.0,2,piracicaba,SP,Low volume,Watch — below volume gate,0
d63f306de130e0391d38a792541723b8,1,0.0,7.6,3.0,1,sao paulo,SP,Low volume,Watch — below volume gate,0
d650b663c3b5f6fb392b6326366efa9a,56,0.0536,14.82,9.8,10,cotia,SP,Low,Maintain — on-time seller,318
d66c11a9572221d92fbb8c4897db5f9b,16,0.0,24.24,8.6,7,rio de janeiro,RJ,Low volume,Watch — below volume gate,0
d66c305afaec317ebee552073a674429,38,0.0263,30.56,9.8,9,ribeirao das neves,MG,Low,Maintain — on-time seller,500
d673a59aac7a70d8b01e6902bf090a11,76,0.0789,21.24,14.1,14,ibitinga,SP,Low,Maintain — on-time seller,199
d6ab728cf30867cf3f1a2e216ae2f9b7,12,0.0,19.32,10.7,6,sao paulo,SP,Low volume,Watch — below volume gate,0
d6b1ce66b035a475f00c017792ff9769,90,0.0556,22.44,10.1,13,salto,SP,Low,Maintain — on-time seller,307
d6b664fa0667064c6d76394e7848d790,6,0.0,54.06,17.5,6,araraquara,SP,Low volume,Watch — below volume gate,0
d6cd01c59123df02fc226eadbadb5f89,1,0.0,16.25,19.0,1,sao paulo,SP,Low volume,Watch — below volume gate,0
d71d863e5ef30d94e440c11be17dcd8f,22,0.1364,30.08,19.1,10,osasco,SP,Low volume,Watch — below volume gate,0
d73cbd89533ce8b041a9190241453ac8,3,0.0,16.86,12.0,3,guiricema,MG,Low volume,Watch — below volume gate,0
d7485b33791774c36108f8c69602d48d,9,0.1111,21.09,8.6,4,curitiba,PR,Low volume,Watch — below volume gate,0
d7827b2af99326a03b0ed9c7a24db0d3,1,0.0,101.7,14.0,1,londrina,SP,Low volume,Watch — below volume gate,0
d79e8478eed9999493990b44955fb22e,5,0.2,16.14,8.0,4,rio de janeiro / rio de janeiro,RJ,Low volume,Watch — below volume gate,0
d7ab82074b5f1dfba46db123df101bff,2,0.0,22.65,6.0,2,atibaia,SP,Low volume,Watch — below volume gate,0
d7b2377bae6ace1b11fc69a11900ac36,3,0.3333,14.17,19.7,3,sao paulo,SP,Low volume,Watch — below volume gate,0
d7d517afce974cd491b8d52bb5b5b1fc,1,0.0,18.73,13.0,1,sao paulo,SP,Low volume,Watch — below volume gate,0
d7f1cfc638473be93baedbfd02208016,1,0.0,17.14,12.0,1,belford roxo,RJ,Low volume,Watch — below volume gate,0
d85efbc8eff2b7adf524e2820569adc8,1,0.0,8.29,3.0,1,sao paulo,SP,Low volume,Watch — below volume gate,0
d8b8f2cf9ff6ba0389072541cb42498c,1,0.0,20.01,12.0,1,formosa,GO,Low volume,Watch — below volume gate,0
d8bf0fc082fd4a77fc2e5679b6c00133,1,0.0,9.14,7.0,1,sao paulo,SP,Low volume,Watch — below volume gate,0
d8c7ba53e7e38711eaef8c2849d6d2e1,22,0.0,27.88,8.1,7,floresta,PR,Low volume,Watch — below volume gate,0
d8cf3b6a2151949f930d0252b180ec42,6,0.0,72.82,7.0,3,mandaguacu,PR,Low volume,Watch — below volume gate,0
d8d9567d0bfb0bc7eb845a205ba42657,3,0.3333,17.0,16.3,3,sao paulo,SP,Low volume,Watch — below volume gate,0
d8dd176509baa37f359644d082bf7f7b,2,1.0,15.95,30.0,1,sao caetano do sul,SP,Low volume,Watch — below volume gate,0
d90fe2229fee1a5da999ccd0c06c1667,3,0.0,22.3,10.0,2,sao paulo,SP,Low volume,Watch — below volume gate,0
d91fb3b7d041e83b64a00a3edfb37e4f,524,0.0382,17.29,11.2,24,praia grande,SP,Low,Maintain — on-time seller,413
d921b68bf747894be13a97ae52b0f386,76,0.0132,23.06,9.9,13,formiga,MG,Low,Maintain — on-time seller,565
d93844a9c55ba7ce353388bcf849ea56,12,0.0,43.42,16.8,8,curitiba,PR,Low volume,Watch — below volume gate,0
d93919c944be9cff128f6c9cb899eacb,33,0.1515,29.01,22.8,12,mombuca,SP,Medium,Review — rising late rate,38
d93b8458c6fe139d85cfa5eadbf55bd2,1,0.0,14.1,6.0,1,sao paulo,SP,Low volume,Watch — below volume gate,0
d9442042130b7fe579d1295f9f4a248f,19,0.0526,17.84,10.7,5,sao paulo,SP,Low volume,Watch — below volume gate,0
d94a40fd42351c259927028d163af842,96,0.0312,33.23,14.0,15,baependi,MG,Low,Maintain — on-time seller,469
d94ba08b99bedd6a5f6c875ecc4a6fac,8,0.0,20.2,12.5,5,apucarana,PR,Low volume,Watch — below volume gate,0
d97df38225e5abadaff1e72cb72b823c,28,0.1429,18.39,12.1,10,sao caetano do sul,SP,Low volume,Watch — below volume gate,0
d98eec89afa3380e14463da2aabaea72,167,0.024,19.65,8.5,20,porto alegre,RS,Low,Maintain — on-time seller,512
d9a84e1403de8da0c3aa531d6d108ba6,53,0.0566,14.0,7.5,13,sao paulo,SP,Low,Maintain — on-time seller,300
d9b00a97818674c7f8d8b1ef0e689679,1,0.0,9.18,2.0,1,ponta grossa,PR,Low volume,Watch — below volume gate,0
d9bd94811c3338dceb4181f3dbc0c73e,54,0.0556,14.28,8.0,10,sao paulo,SP,Low,Maintain — on-time seller,309
d9c349beabc06aa6ff1c6d68b5e9e22e,1,0.0,37.55,21.0,1,sao paulo,SP,Low volume,Watch — below volume gate,0
d9cb0052a666de5308b32f32ad5f1b1c,2,0.0,15.41,13.5,2,olimpia,SP,Low volume,Watch — below volume gate,0
d9cd369bffa979d1634f8e1318bf2f1b,3,0.0,22.27,11.0,2,bady bassitt,SP,Low volume,Watch — below volume gate,0
d9d43faf741ceaa8da52fdbb81d9e0e3,4,0.0,43.7,9.2,2,juiz de fora,SP,Low volume,Watch — below volume gate,0
d9e7e7778b32987280a6f2cb9a39c57d,11,0.1818,23.99,18.5,9,sao paulo,SP,Low volume,Watch — below volume gate,0
d9e8c084b68fe958861d8f2c21202e6b,9,0.0,20.21,10.0,4,sao paulo,SP,Low volume,Watch — below volume gate,0
da03c298e3999e9d828591fc2179d109,4,0.0,13.7,9.8,3,sao paulo,SP,Low volume,Watch — below volume gate,0
da20530872245d6cd9d2f5725613c430,2,0.0,39.63,10.5,2,igrejinha,RS,Low volume,Watch — below volume gate,0
da2782c804606d2a5d8e1760dbb3e7ec,1,1.0,14.37,32.0,1,sao paulo,SP,Low volume,Watch — below volume gate,0
da3fede3469bf49b7293ce3fc45b294d,1,0.0,12.79,11.0,1,mogi das cruzes,SP,Low volume,Watch — below volume gate,0
da6a60cc8cc724fe51be021ff8be779c,12,0.0,21.32,7.7,5,sao pedro da aldeia,RJ,Low volume,Watch — below volume gate,0
da7039f29f90ce5b4846ffc0fcc93beb,17,0.0588,16.69,9.1,8,santo andre,SP,Low volume,Watch — below volume gate,0
da8622b14eb17ae2831f4ac5b9dab84a,1295,0.0672,19.16,11.2,23,piracicaba,SP,Low,Maintain — on-time seller,249
dace965ca58120f92f8d742a9fa1864b,8,0.0,16.47,8.0,2,sao paulo,SP,Low volume,Watch — below volume gate,0
daeb5653dd96c1b11860f72209795012,38,0.0789,15.5,11.6,9,belo horizonte,MG,Low,Maintain — on-time seller,201
daf565f087a52def0fd5c5825b3661bc,8,0.0,33.58,9.5,4,brusque,SC,Low volume,Watch — below volume gate,0
db1f0f7c7e5e87f40b62226f020bb297,3,0.0,21.57,9.7,3,pinhais,PR,Low volume,Watch — below volume gate,0
db2956745b3a8e9f3785c99f34b5d25e,44,0.0909,21.63,14.3,15,sao sebastiao,SP,Low,Maintain — on-time seller,160
db4350fd57ae30082dec7acbaacc17f9,132,0.0379,15.91,10.6,20,sao paulo,SP,Low,Maintain — on-time seller,414
db46ca7bce82b11f7e247539271fc390,16,0.0,16.11,8.1,5,rio de janeiro,RJ,Low volume,Watch — below volume gate,0
db6a4d4b5f1f5f98820ce6ce2619e2de,1,0.0,12.16,3.0,1,sao paulo,SP,Low volume,Watch — below volume gate,0
db7ed69a53aa9fb1c01930ba54a88bbe,1,0.0,11.78,4.0,1,jaguariuna,SP,Low volume,Watch — below volume gate,0
dbb9b48c841a0e39e21f98e1a6b2ec3e,107,0.0374,15.31,9.8,14,sao paulo,SP,Low,Maintain — on-time seller,420
dbbcfe2c8d026742134ac3e28ccde274,4,0.0,13.6,8.0,2,curitiba,PR,Low volume,Watch — below volume gate,0
dbc22125167c298ef99da25668e1011f,387,0.0258,20.04,11.4,22,borda da mata,MG,Low,Maintain — on-time seller,503
dbc51f5e45d654ecc16cb68e6817ecea,1,0.0,18.14,18.0,1,franca,SP,Low volume,Watch — below volume gate,0
dbd66278cbfe1aa1000f90a217ca4695,84,0.0357,18.35,9.2,12,sao paulo,SP,Low,Maintain — on-time seller,427
dbdd0ec73a4817971d962698f2fea022,16,0.0625,111.92,12.6,8,fortaleza,CE,Low volume,Watch — below volume gate,0
dbec9a0a7efeff029d4d9dce7dc4cc95,3,0.0,39.53,12.0,3,belo horizonte,MG,Low volume,Watch — below volume gate,0
dc120d932ddf9d4dfb6fd68beefda622,1,0.0,36.1,15.0,1,sao jose dos pinhais,PR,Low volume,Watch — below volume gate,0
dc317f341ab0e22f39acbd9dbf9b4a1f,55,0.0545,65.67,12.4,8,cachoeirinha,RS,Low,Maintain — on-time seller,314
dc4a0fc896dc34b0d5bfec8438291c80,218,0.0688,20.25,14.0,17,ibitinga,SP,Low,Maintain — on-time seller,243
dc50afafdfa325eadc890c7fa42a8f4e,4,0.0,14.32,6.0,2,maringa,PR,Low volume,Watch — below volume gate,0
dc64d75cc406bb0697be983831430e60,4,0.0,23.14,10.0,4,belo horizonte,MG,Low volume,Watch — below volume gate,0
dc7192adf8ba09569261f4a8d576afe0,6,0.0,19.22,6.3,4,itapeva,SP,Low volume,Watch — below volume gate,0
dc8798cbf453b7e0f98745e396cc5616,35,0.0571,15.03,13.4,10,sao paulo,SP,Low,Maintain — on-time seller,297
dcb7367a92f5ffb89f1e2152ed260285,1,0.0,18.44,10.0,1,osvaldo cruz,SP,Low volume,Watch — below volume gate,0
dcf3755cefcdc158ad0b7bdde51e871b,3,0.0,29.78,13.0,2,cachoeira do sul,RS,Low volume,Watch — below volume gate,0
dd264199fc8b687ad029de7de6d760e6,1,0.0,20.7,18.0,1,cascavel,PR,Low volume,Watch — below volume gate,0
dd2bdf855a9172734fbc3744021ae9b9,105,0.0571,18.97,15.3,19,belo horizonte,MG,Low,Maintain — on-time seller,294
dd39ad39b5d3df33037e141c72497ba6,2,0.0,14.52,8.5,2,sao paulo,SP,Low volume,Watch — below volume gate,0
dd4d95ba2d15c071e6c695e2ef6ce169,4,0.5,53.6,14.2,3,cachoeiro de itapemirim,ES,Low volume,Watch — below volume gate,0
dd533b429f380718b70ad9922c294bae,37,0.1081,31.21,17.4,16,barretos,SP,Medium,Review — rising late rate,110
dd5450b022b2d00a2145a66331e1aef6,1,0.0,22.34,7.0,1,joinville,SC,Low volume,Watch — below volume gate,0
dd55f1bb788714a40e7954c3be6df745,35,0.1714,18.84,18.3,13,sao paulo,SP,Medium,Review — rising late rate,21
dd58ee93286b0821565574c570e9e1dc,2,0.0,37.66,12.0,2,curitiba,PR,Low volume,Watch — below volume gate,0
dd7ddc04e1b6c2c614352b383efe2d36,118,0.1271,24.28,15.2,15,sao paulo,SP,Medium,Review — rising late rate,65
dd88d13bea9e4c2bf47daf224f8141e5,1,0.0,29.38,6.0,1,lajeado,RS,Low volume,Watch — below volume gate,0
dd8a29ce82d5c705ba932d81494600a5,2,0.0,13.75,9.0,2,sao paulo,SP,Low volume,Watch — below volume gate,0
dd9661d3cda1e6feb237f0c4d8b26f2e,1,0.0,16.98,18.0,1,campos novos,SC,Low volume,Watch — below volume gate,0
dda37071807e404c5bb2a1590c66326f,1,0.0,19.28,16.0,1,sao paulo,SP,Low volume,Watch — below volume gate,0
ddd51ae8cda92f3995a51fc0f0f3eec7,8,0.0,34.62,8.1,3,rio de janeiro,RJ,Low volume,Watch — below volume gate,0
dde698c6d0bd24834c586e5111c2bba7,1,0.0,19.19,7.0,1,petropolis,RJ,Low volume,Watch — below volume gate,0
de09d00cfc265b8804c7df34075a68fa,3,0.0,14.66,6.3,3,sao paulo,SP,Low volume,Watch — below volume gate,0
de0c78824586e9a5f5f04fd84e25df39,13,0.0,15.99,6.8,5,vargem grande paulista,SP,Low volume,Watch — below volume gate,0
de23c3b98a88888289c6f5cc1209054a,158,0.0759,16.43,11.0,15,sao paulo,SP,Low,Maintain — on-time seller,215
de66a66f2dd06bb9ec37aa96987466a3,7,0.0,16.52,15.4,4,rio de janeiro,RJ,Low volume,Watch — below volume gate,0
de722cd6dad950a92b7d4f82673f8833,337,0.0356,28.83,12.6,24,recife,PE,Low,Maintain — on-time seller,429
de9727ca376d1be6ec121b110aa7954c,9,0.1111,22.2,12.0,5,sarandi,PR,Low volume,Watch — below volume gate,0
debe6615cd90cc0c2eac2b8988e1f628,5,0.0,19.11,11.8,4,sao paulo,SP,Low volume,Watch — below volume gate,0
dedcab67899479e4ea5dcc4eba47f587,2,0.0,10.82,5.5,2,jaragua do sul,SC,Low volume,Watch — below volume gate,0
dee656f0f566ed1aa85bd137c943f08f,90,0.0444,18.36,12.7,15,cruzeiro,SP,Low,Maintain — on-time seller,379
df0f42bc4c2142eacf0eaf2cffd0cfbb,13,0.0,20.79,14.4,5,itajai,SC,Low volume,Watch — below volume gate,0
df47da4ae86fa4db890d05aaf24e21d8,5,0.0,15.44,7.0,3,sao paulo,SP,Low volume,Watch — below volume gate,0
df560393f3a51e74553ab94004ba5c87,26,0.0769,21.93,18.5,6,loanda,PR,Low volume,Watch — below volume gate,0
df56d7b40d437f88407c5f78b63bc328,22,0.0455,20.92,12.5,8,cascavel,PR,Low volume,Watch — below volume gate,0
df683dfda87bf71ac3fc63063fba369d,1,1.0,16.05,190.0,1,farroupilha,RS,Low volume,Watch — below volume gate,0
df91910b6a03bb2e3358fa6a35e32f6f,13,0.0,30.26,9.1,8,sao paulo,SP,Low volume,Watch — below volume gate,0
dfa0c4c6229ab200a4a1336b4d7128ff,75,0.0133,24.1,9.8,13,florianopolis,SC,Low,Maintain — on-time seller,564
dfc475d54e1b6dbeeb7d7d9bdaa63827,17,0.0,23.81,13.4,5,curitiba,PR,Low volume,Watch — below volume gate,0
dfc5fb7259bb2b599ca565e6e9448f0f,32,0.0312,24.68,13.4,14,sao bernardo do campo,SP,Low,Maintain — on-time seller,475
e00d85ce20ea50c1224c66ca5050527d,1,0.0,8.3,2.0,1,osasco,SP,Low volume,Watch — below volume gate,0
e0482f2c769468c3bbcd8a01e09d98c5,1,0.0,45.4,6.0,1,sao paulo,SP,Low volume,Watch — below volume gate,0
e0487761face83d64fcada2408959a36,2,0.0,7.44,3.5,1,sao paulo,SP,Low volume,Watch — below volume gate,0
e067ad2c1c0b48758eb1b5228bcf7a68,54,0.0741,18.62,14.9,15,santos,SP,Low,Maintain — on-time seller,223
e06f09ec0a4aca210779cf1cfc63cf19,29,0.069,21.45,14.8,10,sao paulo,SP,Low volume,Watch — below volume gate,0
e0878efa0e0b7e5313ac0b43bc04c081,26,0.1538,19.89,18.0,10,curitiba,PR,Low volume,Watch — below volume gate,0
e09887ca8c7bf8a4621ce481820414ef,2,0.5,22.3,57.5,2,sao paulo,SP,Low volume,Watch — below volume gate,0
e0a366315b1b726b6c7832d664c0f530,42,0.0238,17.4,8.0,10,sao paulo,SP,Low,Maintain — on-time seller,516
e0a3c37054ade6478d923a6efc10f308,2,0.0,17.59,8.0,2,camboriu,SC,Low volume,Watch — below volume gate,0
e0b162a693bc7f9eab00f783a31d60ea,1,0.0,62.35,11.0,1,pelotas,RS,Low volume,Watch — below volume gate,0
e0eabded302882513ced4ea3eb0c7059,8,0.0,17.35,11.4,6,campinas,SP,Low volume,Watch — below volume gate,0
e1643dff33666ca629e3644c02738179,3,0.0,9.77,4.3,1,sao paulo,SP,Low volume,Watch — below volume gate,0
e1b12447a7563944843191754aeb5562,9,0.2222,15.57,14.3,4,guarulhos,SP,Low volume,Watch — below volume gate,0
e1bed63d68ac36fe1f3061befe196af5,1,0.0,18.0,9.0,1,mogi guacu,SP,Low volume,Watch — below volume gate,0
e1c76f339ebd5460999f25a2aa8c92c5,1,0.0,28.8,30.0,1,sao paulo,SP,Low volume,Watch — below volume gate,0
e1dc0754bada9ee4cfe9713f22f61292,12,0.0,22.06,8.2,7,duque de caxias,RJ,Low volume,Watch — below volume gate,0
e21a1e8be4715b0fcfd5385643bc49c4,19,0.0,23.15,16.9,7,jaguaruna,SC,Low volume,Watch — below volume gate,0
e24d3429d294b2eb200b064ebb035879,19,0.0526,19.59,7.5,10,sao paulo,SP,Low volume,Watch — below volume gate,0
e24fc9fcd865784fb25705606fe3dfe7,51,0.0784,19.86,12.5,14,braganca paulista,SP,Low,Maintain — on-time seller,203
e250d617a0ad591ba9bd663e584a895d,7,0.0,35.65,9.6,6,guarulhos,SP,Low volume,Watch — below volume gate,0
e256a62e0ac58c0edfba09966142d561,12,0.0,27.95,7.8,5,curitiba,PR,Low volume,Watch — below volume gate,0
e26901d5ab434ce92fd9b5c256820a4e,197,0.0152,14.65,9.3,17,maua,SP,Low,Maintain — on-time seller,556
e2a1ac9bf33e5549a2a4f834e70df2f8,5,0.0,40.22,12.4,5,sao paulo,SP,Low volume,Watch — below volume gate,0
e2aee0892199b1d92530e371abd825bf,34,0.1471,73.0,15.5,8,rolandia,PR,Medium,Review — rising late rate,41
e2c92f9c1c7746d899d18f2e158bbff7,12,0.0,26.2,9.1,6,sao jose do rio preto,SP,Low volume,Watch — below volume gate,0
e333046ce6517bd8bb510291d44f0130,67,0.0448,21.22,10.2,11,ipaussu,SP,Low,Maintain — on-time seller,377
e38db885400cd35c71dfd162f2c1dbcf,30,0.1,22.36,12.7,9,brasilia,DF,Medium,Review — rising late rate,127
e3a386fc36e22064434e1fa256f6a9fa,16,0.125,15.83,10.0,5,engenheiro coelho,SP,Low volume,Watch — below volume gate,0
e3b4998c7a498169dc7bce44e6bb6277,1,0.0,194.31,19.0,1,sao paulo,SP,Low volume,Watch — below volume gate,0
e3d3b3efac954a60d61be70b7e05b49b,3,0.0,41.26,11.0,2,sao paulo,SP,Low volume,Watch — below volume gate,0
e3dd723429d1b23614b7fa85e2c7a853,7,0.1429,18.08,13.4,4,sao bernardo do campo,SP,Low volume,Watch — below volume gate,0
e3e290b38963293022cdcd6db8328103,2,0.0,14.99,10.0,1,sao paulo,SP,Low volume,Watch — below volume gate,0
e433f5fd4050e3352b5d83522b7fe24b,1,0.0,48.71,7.0,1,arapongas,PR,Low volume,Watch — below volume gate,0
e439f7176d763f92de325271111b2fd5,6,0.0,37.8,10.0,5,joinville,SC,Low volume,Watch — below volume gate,0
e45edf75f568ed2f93f78d060e246e25,6,0.0,18.99,12.3,5,rio de janeiro,RJ,Low volume,Watch — below volume gate,0
e48b04bf1aa1ef711caebeb7aede6180,25,0.0,25.83,10.5,8,curitiba,PR,Low volume,Watch — below volume gate,0
e48cc16ab70bfa09e1401740dce0b3d7,13,0.0,22.11,14.2,8,aracatuba,SP,Low volume,Watch — below volume gate,0
e49c26c3edfa46d227d5121a6b6e4d37,34,0.0,34.16,11.6,12,brejao,PE,Low,Maintain — on-time seller,612
e4ebd3f87bf70440014f07ddda7fbe03,7,0.0,16.54,17.9,4,presidente epitacio,SP,Low volume,Watch — below volume gate,0
e4f121bf6ef8b9a1d4d3e65dd0473fab,2,0.5,18.23,21.0,1,sao jose do rio preto,SP,Low volume,Watch — below volume gate,0
e4fc40017a6d22c46a14ac2e17f87c3e,1,0.0,41.29,10.0,1,arapongas,PR,Low volume,Watch — below volume gate,0
e503f22be6a4f456d9851920a5d9c670,2,0.0,16.22,5.5,2,sao paulo,SP,Low volume,Watch — below volume gate,0
e504a4e2efaa45cbff7e268a2c58c956,9,0.3333,22.62,13.4,3,sao pedro,SP,Low volume,Watch — below volume gate,0
e51f22821f0c12a16ad5c020cdcd55e9,4,0.0,24.53,10.0,3,carapicuiba,SP,Low volume,Watch — below volume gate,0
e53d5b9b29d1218281f4a907ada18626,3,0.0,71.76,5.7,3,toledo,PR,Low volume,Watch — below volume gate,0
e546117ed9cafbc40239c0c78635c584,2,0.0,14.17,6.5,2,sao paulo,SP,Low volume,Watch — below volume gate,0
e5475dcab1e07b63d7f6e902d8f5eda8,19,0.0526,13.22,9.5,5,diadema,SP,Low volume,Watch — below volume gate,0
e5545d4d4473876ea78c5bcebca365c3,1,0.0,12.97,5.0,1,marilia,SP,Low volume,Watch — below volume gate,0
e560e4022d8f7aebf155db95946c5c0f,2,0.0,45.1,10.0,2,belo horizonte,MG,Low volume,Watch — below volume gate,0
e5899683388855d3dabe8913bbe365de,3,0.0,26.99,7.7,3,sao carlos,SP,Low volume,Watch — below volume gate,0
e58a5b390e28abc0b216cfb0e07d27d7,7,0.0,20.66,7.7,3,rio de janeiro,RJ,Low volume,Watch — below volume gate,0
e595809a6c31ec4314fd06ef198c244d,1,0.0,18.23,15.0,1,navegantes,SC,Low volume,Watch — below volume gate,0
e59aa562b9f8076dd550fcddf0e73491,69,0.087,31.31,14.0,15,curitiba,PR,Low,Maintain — on-time seller,179
e59e489e2ea74bd409b798b5daf49de3,2,0.0,32.38,14.0,2,maringa,PR,Low volume,Watch — below volume gate,0
e59e575a175fadcadf8479e191770425,1,0.0,50.98,5.0,1,nova iguacu,RJ,Low volume,Watch — below volume gate,0
e5a3438891c0bfdb9394643f95273d8e,214,0.1589,15.33,15.7,18,limeira,SP,Medium,Review — rising late rate,31
e5a38146df062edaf55c38afa99e42dc,119,0.0756,15.79,12.2,16,sao paulo,SP,Low,Maintain — on-time seller,217
e5bd51692380fd8cabb19b756b95e714,2,1.0,12.98,33.5,2,santo andre,SP,Low volume,Watch — below volume gate,0
e5c84227854980f1db19a58958c551d9,4,0.0,17.21,10.2,2,fazenda rio grande,PR,Low volume,Watch — below volume gate,0
e5cbe890e679490127e9a390b46bbd20,2,0.0,14.36,6.0,2,sao paulo,SP,Low volume,Watch — below volume gate,0
e5d4b2b0c3bca22085f7a19a28de0c42,4,0.0,15.94,12.5,3,joinville,SC,Low volume,Watch — below volume gate,0
e5def42655b7490edac5a56fe8e9e603,1,0.0,11.52,6.0,1,amparo,SP,Low volume,Watch — below volume gate,0
e5e33c0d8e7e002f398f5dc4cbbb338f,26,0.0769,28.69,12.2,11,bauru,SP,Low volume,Watch — below volume gate,0
e5f9e61ceb5f523cc966e0f34095032f,4,0.25,28.86,20.2,3,brusque,SC,Low volume,Watch — below volume gate,0
e601b04acf48b4576e73ddca9481f0dc,14,0.0,14.06,6.8,6,sao paulo,SP,Low volume,Watch — below volume gate,0
e603cf3fec55f8697c9059638d6c8eb5,7,0.0,24.71,6.3,3,pelotas,RS,Low volume,Watch — below volume gate,0
e627629ba868740e287800f1a9be81c2,10,0.0,10.88,6.6,2,sao paulo,SP,Low volume,Watch — below volume gate,0
e62b2d6ac10570a035a30bafcf01d263,62,0.1129,17.7,14.0,16,sao paulo,SP,Medium,Review — rising late rate,96
e63e8bfa530fb16910dd6956e592bb81,40,0.05,16.9,9.3,8,guarulhos,SP,Low,Maintain — on-time seller,343
e644cbadf7eeb30d0d29f335ce7d52ec,7,0.0,23.02,6.9,4,sao paulo,SP,Low volume,Watch — below volume gate,0
e64882b4ef12aee8d0faca4db5b681f4,1,0.0,43.22,25.0,1,goiania,GO,Low volume,Watch — below volume gate,0
e64d65bc8dbec2accda90c58de5d1246,12,0.25,18.43,13.4,5,rio claro,SP,Low volume,Watch — below volume gate,0
e64ddbe1cbcf4f2fc3092b7c481f3f9d,1,0.0,7.39,6.0,1,sao paulo,SP,Low volume,Watch — below volume gate,0
e6a69c4a27dfdd98ffe5aa757ad744bc,20,0.0,13.11,11.0,6,sao paulo,SP,Low volume,Watch — below volume gate,0
e70053bf73d1b5863932e53a9fa47496,7,0.0,19.08,13.3,5,sao paulo,SP,Low volume,Watch — below volume gate,0
e72b4feb7abe210c52aa667abc25a3a2,1,0.0,17.44,4.0,1,sao paulo,SP,Low volume,Watch — below volume gate,0
e732329483fd5f27367dd997b47f598a,1,0.0,34.57,12.0,1,blumenau,SC,Low volume,Watch — below volume gate,0
e73bf2cea7fe4b0b4d287a7568ed1099,3,0.0,31.98,6.7,3,chapeco,SC,Low volume,Watch — below volume gate,0
e76ecc7e9a1a1e3c6df9d2a8261c423d,1,0.0,14.1,12.0,1,belo horizonte,MG,Low volume,Watch — below volume gate,0
e7d5b006eb624f13074497221eb37807,28,0.0714,26.48,11.0,8,santo andre,SP,Low volume,Watch — below volume gate,0
e7df4cd29ab5abab70fb0783ddb53987,22,0.0909,18.32,10.3,6,sao paulo,SP,Low volume,Watch — below volume gate,0
e7f3bf1ecd8526eb7f3b18059e6716e5,16,0.0,15.68,9.4,7,ubatuba,SP,Low volume,Watch — below volume gate,0
e819bcfade7b5d88a27325eb6cfd62c5,5,0.2,27.85,10.0,2,guarulhos,SP,Low volume,Watch — below volume gate,0
e81e1f9c3e762e620f3fb60a51499e16,17,0.0588,30.21,25.4,11,curitibanos,SC,Low volume,Watch — below volume gate,0
e82de6494d91d3c4c54450f59b227a94,3,0.3333,12.93,18.3,2,ibitinga,SP,Low volume,Watch — below volume gate,0
e83c76265fc54bf41eac728805e4da77,8,0.125,12.4,32.9,2,aracatuba,SP,Low volume,Watch — below volume gate,0
e83e93b71371817b11d78a63ff156aee,2,0.0,43.69,16.0,2,barueri,SP,Low volume,Watch — below volume gate,0
e84ad2127668df3aafc6b73531a0beb8,19,0.0526,15.09,10.5,7,sao paulo,SP,Low volume,Watch — below volume gate,0
e88165a185134e13fdfc85d4fa654db8,2,0.5,20.61,9.0,1,ferraz de  vasconcelos,SP,Low volume,Watch — below volume gate,0
e882b2a25a10b9c057cc49695f222c19,57,0.0,50.11,9.5,7,teresopolis,RJ,Low,Maintain — on-time seller,588
e883aa812c37a7413226856f4579fe91,26,0.0385,17.59,9.9,9,itapevi,SP,Low volume,Watch — below volume gate,0
e88c9b79e592e370d6bd852eeefbf057,8,0.0,17.76,8.4,4,pato branco,PR,Low volume,Watch — below volume gate,0
e88f7a2995ba184710d339c5c4bf2e30,2,0.0,17.95,10.5,2,votuporanga,SP,Low volume,Watch — below volume gate,0
e89c4adbe7b1d0819dbb636e16461cf1,24,0.125,18.95,15.0,9,indaiatuba,SP,Low volume,Watch — below volume gate,0
e8a85b5f3df47be0984c55fd4064dbb4,8,0.125,27.87,10.5,4,brasilia,DF,Low volume,Watch — below volume gate,0
e8b3a3a38279a82f0e5d006d5e5b7d2c,80,0.0375,20.63,17.2,17,jussara,PR,Low,Maintain — on-time seller,419
e8b4225284fbb02d16f200513f1f395d,30,0.1,42.47,10.2,9,novo horizonte,SP,Medium,Review — rising late rate,128
e8dba4d70f7f2b20e775d09cae01142d,8,0.125,19.36,9.1,4,santa barbara d oeste,SP,Low volume,Watch — below volume gate,0
e8f6dc8e6a1dcde89d20e3995c8d90b3,34,0.0882,60.09,13.0,10,sao paulo,SP,Low,Maintain — on-time seller,173
e8ff5a6ceb895583033fc2a0f314e3c2,1,0.0,19.08,3.0,1,blumenau,SC,Low volume,Watch — below volume gate,0
e908c0f3646e8b60375734a350d95d71,1,0.0,58.53,27.0,1,sao paulo,SP,Low volume,Watch — below volume gate,0
e94b64dc6979b302a5a5be1662c83bb6,2,0.0,15.87,9.0,2,itapecerica da serra,SP,Low volume,Watch — below volume gate,0
e9511df20ccd82658a30c37b7fb343af,22,0.0,33.02,9.6,8,bauru,SP,Low volume,Watch — below volume gate,0
e96498ed8daaa3e9c23f7a62da76591c,34,0.1471,20.97,15.1,13,sao paulo,SP,Medium,Review — rising late rate,42
e9729944ba65dc3ce425e0c5a22ae7b2,3,0.3333,17.09,11.3,2,petropolis,RJ,Low volume,Watch — below volume gate,0
e9779976487b77c6d4ac45f75ec7afe9,641,0.0608,15.84,9.8,22,praia grande,SP,Low,Maintain — on-time seller,283
e9874ae10b2d60d43917b6bbfa13a599,1,0.0,23.1,7.0,1,rolandia,PR,Low volume,Watch — below volume gate,0
e99e927c81e3f51739c94fcdfca9f10f,19,0.0526,29.32,15.0,5,uberlandia,MG,Low volume,Watch — below volume gate,0
e9b6c33b71b67737693b4cfa68341c8d,1,0.0,21.49,12.0,1,sao paulo,SP,Low volume,Watch — below volume gate,0
e9bc59e7b60fc3063eb2290deda4cced,203,0.0788,22.54,14.3,12,maringa,PR,Low,Maintain — on-time seller,202
e9c2dc0dd4ac38448289be644ac94f42,3,0.0,18.74,5.7,3,joinville,SC,Low volume,Watch — below volume gate,0
e9c6969d40e6a3d2d0f90013165c2b98,10,0.0,24.2,9.0,6,sao paulo,SP,Low volume,Watch — below volume gate,0
e9d99831abad74458942f21e16f33f92,129,0.1008,15.42,12.9,21,sao paulo,SP,Medium,Review — rising late rate,123
e9e446d01bd10a97a8ffcfc4a3a20cb2,3,0.0,7.39,5.3,1,sao paulo,SP,Low volume,Watch — below volume gate,0
ea00f977a203ff88adf7057cb7806998,18,0.0556,9.79,5.3,3,santos,SP,Low volume,Watch — below volume gate,0
ea1776927851da2532aa70d6a32c095a,2,0.0,19.09,8.5,2,sao paulo,SP,Low volume,Watch — below volume gate,0
ea3ebea5317b0efbc663ecc8ce5e9bc2,3,0.0,19.22,9.0,3,florianopolis,SC,Low volume,Watch — below volume gate,0
ea4e9ce63a2134743b4a92777437fcdd,3,0.0,21.9,10.0,2,palhoca,SC,Low volume,Watch — below volume gate,0
ea566164622c6b439516ab18062c42cd,50,0.18,17.17,13.9,13,sao  paulo,SP,Medium,Review — rising late rate,16
ea65d8b58316a6f2362f2a9e4b3e86ad,9,0.0,25.65,8.3,3,campinas,SP,Low volume,Watch — below volume gate,0
ea67327e24487bdfac5fbfa37ea124df,30,0.0333,29.03,8.8,6,ibitinga,SP,Low,Maintain — on-time seller,450
ea6b12bf9ffe2bac34602ec631d97a47,9,0.0,17.21,16.7,5,guarulhos,SP,Low volume,Watch — below volume gate,0
ea846a0e7ad98a741783e886d89dfa44,2,0.0,27.63,10.0,2,aracatuba,SP,Low volume,Watch — below volume gate,0
ea8482cd71df3c1969d7b9473ff13abc,1122,0.0856,15.34,13.2,25,sao paulo,SP,Low,Maintain — on-time seller,181
eaaa46e98c9e61f6764dd1d7a2ab8b3e,1,0.0,27.64,11.0,1,messias targino,RN,Low volume,Watch — below volume gate,0
ead2bab70821ea148476ae9bc08548ac,7,0.0,23.33,7.7,4,belo horizonte,MG,Low volume,Watch — below volume gate,0
eae9af4811c294c56795d70e715b7337,1,0.0,15.56,2.0,1,sao paulo,SP,Low volume,Watch — below volume gate,0
eaf6d55068dea77334e8477d3878d89e,3,0.0,11.0,6.0,2,sao paulo,SP,Low volume,Watch — below volume gate,0
eb1bf309f4f6af9a97e9ddac3fdbeabe,1,0.0,8.88,8.0,1,diadema,SP,Low volume,Watch — below volume gate,0
eb3071b9f0b0ddaa2df5ea130f09f26b,9,0.1111,64.6,9.7,5,sao paulo,SP,Low volume,Watch — below volume gate,0
eb4a59a06b3948e851a7d7a830bcbc42,1,0.0,21.15,11.0,1,salvador,BA,Low volume,Watch — below volume gate,0
eb4df17aed01d918c65f0f8d650900c0,11,0.2727,16.87,12.6,5,paulinia,SP,Low volume,Watch — below volume gate,0
eb5b6204dde3a6e03b5f1bb8479f055b,19,0.0526,14.48,10.4,6,embu guacu,SP,Low volume,Watch — below volume gate,0
eb72802c83dc7547529c9546d1a9b8ef,8,0.0,14.71,6.1,3,rio claro,SP,Low volume,Watch — below volume gate,0
eb9267cccc90f1b49c8d2f9887c7dd97,1,0.0,26.37,8.0,1,recife,PE,Low volume,Watch — below volume gate,0
eb9cd5b35d95206585e2185318cb5c61,2,0.0,30.78,16.0,2,sao paulo,SP,Low volume,Watch — below volume gate,0
eba88037e1dca898cd02881f67ced679,6,0.1667,15.58,11.3,4,sao paulo,SP,Low volume,Watch — below volume gate,0
ebd1417732defaf66c50b5a800eb293e,1,0.0,16.33,6.0,1,londrina,PR,Low volume,Watch — below volume gate,0
ebd2d60905fb58271facef5596b620d3,81,0.037,20.18,12.9,16,lencois paulista,SP,Low,Maintain — on-time seller,421
ebe3dabc4955c9b0d695e7bda38bf5c3,1,1.0,11.89,24.0,1,ribeirao preto,SP,Low volume,Watch — below volume gate,0
ebef8d8c92b4fd3226e5d407bbff21ac,3,0.3333,16.12,40.3,2,ribeirao preto,SP,Low volume,Watch — below volume gate,0
ec21206b7894c503788a684a7bc822a6,1,0.0,17.78,8.0,1,armacao dos buzios,RJ,Low volume,Watch — below volume gate,0
ec2e006556300a79a5a91e4876ab3a56,2,0.5,24.16,13.5,1,sao paulo,SP,Low volume,Watch — below volume gate,0
ec4608a1f76453166bb312b2968aeaf4,17,0.1765,57.9,15.2,4,porto ferreira,SP,Low volume,Watch — below volume gate,0
ec5c1d94df153d473b37f880977ae58e,2,0.0,42.04,10.0,2,rio de janeiro,SP,Low volume,Watch — below volume gate,0
ec80e49e69745ab6c14f984bf2149423,12,0.0833,15.69,12.9,6,limeira,SP,Low volume,Watch — below volume gate,0
ec8463980a4e0ea9f8517aea1ed0c419,2,0.5,59.38,11.5,2,florianopolis,SC,Low volume,Watch — below volume gate,0
ec8879960bd2221d5c32f8e12f7da711,35,0.1714,22.82,16.3,12,itatiba,SP,Medium,Review — rising late rate,22
ec933281fb017b5020d06df29c3f77e8,8,0.0,28.86,9.5,5,sao paulo,SP,Low volume,Watch — below volume gate,0
ecccfa2bb93b34a3bf033cc5d1dcdc69,12,0.1667,17.71,32.1,7,curitiba,PR,Low volume,Watch — below volume gate,0
ececbfcff9804a2d6b40f589df8eef2b,96,0.0938,18.89,13.1,16,franca,SP,Low,Maintain — on-time seller,146
ed4311e67debd72b8610a5347a743087,25,0.04,28.27,7.6,8,guarulhos,SP,Low volume,Watch — below volume gate,0
ed46f1eb4a638113deb2a1137b5f22e9,4,0.0,54.17,7.5,3,indaial,SC,Low volume,Watch — below volume gate,0
ed49da7cadefc454d6a67de249eab240,1,0.0,8.72,7.0,1,sao paulo,SP,Low volume,Watch — below volume gate,0
ed4acab38528488b65a9a9c603ff024a,31,0.0,19.39,9.8,9,sao paulo,SP,Low,Maintain — on-time seller,618
ed859002ad59dbf8cf3602696a6c3000,6,0.0,37.57,18.7,2,londrina,PR,Low volume,Watch — below volume gate,0
ed8cb7b190ceb6067227478e48cf8dde,14,0.0714,16.88,7.6,5,santos,SP,Low volume,Watch — below volume gate,0
ed9eef5be0992d413d251fadba1a410d,3,0.0,47.75,10.3,2,mogi guacu,SP,Low volume,Watch — below volume gate,0
edb1ef5e36e0c8cd84eb3c9b003e486d,165,0.0727,23.93,11.8,18,teresopolis,RJ,Low,Maintain — on-time seller,229
edb58a1390adf273840030a3d6253829,1,0.0,18.38,5.0,1,piracicaba,SP,Low volume,Watch — below volume gate,0
edb65fe661681b1c0de8bd47c8655855,1,0.0,15.24,14.0,1,sao paulo,SP,Low volume,Watch — below volume gate,0
edc518ba25576a0188a0e8f2c3af186f,6,0.0,44.85,6.5,3,guarulhos,SP,Low volume,Watch — below volume gate,0
edd066cd02126d7800f9b66e980e9931,6,0.1667,31.04,11.7,5,brasilia,DF,Low volume,Watch — below volume gate,0
eddd1991bd6d9309995a480c39b95137,2,0.0,35.78,15.0,2,ponta grossa,PR,Low volume,Watch — below volume gate,0
ede0c03645598cdfc63ca8237acbe73d,43,0.3256,16.47,18.4,10,ribeirao preto,SP,High,Intervene — high late rate,2
ede2977fbaf3738583170735ca403f6c,1,0.0,37.35,15.0,1,curitiba,PR,Low volume,Watch — below volume gate,0
edf3fabebcc20f7463cc9c53da932ea8,1,1.0,24.12,21.0,1,sao paulo,SP,Low volume,Watch — below volume gate,0
edf96ef93ed595084bbcbd9224bd2894,25,0.08,24.35,13.9,9,sao paulo,SP,Low volume,Watch — below volume gate,0
ee27a8f15b1dded4d213a468ba4eb391,1,0.0,227.66,12.0,1,goiania,GO,Low volume,Watch — below volume gate,0
ee2fbacc2fc3794e656cc4d933d59ce7,2,0.0,26.86,7.5,2,sao paulo,SP,Low volume,Watch — below volume gate,0
eeb6de78f79159600292e314a77cbd18,82,0.0366,36.54,12.2,17,lages,SC,Low,Maintain — on-time seller,424
eebb3372362aa9a46975164bed19a7e7,4,0.5,14.66,52.5,3,sao paulo,SP,Low volume,Watch — below volume gate,0
eec3469d83e142f9a104886655338c37,4,0.0,13.68,9.8,2,bauru,SP,Low volume,Watch — below volume gate,0
eed78ac17f7f795a19a709745f00cd4e,21,0.0,42.45,10.3,8,botucatu,SP,Low volume,Watch — below volume gate,0
ef0ace09169ac090589d85746e3e036f,128,0.0781,18.46,12.8,16,sao goncalo,RJ,Low,Maintain — on-time seller,205
ef2fbc2b607d8492bcffe657a4645434,17,0.1176,19.24,7.2,7,rio de janeiro,RJ,Low volume,Watch — below volume gate,0
ef30892870c278497523264be1be2241,9,0.0,12.15,8.1,3,araraquara,SP,Low volume,Watch — below volume gate,0
ef506c96320abeedfb894c34db06f478,311,0.0804,16.2,13.5,24,sao paulo,SP,Low,Maintain — on-time seller,194
ef728fa1f17436c91ed1ccd03dcf9631,3,0.0,19.37,5.0,2,jau,SP,Low volume,Watch — below volume gate,0
ef990a83bbea832f36ebe81376335aa8,42,0.2143,21.9,17.0,9,joinville,SC,High,Intervene — high late rate,8
ef9952469137ff190bacafe117f51537,5,0.0,16.79,10.2,5,uberaba,MG,Low volume,Watch — below volume gate,0
efb628aa07c8ca93d7db0d85b91a4f5a,1,1.0,58.1,25.0,1,nova iguacu,RJ,Low volume,Watch — below volume gate,0
efcd8d2104f1a05d028af7bad20d974b,43,0.0233,18.55,10.2,12,aracatuba,SP,Low,Maintain — on-time seller,519
efff9341f3f8f5237b44ff67ed36a7bf,5,0.0,19.93,12.0,4,vitoria,ES,Low volume,Watch — below volume gate,0
f00e21b1e91a79653163b7fd8f293ff1,31,0.0323,18.42,13.0,10,andradas,SP,Low,Maintain — on-time seller,464
f00f5b35d0abcacbdd863672f4bb2c1a,1,0.0,14.43,12.0,1,sao paulo,SP,Low volume,Watch — below volume gate,0
f021c962aaba8ef6eb527a9c2c8394d1,5,0.0,27.07,8.2,3,itajai,SC,Low volume,Watch — below volume gate,0
f049a72cf58fd31b11f8919cade515e7,2,0.0,13.88,3.5,1,sao paulo,SP,Low volume,Watch — below volume gate,0
f0837c8d71434931d9e38e7b79234797,22,0.0455,27.38,11.7,8,arvorezinha,RS,Low volume,Watch — below volume gate,0
f08a5b9dd6767129688d001acafc21e5,11,0.0,45.1,18.7,6,porto alegre,RS,Low volume,Watch — below volume gate,0
f08c008c8a8d31417763738a1788a2a8,18,0.1667,14.4,19.9,9,santa terezinha de itaipu,PR,Low volume,Watch — below volume gate,0
f09b760d23495ac9a7e00d29b769007c,1,0.0,17.19,24.0,1,catanduva,SP,Low volume,Watch — below volume gate,0
f0b47fbbc6dee9aafe415a6e33051b3f,64,0.1094,19.93,10.3,16,maua,SP,Medium,Review — rising late rate,105
f0e103c63864d5405b958d984b6e94c9,11,0.0,13.61,8.6,5,osasco,SP,Low volume,Watch — below volume gate,0
f0ec78809fe0bc3edb11c9fe5b97b059,2,0.0,11.83,9.0,2,sao paulo,SP,Low volume,Watch — below volume gate,0
f114dca2828bf718548db175ebe2cfcd,1,0.0,13.99,10.0,1,cambe,PR,Low volume,Watch — below volume gate,0
f1198c871e0171278b63f40d112caeec,2,0.0,41.14,11.5,1,sao paulo,SP,Low volume,Watch — below volume gate,0
f125f3a310c2e5f822d116147de1e474,16,0.125,17.99,11.9,8,sao paulo,SP,Low volume,Watch — below volume gate,0
f12d3c2a14729ae461b920c11fe20fdc,9,0.0,10.54,5.2,2,santo andre,SP,Low volume,Watch — below volume gate,0
f12ff17ad8bbf01ec5c33b17e506649b,28,0.1071,22.42,13.8,12,sao paulo,SP,Low volume,Watch — below volume gate,0
f18112da765e0971ca5d510dec322bdd,2,0.0,41.48,18.0,2,brusque,SC,Low volume,Watch — below volume gate,0
f181738b150df1f37cb0bd72e705b193,36,0.0833,30.78,9.2,8,carapicuiba,SP,Low,Maintain — on-time seller,185
f19516b9ff26bfeb091b30108db4ddbd,2,0.0,24.74,10.5,2,artur nogueira,SP,Low volume,Watch — below volume gate,0
f1b854361f4e15d5851b494df66f22b2,3,0.0,102.15,7.3,2,rio de janeiro,RJ,Low volume,Watch — below volume gate,0
f1b93673502375d491780bb49d615dbc,8,0.125,40.04,14.6,3,sao jose dos campos,SP,Low volume,Watch — below volume gate,0
f1c1ac3f3efc07e659c035008e615e66,3,0.0,71.57,10.7,3,sao paulo,SP,Low volume,Watch — below volume gate,0
f1ce5fdecd64935c28b9ff932751d0dc,2,0.0,11.26,10.5,2,santana de parnaiba,SP,Low volume,Watch — below volume gate,0
f1ed6bd0a9b11b581f16c851c6a5a527,17,0.0588,21.99,20.9,8,porto alegre,RS,Low volume,Watch — below volume gate,0
f1fd5ab1181f827ffad998c1a5de7d74,15,0.0,55.46,9.3,7,curitiba,PR,Low volume,Watch — below volume gate,0
f1fdf2d13186575751aa25876536d85c,1,0.0,8.29,7.0,1,sao paulo,SP,Low volume,Watch — below volume gate,0
f205b1a3ca9a34e0f8a228bae6e4c7b3,8,0.0,49.61,8.6,4,cachoeirinha,RS,Low volume,Watch — below volume gate,0
f214d28e8d8e3ef068748498ccc2f813,51,0.0784,15.38,10.6,14,sao paulo,SP,Low,Maintain — on-time seller,204
f22a247b79dd22ecd91dc8e3b2a1b07c,8,0.25,16.86,17.8,6,itaquaquecetuba,SP,Low volume,Watch — below volume gate,0
f2336e113377dd21c744d9c4fc8293a9,4,0.0,49.77,20.2,3,sao paulo,SP,Low volume,Watch — below volume gate,0
f235413f677777a0738ff215d0184901,2,0.0,27.92,6.5,2,bariri,SP,Low volume,Watch — below volume gate,0
f25e239052084705e17a982bc600ab2a,7,0.0,54.84,13.9,5,sao paulo,SP,Low volume,Watch — below volume gate,0
f262cbc1c910c83959f849465454ddd3,188,0.0745,13.06,9.0,16,sao paulo,SP,Low,Maintain — on-time seller,221
f266295f49a28eee21f413e0cbb0521d,2,0.0,14.07,12.0,2,ponta grossa,PR,Low volume,Watch — below volume gate,0
f26d70155c2b6326fcfa1780c8c684e4,1,0.0,16.17,9.0,1,presidente getulio,SC,Low volume,Watch — below volume gate,0
f27e33c6d29b5138fa9967bcd445b6d5,93,0.086,17.72,12.0,17,sao paulo,SP,Low,Maintain — on-time seller,180
f3041c2e75ec683697a6a5ea82192210,1,0.0,24.0,5.0,1,itauna,MG,Low volume,Watch — below volume gate,0
f307937c1bb287c3efc2a514b94b0d1d,1,0.0,26.61,13.0,1,araxa,MG,Low volume,Watch — below volume gate,0
f326006815956455b2859abd58fe7e39,9,0.0,74.0,12.9,5,fernandopolis,SP,Low volume,Watch — below volume gate,0
f3295428338a40977a03f555246a70f4,7,0.1429,17.77,14.7,4,vitoria,ES,Low volume,Watch — below volume gate,0
f3511c85f59f8dec53d140501ee8e7a8,1,0.0,8.11,2.0,1,curitiba,PR,Low volume,Watch — below volume gate,0
f356c348fbc8df6a882823e21f5ce8b7,2,0.0,21.23,7.0,2,canoas,RS,Low volume,Watch — below volume gate,0
f35b3c613c4f7b2275f4185d0a3c59ec,9,0.1111,18.56,12.4,4,sao paulo,SP,Low volume,Watch — below volume gate,0
f35becee938e982bd615edf8ef12bcfb,6,0.0,13.04,7.8,3,alvares machado,SP,Low volume,Watch — below volume gate,0
f3862c2188522d89860c38a3ea8b550d,1,0.0,12.79,6.0,1,ribeirao preto,SP,Low volume,Watch — below volume gate,0
f3975e8a41157005d4bcbb358678cd9b,2,0.0,41.99,8.5,2,pinhalzinho,SC,Low volume,Watch — below volume gate,0
f3b80352b986ab4d1057a4b724be19d0,86,0.0,24.72,10.4,15,brasilia,DF,Low,Maintain — on-time seller,582
f3c38ab652836d21de61fb8314b69182,15,0.0,16.51,8.0,8,sao paulo,SP,Low volume,Watch — below volume gate,0
f3da5b2ff499efb8d4a6d371d175d7dd,76,0.1184,14.28,11.4,13,sao paulo,SP,Medium,Review — rising late rate,81
f410c8873029fcc3809b9df6d0b28914,2,0.0,18.65,7.5,2,caxias do sul,SP,Low volume,Watch — below volume gate,0
f419677537694f0462a91990df6ca44f,6,0.1667,13.13,14.0,3,sao bernardo do campo,SP,Low volume,Watch — below volume gate,0
f41ce2e25237f9092cd8e6e7516c7a2f,26,0.0,12.46,8.7,7,guarulhos,SP,Low volume,Watch — below volume gate,0
f435898e493ba0356019a0b1cb8b55b1,10,0.0,24.18,10.7,4,curitiba,PR,Low volume,Watch — below volume gate,0
f43827dd686be3a4a80e00aa299990fb,1,0.0,30.2,21.0,1,sao jose do rio preto,SP,Low volume,Watch — below volume gate,0
f44b6f775a2b390380e0e30b5c9d3eee,9,0.0,27.72,8.9,4,sao paulo,SP,Low volume,Watch — below volume gate,0
f44bdc12aa39f5271f0b95f66cd4c289,5,0.2,19.25,11.6,2,braganca paulista,SP,Low volume,Watch — below volume gate,0
f45122a9ab94eb4f3f8953578bc0c560,180,0.0722,18.14,12.8,20,piracicaba,SP,Low,Maintain — on-time seller,232
f457c46070d02cadd8a68551231220dd,178,0.0618,20.17,14.6,12,maringa,PR,Low,Maintain — on-time seller,279
f46490624488d3ff7ce78613913a7711,80,0.1125,21.17,10.2,14,guarulhos,SP,Medium,Review — rising late rate,97
f4a04f7be452aa3bb31760bf00055dd0,18,0.0,13.44,9.1,7,santo andre,SP,Low volume,Watch — below volume gate,0
f4aba7c0bca51484c30ab7bdc34bcdd1,108,0.0556,14.23,11.1,17,sao paulo,SP,Low,Maintain — on-time seller,306
f4c4daa86e30c7e5a553a8d518ac03a5,18,0.0556,18.9,16.6,7,cascavel,PR,Low volume,Watch — below volume gate,0
f4ce8ca9fa7157e3b33f536ac9a4487d,4,0.0,24.38,6.8,2,penapolis,SP,Low volume,Watch — below volume gate,0
f4db9b37944bcb8873e6b456ee190bbf,21,0.0952,23.82,13.1,10,itaquaquecetuba,SP,Low volume,Watch — below volume gate,0
f524ad65d7e0f1daab730ef2d2e86196,1,1.0,31.5,25.0,1,soledade,RS,Low volume,Watch — below volume gate,0
f52c2422904463fdd7741f99045fecb6,12,0.0,14.75,5.6,5,santo andre/sao paulo,SP,Low volume,Watch — below volume gate,0
f593898ec748b7a8cb81fc04edafd98a,19,0.1579,36.73,16.6,10,pedreira,SP,Low volume,Watch — below volume gate,0
f5a590cf36251cf1162ea35bef76fe84,113,0.0708,36.59,11.7,19,sao bernardo do campo,SP,Low,Maintain — on-time seller,238
f5b44895715ddfe3087dc414f30268f3,19,0.0,14.51,12.4,7,sorocaba,SP,Low volume,Watch — below volume gate,0
f5b84683a9bf9e1df748cf40f601b39c,1,0.0,9.07,7.0,1,sao paulo,SP,Low volume,Watch — below volume gate,0
f5f1f2c5f923f36ad79ea1d07185ddc9,10,0.1,17.37,13.2,4,taruma,SP,Low volume,Watch — below volume gate,0
f5f2ab9bdb6b30c14c61be68c5ed37da,18,0.0556,18.88,13.4,12,porto ferreira,SP,Low volume,Watch — below volume gate,0
f5f46307a4d15880ca14fab4ad9dfc9b,9,0.1111,25.71,13.3,3,rio do sul,SC,Low volume,Watch — below volume gate,0
f5fea3ffed6c2e889bab72705557c63a,1,1.0,123.8,29.0,1,rio de janeiro,RJ,Low volume,Watch — below volume gate,0
f6122bc84774df1b372bdb3bb88ddb9f,3,0.3333,24.83,15.3,2,barueri,SP,Low volume,Watch — below volume gate,0
f615fe7efbef0f4f08fd3086bc7a3e60,21,0.0952,18.45,7.5,5,atibaia,SP,Low volume,Watch — below volume gate,0
f61c63d13f7cd800549d5acdd390ae72,26,0.0769,16.52,11.7,7,pilar do sul,SP,Low volume,Watch — below volume gate,0
f626e15b7314c267e4429010866f70e9,5,0.0,25.09,9.8,2,marechal candido rondon,SP,Low volume,Watch — below volume gate,0
f62d7bb4a613ec758a03342d46b580b2,32,0.0938,66.42,13.9,14,vicosa,MG,Low,Maintain — on-time seller,149
f63d8f293af3a6454377546bd9dd19ff,17,0.0588,29.13,16.1,7,votorantim,SP,Low volume,Watch — below volume gate,0
f650a9708fa1bab22bdd8d3a818cc415,4,0.0,17.86,15.5,4,ararangua,SC,Low volume,Watch — below volume gate,0
f664f98bfda2eaf266a23ff144e7a872,1,0.0,7.78,3.0,1,sao paulo,SP,Low volume,Watch — below volume gate,0
f67efa3f0b6761102a7f8c6b7b571f5d,30,0.0,27.66,10.1,9,curitiba,PR,Low,Maintain — on-time seller,621
f680f85bee2d253556ac91be391d2c82,45,0.0222,19.85,9.6,9,carapicuiba,SP,Low,Maintain — on-time seller,524
f682e0f848abafc6f41e0d4e868c66ef,2,0.5,17.01,19.5,2,mairipora,SP,Low volume,Watch — below volume gate,0
f7315bb81aea4ddca2d39e249a801c98,2,0.0,25.14,10.0,2,guarulhos,SP,Low volume,Watch — below volume gate,0
f7496d659ca9fdaf323c0aae84176632,24,0.0417,31.7,12.6,9,sao paulo,SP,Low volume,Watch — below volume gate,0
f76a3b1349b6df1ee875d1f3fa4340f0,23,0.3043,23.44,17.2,7,sao paulo,SP,Low volume,Watch — below volume gate,0
f7720c4fa8e3aba4546301ab80ea1f1b,59,0.0508,23.07,10.9,12,curitiba,PR,Low,Maintain — on-time seller,338
f783a638e9c6af4a7d0dbfde811e7a81,5,0.2,30.62,17.8,4,sao paulo,SP,Low volume,Watch — below volume gate,0
f789d2c4f2c2eb38fc4373e7a4b35264,41,0.0488,20.73,11.0,13,juiz de fora,MG,Low,Maintain — on-time seller,353
f7ba60f8c3f99e7ee4042fdef03b70c4,216,0.1389,20.7,13.4,21,sao bernardo do campo,SP,Medium,Review — rising late rate,52
f7c31656c19db6275a8acadca289f426,1,0.0,16.19,13.0,1,ibitinga,SP,Low volume,Watch — below volume gate,0
f7ccf836d21b2fb1de37564105216cc1,68,0.0735,16.46,11.2,8,ibitinga,SP,Low,Maintain — on-time seller,224
f805b96fa705ba7995a221f1749dc141,7,0.0,34.63,12.7,5,maringa,PR,Low volume,Watch — below volume gate,0
f80edd2c5aaa505cc4b0a3b219abf4b8,113,0.0531,25.84,12.2,17,sao paulo,SP,Low,Maintain — on-time seller,321
f8201cab383e484733266d1906e2fdfa,10,0.1,25.58,13.0,7,palhoca,SC,Low volume,Watch — below volume gate,0
f84a00e60c73a49e7e851c9bdca3a5bb,87,0.1034,22.2,11.8,12,rio de janeiro,RJ,Medium,Review — rising late rate,119
f84fa566034f5e8e880a07ec624c56af,89,0.1011,13.6,11.8,14,indaiatuba,SP,Medium,Review — rising late rate,122
f88adb15807168d3c43d71021090ce4a,3,0.0,17.42,6.3,2,porto ferreira,SP,Low volume,Watch — below volume gate,0
f8d5c7085db9a4ad2b8c1ffbeb2798c8,6,0.0,16.74,12.7,5,sao paulo,SP,Low volume,Watch — below volume gate,0
f8db351d8c4c4c22c6835c19a46f01b0,652,0.0429,19.12,9.9,22,salto,SP,Low,Maintain — on-time seller,385
f8e2c1b59cd4225a3e4fd0d013a76b93,2,0.0,22.32,9.5,2,ribeirao preto,SP,Low volume,Watch — below volume gate,0
f8f35af4634605e6693c17cc3ffff5a8,1,0.0,16.39,10.0,1,campanha,MG,Low volume,Watch — below volume gate,0
f90f77ef2799a27f80d90c425ca944f7,1,0.0,19.46,7.0,1,londrina,PR,Low volume,Watch — below volume gate,0
f918546be4bec7104d117789ba758b2b,20,0.15,17.36,12.4,7,sao paulo,SP,Low volume,Watch — below volume gate,0
f9244d45189d3a3605499abddeade7d5,20,0.0,41.04,15.2,10,sao paulo,SP,Low volume,Watch — below volume gate,0
f92d8c817434bd2d84d4e9c61322b7fa,5,0.0,10.15,8.4,1,sorocaba,SP,Low volume,Watch — below volume gate,0
f97e2b0650c2068227e1d366140eb62f,16,0.0625,63.25,14.8,6,santo antonio de posse,SP,Low volume,Watch — below volume gate,0
f9903dd0f812c7e771fcad47b6fff231,8,0.0,43.05,15.4,5,blumenau,SC,Low volume,Watch — below volume gate,0
f9bbdd976532d50b7816d285a22bd01e,1,0.0,15.37,15.0,1,sao paulo,SP,Low volume,Watch — below volume gate,0
f9d010e39375d9c91dce3f40b73a2f84,4,0.25,34.53,17.2,3,lorena,SP,Low volume,Watch — below volume gate,0
f9ec7093df3a7b346b7bcf7864069ca3,8,0.0,12.24,4.1,4,sao paulo,SP,Low volume,Watch — below volume gate,0
f9eedec3129e8cc6b6429c42d0808c5b,2,0.0,21.68,6.5,2,"rio de janeiro, rio de janeiro, brasil",RJ,Low volume,Watch — below volume gate,0
f9f68daa2af419d38f745478bcb3da1a,1,0.0,18.0,12.0,1,sumare,SP,Low volume,Watch — below volume gate,0
fa14641f57b655e933124a9ea49cd7a5,7,0.0,11.87,7.0,3,sao paulo,SP,Low volume,Watch — below volume gate,0
fa1a9dec3a9940c072684a46728bf1fc,53,0.0,23.48,14.4,11,icara,SC,Low,Maintain — on-time seller,590
fa1c13f2614d7b5c4749cbc52fecda94,571,0.0928,17.28,13.3,24,sumare,SP,Low,Maintain — on-time seller,151
fa3a0b5aabb344b9a92e3524b0202123,7,0.1429,23.49,11.6,4,sao jose dos pinhais,SP,Low volume,Watch — below volume gate,0
fa40cc5b934574b62717c68f3d678b6d,302,0.053,15.06,11.3,23,sao paulo,SP,Low,Maintain — on-time seller,322
fa5fdc4e4bb6bd1009ad0e4ac4096562,1,0.0,32.86,7.0,1,santo andre,SP,Low volume,Watch — below volume gate,0
fa74b2f3287d296e9fbd2cc80f2d1cf1,5,0.4,15.24,30.2,3,presidente prudente,SP,Low volume,Watch — below volume gate,0
fa8d335d68129e464e60c1826a683e96,1,0.0,34.78,22.0,1,tres coroas,RS,Low volume,Watch — below volume gate,0
fac1a9017ade7bdc94058fc1c969f355,9,0.0,23.56,7.6,3,sao paulo,SP,Low volume,Watch — below volume gate,0
fac35d150712afb921ec59ac5f39bb11,5,0.0,20.93,10.0,2,bonfinopolis de minas,MG,Low volume,Watch — below volume gate,0
fad44952713764836814be105382aee5,31,0.0,16.37,11.0,9,rio de janeiro,RJ,Low,Maintain — on-time seller,619
fadb07c842a2aef5d5a676b85f220e71,7,0.0,24.52,6.6,5,sao jose do rio preto,SP,Low volume,Watch — below volume gate,0
fb3cfbc8a86f5d7fbb4d36b8df63f60d,10,0.0,25.2,7.5,3,rio de janeiro,RJ,Low volume,Watch — below volume gate,0
fb503a924a0b9db19d83dd0ac6dbef8c,1,0.0,17.92,6.0,1,pelotas,RS,Low volume,Watch — below volume gate,0
fb8904a8ea99f8831b64ce27db2c1765,2,0.0,12.18,11.5,1,sao caetano do sul,SP,Low volume,Watch — below volume gate,0
fb89df7f89fd1b8f03fa2acca1ba7364,22,0.0909,21.25,16.1,8,foz do iguacu,PR,Low volume,Watch — below volume gate,0
fbc14c0cf93505ef89f64665ffa4a7b5,18,0.0556,33.79,11.9,9,serrana,SP,Low volume,Watch — below volume gate,0
fc0b214b59a83615fea981c6424a02ae,1,0.0,12.14,4.0,1,maua,SP,Low volume,Watch — below volume gate,0
fc38b5dceee1a730fad8853453437fbd,5,0.0,11.76,7.8,2,campinas,SP,Low volume,Watch — below volume gate,0
fc4751cfe3b279c419615b9b00c1abb4,1,0.0,17.35,8.0,1,londrina,PR,Low volume,Watch — below volume gate,0
fc59392d66ef99377e50356ee4f3b4e1,5,0.0,17.39,7.6,3,salvador,BA,Low volume,Watch — below volume gate,0
fc5a0d7a310a7a41abf86a458585ff2b,1,0.0,19.07,14.0,1,sao paulo,SP,Low volume,Watch — below volume gate,0
fc6295add6f51a0936407ead70c1001d,1,0.0,70.52,14.0,1,sao paulo,SP,Low volume,Watch — below volume gate,0
fc906263ca5083d09dce42fe02247800,112,0.0,16.74,9.4,17,belo horizonte,MG,Low,Maintain — on-time seller,579
fc908879b9ca1bd65419e54e50432d38,4,0.0,13.17,8.5,2,sao paulo,SP,Low volume,Watch — below volume gate,0
fcb5ace8bcc92f75707dc0f01a27d269,58,0.0345,15.28,10.6,12,guarulhos,SP,Low,Maintain — on-time seller,439
fcba71d4d5db057f43249145e4eb1e27,3,0.0,17.91,18.7,3,limeira,SP,Low volume,Watch — below volume gate,0
fcdd820084f17e9982427971e4e9d47f,16,0.125,55.11,12.3,8,ribeirao preto,SP,Low volume,Watch — below volume gate,0
fce62094ffe6a4009188ec44e681dfdd,4,0.25,120.73,13.5,3,sao paulo,SP,Low volume,Watch — below volume gate,0
fcf16b7a8697e559f0123190bb30177d,3,0.6667,166.59,15.7,2,sao paulo,SP,Low volume,Watch — below volume gate,0
fd312b6bf05efac6c3772d5b52205d8a,2,0.0,22.81,6.5,1,votorantim,SP,Low volume,Watch — below volume gate,0
fd386aa7bed2af3c7035c65506c9b4a3,66,0.1061,15.16,8.4,15,sao paulo,SP,Medium,Review — rising late rate,115
fd435faa3c0422b60440ea3480d0e77c,1,0.0,133.87,9.0,1,joao pessoa,PB,Low volume,Watch — below volume gate,0
fdaaf5bfda82b7b80535610c831b8d09,10,0.1,25.94,9.8,4,sao jose do rio preto,SP,Low volume,Watch — below volume gate,0
fdb9095204a334cd8872252ffec6f2db,46,0.0652,26.65,8.7,11,sao paulo,SP,Low,Maintain — on-time seller,264
fde0cc9ea29c8ccfc0a2c22256a58c71,35,0.0286,28.55,8.7,8,curitiba,PR,Low,Maintain — on-time seller,488
fdf736c18c589ed030e058312203e1b2,1,0.0,14.51,5.0,1,pocos de caldas,MG,Low volume,Watch — below volume gate,0
fe19dce63ae80346207c6c55713d1023,1,0.0,21.82,7.0,1,uberaba,MG,Low volume,Watch — below volume gate,0
fe1b067411b8c5066e962aa146ccee03,8,0.0,17.89,8.6,5,presidente prudente,SP,Low volume,Watch — below volume gate,0
fe1bbc5feda5c8979a8a1b3b2512d5a6,9,0.1111,15.28,12.1,4,arinos,MG,Low volume,Watch — below volume gate,0
fe2032dab1a61af8794248c8196565c9,292,0.089,16.25,10.7,23,campinas,SP,Low,Maintain — on-time seller,167
fe26f3ecb51a15e6d8335cd92da42562,7,0.1429,37.51,10.6,3,sao paulo,SP,Low volume,Watch — below volume gate,0
fe49ee029e61e789a1f3a5525f57ba8d,16,0.0625,13.59,10.5,7,osasco,SP,Low volume,Watch — below volume gate,0
fe4cd9461203cee790d36792420b310f,3,0.0,18.13,14.3,3,caratinga,MG,Low volume,Watch — below volume gate,0
fe701d88b67eaca109dffd464d1be9f9,10,0.1,21.9,12.3,9,marica,RJ,Low volume,Watch — below volume gate,0
fe8055980a4ff7f64ed889c2b5926929,3,0.0,17.76,6.3,3,curitiba,PR,Low volume,Watch — below volume gate,0
fe87f472055fbcf1d7e691c00b1560dc,6,0.1667,21.69,6.0,2,campinas,SP,Low volume,Watch — below volume gate,0
fe9d9cf8631285d5982c6e2cf27fb114,1,0.0,23.64,5.0,1,barbacena/ minas gerais,MG,Low volume,Watch — below volume gate,0
feb793c88d836c3a75efa4b5a3465d70,1,0.0,64.17,6.0,1,sao paulo,SP,Low volume,Watch — below volume gate,0
febab0275244b9a49a623f0bd613ca2f,102,0.0392,28.62,8.6,12,pedreira,SP,Low,Maintain — on-time seller,404
fec6275253471ace26d209bbaa64cd0f,9,0.0,39.52,14.0,7,nova friburgo,RJ,Low volume,Watch — below volume gate,0
fec8cd45395b3cb0c2b173d7739706a1,4,0.0,24.24,10.5,1,jambeiro,SP,Low volume,Watch — below volume gate,0
fedaedd3ca31d56ab33e92035e4b361c,1,0.0,10.96,9.0,1,niteroi,RJ,Low volume,Watch — below volume gate,0
fedf2c1386e137f296b3bbf3b635e69d,2,0.0,39.58,10.0,1,sao paulo,SP,Low volume,Watch — below volume gate,0
ff063b022a9a0aab91bad2c9088760b7,93,0.0323,21.5,9.3,14,santo andre,SP,Low,Maintain — on-time seller,453
ff1e15b778c700abdd4d239b81ac466d,7,0.0,16.41,7.4,4,curitiba,PR,Low volume,Watch — below volume gate,0
ff1fb4c404b2efe68b03350a8dc24122,43,0.1395,20.07,10.1,11,mogi das cruzes,SP,Medium,Review — rising late rate,49
ff314fa6033cc68ec451c47aee2d6ba4,2,0.0,16.22,10.5,2,sao paulo,SP,Low volume,Watch — below volume gate,0
ff4e2d38692ce827b1a4f4b8196e680d,11,0.0,13.66,9.1,6,sao paulo,SP,Low volume,Watch — below volume gate,0
ff4ea69c2a729e83e63c7579e4ef8170,8,0.0,19.98,11.6,5,guarulhos,SP,Low volume,Watch — below volume gate,0
ff69aa92bb6b1bf9b8b7a51c2ed9cf8b,20,0.2,87.72,11.5,8,sao paulo,SP,Low volume,Watch — below volume gate,0
ff82e8873fba613f2261a9acc896fd84,4,0.0,14.73,9.5,3,itabira,MG,Low volume,Watch — below volume gate,0
ffa6adafb71b807dc13159e26431354c,17,0.0,30.38,9.7,8,londrina,PR,Low volume,Watch — below volume gate,0
ffad1e7127fb622cb64a900751590acd,10,0.0,20.65,7.6,3,americana,SP,Low volume,Watch — below volume gate,0
ffc470761de7d0232558ba5e786e57b7,27,0.037,15.6,9.6,9,guarulhos,SP,Low volume,Watch — below volume gate,0
ffdd9f82b9a447f6f8d4b91554cc7dd3,18,0.0,40.41,10.4,5,curitiba,PR,Low volume,Watch — below volume gate,0
ffeee66ac5d5a62fe688b9d26f83f534,14,0.1429,29.98,18.0,7,mirassol,SP,Low volume,Watch — below volume gate,0
fffd5413c0700ac820c7069d66d98c89,54,0.1296,47.51,13.6,15,amparo,SP,Medium,Review — rising late rate,62
ffff564a4f9085cd26170f4732393726,8,0.0,14.42,12.8,4,campinas,SP,Low volume,Watch — below volume gate,0
